"Year","Model","BracketID","ChampionID","Champion","WinProb","ActualChampionID","ActualChampion","Correct"
2021,"Ranger",1,1361,"San Diego St",0.736,1124,"Baylor",FALSE
2021,"Ranger",2,1211,"Gonzaga",0.764,1124,"Baylor",FALSE
2021,"Ranger",3,1211,"Gonzaga",0.626,1124,"Baylor",FALSE
2021,"Ranger",4,1211,"Gonzaga",0.636,1124,"Baylor",FALSE
2021,"Ranger",5,1268,"Maryland",0.468,1124,"Baylor",FALSE
2021,"Ranger",6,1104,"Alabama",0.596,1124,"Baylor",FALSE
2021,"Ranger",7,1326,"Ohio St",0.726,1124,"Baylor",FALSE
2021,"Ranger",8,1438,"Virginia",0.472,1124,"Baylor",FALSE
2021,"Ranger",9,1211,"Gonzaga",0.726,1124,"Baylor",FALSE
2021,"Ranger",10,1211,"Gonzaga",0.618,1124,"Baylor",FALSE
2021,"Ranger",11,1276,"Michigan",0.544,1124,"Baylor",FALSE
2021,"Ranger",12,1228,"Illinois",0.196,1124,"Baylor",FALSE
2021,"Ranger",13,1166,"Creighton",0.282,1124,"Baylor",FALSE
2021,"Ranger",14,1228,"Illinois",0.28,1124,"Baylor",FALSE
2021,"Ranger",15,1211,"Gonzaga",0.638,1124,"Baylor",FALSE
2021,"Ranger",16,1211,"Gonzaga",0.626,1124,"Baylor",FALSE
2021,"Ranger",17,1211,"Gonzaga",0.726,1124,"Baylor",FALSE
2021,"Ranger",18,1222,"Houston",0.328,1124,"Baylor",FALSE
2021,"Ranger",19,1211,"Gonzaga",0.59,1124,"Baylor",FALSE
2021,"Ranger",20,1234,"Iowa",0.366,1124,"Baylor",FALSE
2021,"Ranger",21,1260,"Loyola-Chicago",0.618,1124,"Baylor",FALSE
2021,"Ranger",22,1276,"Michigan",0.546,1124,"Baylor",FALSE
2021,"Ranger",23,1361,"San Diego St",0.534,1124,"Baylor",FALSE
2021,"Ranger",24,1104,"Alabama",0.532,1124,"Baylor",FALSE
2021,"Ranger",25,1276,"Michigan",0.532,1124,"Baylor",FALSE
2021,"Ranger",26,1228,"Illinois",0.546,1124,"Baylor",FALSE
2021,"Ranger",27,1166,"Creighton",0.412,1124,"Baylor",FALSE
2021,"Ranger",28,1228,"Illinois",0.546,1124,"Baylor",FALSE
2021,"Ranger",29,1222,"Houston",0.422,1124,"Baylor",FALSE
2021,"Ranger",30,1211,"Gonzaga",0.774,1124,"Baylor",FALSE
2021,"Ranger",31,1260,"Loyola-Chicago",0.382,1124,"Baylor",FALSE
2021,"Ranger",32,1116,"Arkansas",0.418,1124,"Baylor",FALSE
2021,"Ranger",33,1437,"Villanova",0.372,1124,"Baylor",FALSE
2021,"Ranger",34,1124,"Baylor",0.532,1124,"Baylor",TRUE
2021,"Ranger",35,1345,"Purdue",0.448,1124,"Baylor",FALSE
2021,"Ranger",36,1124,"Baylor",0.258,1124,"Baylor",TRUE
2021,"Ranger",37,1124,"Baylor",0.452,1124,"Baylor",TRUE
2021,"Ranger",38,1222,"Houston",0.544,1124,"Baylor",FALSE
2021,"Ranger",39,1234,"Iowa",0.6,1124,"Baylor",FALSE
2021,"Ranger",40,1452,"West Virginia",0.598,1124,"Baylor",FALSE
2021,"Ranger",41,1211,"Gonzaga",0.618,1124,"Baylor",FALSE
2021,"Ranger",42,1222,"Houston",0.544,1124,"Baylor",FALSE
2021,"Ranger",43,1211,"Gonzaga",0.636,1124,"Baylor",FALSE
2021,"Ranger",44,1332,"Oregon",0.664,1124,"Baylor",FALSE
2021,"Ranger",45,1260,"Loyola-Chicago",0.482,1124,"Baylor",FALSE
2021,"Ranger",46,1211,"Gonzaga",0.638,1124,"Baylor",FALSE
2021,"Ranger",47,1228,"Illinois",0.546,1124,"Baylor",FALSE
2021,"Ranger",48,1199,"Florida St",0.328,1124,"Baylor",FALSE
2021,"Ranger",49,1124,"Baylor",0.532,1124,"Baylor",TRUE
2021,"Ranger",50,1228,"Illinois",0.546,1124,"Baylor",FALSE
2021,"Ranger",51,1242,"Kansas",0.588,1124,"Baylor",FALSE
2021,"Ranger",52,1437,"Villanova",0.492,1124,"Baylor",FALSE
2021,"Ranger",53,1211,"Gonzaga",0.792,1124,"Baylor",FALSE
2021,"Ranger",54,1452,"West Virginia",0.598,1124,"Baylor",FALSE
2021,"Ranger",55,1124,"Baylor",0.558,1124,"Baylor",TRUE
2021,"Ranger",56,1242,"Kansas",0.592,1124,"Baylor",FALSE
2021,"Ranger",57,1276,"Michigan",0.546,1124,"Baylor",FALSE
2021,"Ranger",58,1228,"Illinois",0.14,1124,"Baylor",FALSE
2021,"Ranger",59,1276,"Michigan",0.802,1124,"Baylor",FALSE
2021,"Ranger",60,1211,"Gonzaga",0.726,1124,"Baylor",FALSE
2021,"Ranger",61,1228,"Illinois",0.196,1124,"Baylor",FALSE
2021,"Ranger",62,1222,"Houston",0.544,1124,"Baylor",FALSE
2021,"Ranger",63,1211,"Gonzaga",0.726,1124,"Baylor",FALSE
2021,"Ranger",64,1242,"Kansas",0.564,1124,"Baylor",FALSE
2021,"Ranger",65,1437,"Villanova",0.42,1124,"Baylor",FALSE
2021,"Ranger",66,1397,"Tennessee",0.592,1124,"Baylor",FALSE
2021,"Ranger",67,1211,"Gonzaga",0.626,1124,"Baylor",FALSE
2021,"Ranger",68,1425,"USC",0.42,1124,"Baylor",FALSE
2021,"Ranger",69,1332,"Oregon",0.602,1124,"Baylor",FALSE
2021,"Ranger",70,1211,"Gonzaga",0.716,1124,"Baylor",FALSE
2021,"Ranger",71,1211,"Gonzaga",0.716,1124,"Baylor",FALSE
2021,"Ranger",72,1437,"Villanova",0.716,1124,"Baylor",FALSE
2021,"Ranger",73,1222,"Houston",0.544,1124,"Baylor",FALSE
2021,"Ranger",74,1260,"Loyola-Chicago",0.596,1124,"Baylor",FALSE
2021,"Ranger",75,1211,"Gonzaga",0.636,1124,"Baylor",FALSE
2021,"Ranger",76,1326,"Ohio St",0.726,1124,"Baylor",FALSE
2021,"Ranger",77,1211,"Gonzaga",0.676,1124,"Baylor",FALSE
2021,"Ranger",78,1276,"Michigan",0.546,1124,"Baylor",FALSE
2021,"Ranger",79,1234,"Iowa",0.422,1124,"Baylor",FALSE
2021,"Ranger",80,1124,"Baylor",0.366,1124,"Baylor",TRUE
2021,"Ranger",81,1104,"Alabama",0.552,1124,"Baylor",FALSE
2021,"Ranger",82,1228,"Illinois",0.564,1124,"Baylor",FALSE
2021,"Ranger",83,1211,"Gonzaga",0.736,1124,"Baylor",FALSE
2021,"Ranger",84,1211,"Gonzaga",0.626,1124,"Baylor",FALSE
2021,"Ranger",85,1276,"Michigan",0.546,1124,"Baylor",FALSE
2021,"Ranger",86,1345,"Purdue",0.478,1124,"Baylor",FALSE
2021,"Ranger",87,1326,"Ohio St",0.356,1124,"Baylor",FALSE
2021,"Ranger",88,1228,"Illinois",0.386,1124,"Baylor",FALSE
2021,"Ranger",89,1228,"Illinois",0.28,1124,"Baylor",FALSE
2021,"Ranger",90,1328,"Oklahoma",0.302,1124,"Baylor",FALSE
2021,"Ranger",91,1211,"Gonzaga",0.81,1124,"Baylor",FALSE
2021,"Ranger",92,1276,"Michigan",0.736,1124,"Baylor",FALSE
2021,"Ranger",93,1124,"Baylor",0.626,1124,"Baylor",TRUE
2021,"Ranger",94,1124,"Baylor",0.316,1124,"Baylor",TRUE
2021,"Ranger",95,1211,"Gonzaga",0.59,1124,"Baylor",FALSE
2021,"Ranger",96,1458,"Wisconsin",0.634,1124,"Baylor",FALSE
2021,"Ranger",97,1234,"Iowa",0.53,1124,"Baylor",FALSE
2021,"Ranger",98,1166,"Creighton",0.456,1124,"Baylor",FALSE
2021,"Ranger",99,1228,"Illinois",0.366,1124,"Baylor",FALSE
2021,"Ranger",100,1276,"Michigan",0.574,1124,"Baylor",FALSE
2021,"Logistic",1,1211,"Gonzaga",0.724567475018662,1124,"Baylor",FALSE
2021,"Logistic",2,1222,"Houston",0.516850600797132,1124,"Baylor",FALSE
2021,"Logistic",3,1222,"Houston",0.724567475018662,1124,"Baylor",FALSE
2021,"Logistic",4,1211,"Gonzaga",0.724567475018662,1124,"Baylor",FALSE
2021,"Logistic",5,1211,"Gonzaga",0.801993423623676,1124,"Baylor",FALSE
2021,"Logistic",6,1234,"Iowa",0.58207899625065,1124,"Baylor",FALSE
2021,"Logistic",7,1276,"Michigan",0.622223333034286,1124,"Baylor",FALSE
2021,"Logistic",8,1211,"Gonzaga",0.724567475018662,1124,"Baylor",FALSE
2021,"Logistic",9,1234,"Iowa",0.614943822980995,1124,"Baylor",FALSE
2021,"Logistic",10,1211,"Gonzaga",0.80587323999099,1124,"Baylor",FALSE
2021,"Logistic",11,1276,"Michigan",0.680629712750215,1124,"Baylor",FALSE
2021,"Logistic",12,1458,"Wisconsin",0.430461846146566,1124,"Baylor",FALSE
2021,"Logistic",13,1222,"Houston",0.516850600797132,1124,"Baylor",FALSE
2021,"Logistic",14,1452,"West Virginia",0.865344178640786,1124,"Baylor",FALSE
2021,"Logistic",15,1211,"Gonzaga",0.647275806297113,1124,"Baylor",FALSE
2021,"Logistic",16,1211,"Gonzaga",0.839818785788372,1124,"Baylor",FALSE
2021,"Logistic",17,1211,"Gonzaga",0.832567904254456,1124,"Baylor",FALSE
2021,"Logistic",18,1124,"Baylor",0.157381103754911,1124,"Baylor",TRUE
2021,"Logistic",19,1228,"Illinois",0.522363354683881,1124,"Baylor",FALSE
2021,"Logistic",20,1124,"Baylor",0.427338533885005,1124,"Baylor",TRUE
2021,"Logistic",21,1222,"Houston",0.724567475018662,1124,"Baylor",FALSE
2021,"Logistic",22,1276,"Michigan",0.680718587599439,1124,"Baylor",FALSE
2021,"Logistic",23,1326,"Ohio St",0.422955144183017,1124,"Baylor",FALSE
2021,"Logistic",24,1222,"Houston",0.724567475018662,1124,"Baylor",FALSE
2021,"Logistic",25,1211,"Gonzaga",0.728953077411872,1124,"Baylor",FALSE
2021,"Logistic",26,1211,"Gonzaga",0.724567475018662,1124,"Baylor",FALSE
2021,"Logistic",27,1222,"Houston",0.416033416680215,1124,"Baylor",FALSE
2021,"Logistic",28,1452,"West Virginia",0.49002060559107,1124,"Baylor",FALSE
2021,"Logistic",29,1211,"Gonzaga",0.839818785788372,1124,"Baylor",FALSE
2021,"Logistic",30,1211,"Gonzaga",0.906888506103558,1124,"Baylor",FALSE
2021,"Logistic",31,1211,"Gonzaga",0.647275806297113,1124,"Baylor",FALSE
2021,"Logistic",32,1234,"Iowa",0.614943822980995,1124,"Baylor",FALSE
2021,"Logistic",33,1397,"Tennessee",0.565374826141862,1124,"Baylor",FALSE
2021,"Logistic",34,1276,"Michigan",0.664977182068711,1124,"Baylor",FALSE
2021,"Logistic",35,1211,"Gonzaga",0.724567475018662,1124,"Baylor",FALSE
2021,"Logistic",36,1397,"Tennessee",0.523105975445866,1124,"Baylor",FALSE
2021,"Logistic",37,1276,"Michigan",0.427338533885005,1124,"Baylor",FALSE
2021,"Logistic",38,1124,"Baylor",0.331984226779795,1124,"Baylor",TRUE
2021,"Logistic",39,1211,"Gonzaga",0.821258279087683,1124,"Baylor",FALSE
2021,"Logistic",40,1276,"Michigan",0.427338533885005,1124,"Baylor",FALSE
2021,"Logistic",41,1228,"Illinois",0.728953077411872,1124,"Baylor",FALSE
2021,"Logistic",42,1124,"Baylor",0.331984226779795,1124,"Baylor",TRUE
2021,"Logistic",43,1116,"Arkansas",0.4815471181354,1124,"Baylor",FALSE
2021,"Logistic",44,1211,"Gonzaga",0.728953077411872,1124,"Baylor",FALSE
2021,"Logistic",45,1211,"Gonzaga",0.812617566910659,1124,"Baylor",FALSE
2021,"Logistic",46,1437,"Villanova",0.5401132535451,1124,"Baylor",FALSE
2021,"Logistic",47,1228,"Illinois",0.522363354683881,1124,"Baylor",FALSE
2021,"Logistic",48,1234,"Iowa",0.571413340091687,1124,"Baylor",FALSE
2021,"Logistic",49,1228,"Illinois",0.421408757562102,1124,"Baylor",FALSE
2021,"Logistic",50,1397,"Tennessee",0.291909023439567,1124,"Baylor",FALSE
2021,"Logistic",51,1397,"Tennessee",0.801993423623676,1124,"Baylor",FALSE
2021,"Logistic",52,1211,"Gonzaga",0.829962053837193,1124,"Baylor",FALSE
2021,"Logistic",53,1222,"Houston",0.724567475018662,1124,"Baylor",FALSE
2021,"Logistic",54,1211,"Gonzaga",0.647275806297113,1124,"Baylor",FALSE
2021,"Logistic",55,1222,"Houston",0.516850600797132,1124,"Baylor",FALSE
2021,"Logistic",56,1228,"Illinois",0.728953077411872,1124,"Baylor",FALSE
2021,"Logistic",57,1211,"Gonzaga",0.801993423623676,1124,"Baylor",FALSE
2021,"Logistic",58,1222,"Houston",0.516850600797132,1124,"Baylor",FALSE
2021,"Logistic",59,1222,"Houston",0.328807517224304,1124,"Baylor",FALSE
2021,"Logistic",60,1222,"Houston",0.269741275743984,1124,"Baylor",FALSE
2021,"Logistic",61,1222,"Houston",0.516850600797132,1124,"Baylor",FALSE
2021,"Logistic",62,1211,"Gonzaga",0.647275806297113,1124,"Baylor",FALSE
2021,"Logistic",63,1329,"Oklahoma St",0.575184772868612,1124,"Baylor",FALSE
2021,"Logistic",64,1211,"Gonzaga",0.812617566910659,1124,"Baylor",FALSE
2021,"Logistic",65,1211,"Gonzaga",0.728953077411872,1124,"Baylor",FALSE
2021,"Logistic",66,1222,"Houston",0.457958741979772,1124,"Baylor",FALSE
2021,"Logistic",67,1211,"Gonzaga",0.728953077411872,1124,"Baylor",FALSE
2021,"Logistic",68,1211,"Gonzaga",0.728953077411872,1124,"Baylor",FALSE
2021,"Logistic",69,1276,"Michigan",0.427338533885005,1124,"Baylor",FALSE
2021,"Logistic",70,1211,"Gonzaga",0.839818785788372,1124,"Baylor",FALSE
2021,"Logistic",71,1211,"Gonzaga",0.829962053837193,1124,"Baylor",FALSE
2021,"Logistic",72,1211,"Gonzaga",0.724567475018662,1124,"Baylor",FALSE
2021,"Logistic",73,1260,"Loyola-Chicago",0.360653529274865,1124,"Baylor",FALSE
2021,"Logistic",74,1326,"Ohio St",0.424021184784726,1124,"Baylor",FALSE
2021,"Logistic",75,1222,"Houston",0.457958741979772,1124,"Baylor",FALSE
2021,"Logistic",76,1211,"Gonzaga",0.829962053837193,1124,"Baylor",FALSE
2021,"Logistic",77,1211,"Gonzaga",0.647275806297113,1124,"Baylor",FALSE
2021,"Logistic",78,1124,"Baylor",0.207869584280044,1124,"Baylor",TRUE
2021,"Logistic",79,1211,"Gonzaga",0.839818785788372,1124,"Baylor",FALSE
2021,"Logistic",80,1116,"Arkansas",0.664977182068711,1124,"Baylor",FALSE
2021,"Logistic",81,1124,"Baylor",0.647275806297113,1124,"Baylor",TRUE
2021,"Logistic",82,1276,"Michigan",0.427338533885005,1124,"Baylor",FALSE
2021,"Logistic",83,1211,"Gonzaga",0.839818785788372,1124,"Baylor",FALSE
2021,"Logistic",84,1228,"Illinois",0.728953077411872,1124,"Baylor",FALSE
2021,"Logistic",85,1211,"Gonzaga",0.724567475018662,1124,"Baylor",FALSE
2021,"Logistic",86,1211,"Gonzaga",0.724567475018662,1124,"Baylor",FALSE
2021,"Logistic",87,1211,"Gonzaga",0.724567475018662,1124,"Baylor",FALSE
2021,"Logistic",88,1234,"Iowa",0.70096151727743,1124,"Baylor",FALSE
2021,"Logistic",89,1124,"Baylor",0.177191865372722,1124,"Baylor",TRUE
2021,"Logistic",90,1228,"Illinois",0.522363354683881,1124,"Baylor",FALSE
2021,"Logistic",91,1211,"Gonzaga",0.724567475018662,1124,"Baylor",FALSE
2021,"Logistic",92,1276,"Michigan",0.516850600797132,1124,"Baylor",FALSE
2021,"Logistic",93,1276,"Michigan",0.622223333034286,1124,"Baylor",FALSE
2021,"Logistic",94,1211,"Gonzaga",0.839818785788372,1124,"Baylor",FALSE
2021,"Logistic",95,1276,"Michigan",0.516850600797132,1124,"Baylor",FALSE
2021,"Logistic",96,1211,"Gonzaga",0.829962053837193,1124,"Baylor",FALSE
2021,"Logistic",97,1211,"Gonzaga",0.839818785788372,1124,"Baylor",FALSE
2021,"Logistic",98,1211,"Gonzaga",0.899070664934144,1124,"Baylor",FALSE
2021,"Logistic",99,1276,"Michigan",0.427338533885005,1124,"Baylor",FALSE
2021,"Logistic",100,1124,"Baylor",0.647275806297113,1124,"Baylor",TRUE
2021,"XGBoost",1,1211,"Gonzaga",0.426784247159958,1124,"Baylor",FALSE
2021,"XGBoost",2,1222,"Houston",0.426784247159958,1124,"Baylor",FALSE
2021,"XGBoost",3,1437,"Villanova",0.890952825546265,1124,"Baylor",FALSE
2021,"XGBoost",4,1211,"Gonzaga",0.426784247159958,1124,"Baylor",FALSE
2021,"XGBoost",5,1211,"Gonzaga",0.833496332168579,1124,"Baylor",FALSE
2021,"XGBoost",6,1234,"Iowa",0.321501702070236,1124,"Baylor",FALSE
2021,"XGBoost",7,1211,"Gonzaga",0.953898906707764,1124,"Baylor",FALSE
2021,"XGBoost",8,1211,"Gonzaga",0.426784247159958,1124,"Baylor",FALSE
2021,"XGBoost",9,1211,"Gonzaga",0.960532963275909,1124,"Baylor",FALSE
2021,"XGBoost",10,1211,"Gonzaga",0.728261470794678,1124,"Baylor",FALSE
2021,"XGBoost",11,1276,"Michigan",0.976888597011566,1124,"Baylor",FALSE
2021,"XGBoost",12,1276,"Michigan",0.871900141239166,1124,"Baylor",FALSE
2021,"XGBoost",13,1222,"Houston",0.426784247159958,1124,"Baylor",FALSE
2021,"XGBoost",14,1222,"Houston",0.426784247159958,1124,"Baylor",FALSE
2021,"XGBoost",15,1211,"Gonzaga",0.426784247159958,1124,"Baylor",FALSE
2021,"XGBoost",16,1211,"Gonzaga",0.994102299213409,1124,"Baylor",FALSE
2021,"XGBoost",17,1211,"Gonzaga",0.97491180896759,1124,"Baylor",FALSE
2021,"XGBoost",18,1124,"Baylor",0.109817877411842,1124,"Baylor",TRUE
2021,"XGBoost",19,1228,"Illinois",0.335021734237671,1124,"Baylor",FALSE
2021,"XGBoost",20,1124,"Baylor",0.109817877411842,1124,"Baylor",TRUE
2021,"XGBoost",21,1222,"Houston",0.426784247159958,1124,"Baylor",FALSE
2021,"XGBoost",22,1211,"Gonzaga",0.949663579463959,1124,"Baylor",FALSE
2021,"XGBoost",23,1124,"Baylor",0.108156204223633,1124,"Baylor",TRUE
2021,"XGBoost",24,1222,"Houston",0.426784247159958,1124,"Baylor",FALSE
2021,"XGBoost",25,1276,"Michigan",0.871900141239166,1124,"Baylor",FALSE
2021,"XGBoost",26,1211,"Gonzaga",0.426784247159958,1124,"Baylor",FALSE
2021,"XGBoost",27,1222,"Houston",0.426784247159958,1124,"Baylor",FALSE
2021,"XGBoost",28,1276,"Michigan",0.976888597011566,1124,"Baylor",FALSE
2021,"XGBoost",29,1211,"Gonzaga",0.987854897975922,1124,"Baylor",FALSE
2021,"XGBoost",30,1211,"Gonzaga",0.833496332168579,1124,"Baylor",FALSE
2021,"XGBoost",31,1124,"Baylor",0.109817877411842,1124,"Baylor",TRUE
2021,"XGBoost",32,1211,"Gonzaga",0.515067756175995,1124,"Baylor",FALSE
2021,"XGBoost",33,1211,"Gonzaga",0.97491180896759,1124,"Baylor",FALSE
2021,"XGBoost",34,1211,"Gonzaga",0.994102299213409,1124,"Baylor",FALSE
2021,"XGBoost",35,1211,"Gonzaga",0.426784247159958,1124,"Baylor",FALSE
2021,"XGBoost",36,1228,"Illinois",0.552659392356873,1124,"Baylor",FALSE
2021,"XGBoost",37,1211,"Gonzaga",0.426784247159958,1124,"Baylor",FALSE
2021,"XGBoost",38,1163,"Connecticut",0.715470314025879,1124,"Baylor",FALSE
2021,"XGBoost",39,1124,"Baylor",0.109817877411842,1124,"Baylor",TRUE
2021,"XGBoost",40,1124,"Baylor",0.109817877411842,1124,"Baylor",TRUE
2021,"XGBoost",41,1228,"Illinois",0.833496332168579,1124,"Baylor",FALSE
2021,"XGBoost",42,1124,"Baylor",0.109817877411842,1124,"Baylor",TRUE
2021,"XGBoost",43,1211,"Gonzaga",0.994102299213409,1124,"Baylor",FALSE
2021,"XGBoost",44,1211,"Gonzaga",0.833496332168579,1124,"Baylor",FALSE
2021,"XGBoost",45,1211,"Gonzaga",0.890952825546265,1124,"Baylor",FALSE
2021,"XGBoost",46,1211,"Gonzaga",0.890952825546265,1124,"Baylor",FALSE
2021,"XGBoost",47,1228,"Illinois",0.833496332168579,1124,"Baylor",FALSE
2021,"XGBoost",48,1211,"Gonzaga",0.426784247159958,1124,"Baylor",FALSE
2021,"XGBoost",49,1222,"Houston",0.871900141239166,1124,"Baylor",FALSE
2021,"XGBoost",50,1211,"Gonzaga",0.953898906707764,1124,"Baylor",FALSE
2021,"XGBoost",51,1397,"Tennessee",0.953898906707764,1124,"Baylor",FALSE
2021,"XGBoost",52,1211,"Gonzaga",0.960532963275909,1124,"Baylor",FALSE
2021,"XGBoost",53,1222,"Houston",0.426784247159958,1124,"Baylor",FALSE
2021,"XGBoost",54,1211,"Gonzaga",0.426784247159958,1124,"Baylor",FALSE
2021,"XGBoost",55,1222,"Houston",0.426784247159958,1124,"Baylor",FALSE
2021,"XGBoost",56,1211,"Gonzaga",0.833496332168579,1124,"Baylor",FALSE
2021,"XGBoost",57,1211,"Gonzaga",0.953898906707764,1124,"Baylor",FALSE
2021,"XGBoost",58,1222,"Houston",0.426784247159958,1124,"Baylor",FALSE
2021,"XGBoost",59,1222,"Houston",0.372416794300079,1124,"Baylor",FALSE
2021,"XGBoost",60,1222,"Houston",0.28195858001709,1124,"Baylor",FALSE
2021,"XGBoost",61,1276,"Michigan",0.871900141239166,1124,"Baylor",FALSE
2021,"XGBoost",62,1211,"Gonzaga",0.994102299213409,1124,"Baylor",FALSE
2021,"XGBoost",63,1345,"Purdue",0.0834405869245529,1124,"Baylor",FALSE
2021,"XGBoost",64,1211,"Gonzaga",0.994102299213409,1124,"Baylor",FALSE
2021,"XGBoost",65,1211,"Gonzaga",0.833496332168579,1124,"Baylor",FALSE
2021,"XGBoost",66,1276,"Michigan",0.871900141239166,1124,"Baylor",FALSE
2021,"XGBoost",67,1222,"Houston",0.426784247159958,1124,"Baylor",FALSE
2021,"XGBoost",68,1211,"Gonzaga",0.833496332168579,1124,"Baylor",FALSE
2021,"XGBoost",69,1276,"Michigan",0.335021734237671,1124,"Baylor",FALSE
2021,"XGBoost",70,1211,"Gonzaga",0.890952825546265,1124,"Baylor",FALSE
2021,"XGBoost",71,1211,"Gonzaga",0.728261470794678,1124,"Baylor",FALSE
2021,"XGBoost",72,1222,"Houston",0.426784247159958,1124,"Baylor",FALSE
2021,"XGBoost",73,1211,"Gonzaga",0.97491180896759,1124,"Baylor",FALSE
2021,"XGBoost",74,1211,"Gonzaga",0.890952825546265,1124,"Baylor",FALSE
2021,"XGBoost",75,1222,"Houston",0.426784247159958,1124,"Baylor",FALSE
2021,"XGBoost",76,1211,"Gonzaga",0.833496332168579,1124,"Baylor",FALSE
2021,"XGBoost",77,1124,"Baylor",0.109817877411842,1124,"Baylor",TRUE
2021,"XGBoost",78,1222,"Houston",0.426784247159958,1124,"Baylor",FALSE
2021,"XGBoost",79,1211,"Gonzaga",0.994102299213409,1124,"Baylor",FALSE
2021,"XGBoost",80,1222,"Houston",0.871900141239166,1124,"Baylor",FALSE
2021,"XGBoost",81,1211,"Gonzaga",0.890952825546265,1124,"Baylor",FALSE
2021,"XGBoost",82,1211,"Gonzaga",0.109817877411842,1124,"Baylor",FALSE
2021,"XGBoost",83,1458,"Wisconsin",0.515067756175995,1124,"Baylor",FALSE
2021,"XGBoost",84,1211,"Gonzaga",0.833496332168579,1124,"Baylor",FALSE
2021,"XGBoost",85,1211,"Gonzaga",0.426784247159958,1124,"Baylor",FALSE
2021,"XGBoost",86,1211,"Gonzaga",0.728261470794678,1124,"Baylor",FALSE
2021,"XGBoost",87,1211,"Gonzaga",0.890952825546265,1124,"Baylor",FALSE
2021,"XGBoost",88,1222,"Houston",0.426784247159958,1124,"Baylor",FALSE
2021,"XGBoost",89,1397,"Tennessee",0.624065816402435,1124,"Baylor",FALSE
2021,"XGBoost",90,1222,"Houston",0.426784247159958,1124,"Baylor",FALSE
2021,"XGBoost",91,1124,"Baylor",0.109817877411842,1124,"Baylor",TRUE
2021,"XGBoost",92,1211,"Gonzaga",0.426784247159958,1124,"Baylor",FALSE
2021,"XGBoost",93,1276,"Michigan",0.950515270233154,1124,"Baylor",FALSE
2021,"XGBoost",94,1211,"Gonzaga",0.987854897975922,1124,"Baylor",FALSE
2021,"XGBoost",95,1276,"Michigan",0.871900141239166,1124,"Baylor",FALSE
2021,"XGBoost",96,1211,"Gonzaga",0.994102299213409,1124,"Baylor",FALSE
2021,"XGBoost",97,1211,"Gonzaga",0.987854897975922,1124,"Baylor",FALSE
2021,"XGBoost",98,1211,"Gonzaga",0.953898906707764,1124,"Baylor",FALSE
2021,"XGBoost",99,1124,"Baylor",0.108156204223633,1124,"Baylor",TRUE
2021,"XGBoost",100,1393,"Syracuse",0.97491180896759,1124,"Baylor",FALSE
2021,"Consensus",1,1211,"Gonzaga",0.933275933875868,1124,"Baylor",FALSE
2021,"Consensus",2,1228,"Illinois",0.713913017779992,1124,"Baylor",FALSE
2021,"Consensus",3,1124,"Baylor",0.755910239307638,1124,"Baylor",TRUE
2021,"Consensus",4,1211,"Gonzaga",0.933275933875868,1124,"Baylor",FALSE
2021,"Consensus",5,1211,"Gonzaga",0.713913017779992,1124,"Baylor",FALSE
2021,"Consensus",6,1211,"Gonzaga",0.755910239307638,1124,"Baylor",FALSE
2021,"Consensus",7,1276,"Michigan",0.384076519161387,1124,"Baylor",FALSE
2021,"Consensus",8,1211,"Gonzaga",0.713913017779992,1124,"Baylor",FALSE
2021,"Consensus",9,1124,"Baylor",0.384076519161387,1124,"Baylor",TRUE
2021,"Consensus",10,1211,"Gonzaga",0.713913017779992,1124,"Baylor",FALSE
2021,"Consensus",11,1124,"Baylor",0.384076519161387,1124,"Baylor",TRUE
2021,"Consensus",12,1211,"Gonzaga",0.713913017779992,1124,"Baylor",FALSE
2021,"Consensus",13,1211,"Gonzaga",0.713913017779992,1124,"Baylor",FALSE
2021,"Consensus",14,1228,"Illinois",0.713913017779992,1124,"Baylor",FALSE
2021,"Consensus",15,1211,"Gonzaga",0.755910239307638,1124,"Baylor",FALSE
2021,"Consensus",16,1211,"Gonzaga",0.713913017779992,1124,"Baylor",FALSE
2021,"Consensus",17,1124,"Baylor",0.755910239307638,1124,"Baylor",TRUE
2021,"Consensus",18,1211,"Gonzaga",0.755910239307638,1124,"Baylor",FALSE
2021,"Consensus",19,1228,"Illinois",0.334433097388285,1124,"Baylor",FALSE
2021,"Consensus",20,1211,"Gonzaga",0.755910239307638,1124,"Baylor",FALSE
2021,"Consensus",21,1228,"Illinois",0.713913017779992,1124,"Baylor",FALSE
2021,"Consensus",22,1276,"Michigan",0.662953641433672,1124,"Baylor",FALSE
2021,"Consensus",23,1228,"Illinois",0.334433097388285,1124,"Baylor",FALSE
2021,"Consensus",24,1124,"Baylor",0.755910239307638,1124,"Baylor",TRUE
2021,"Consensus",25,1211,"Gonzaga",0.713913017779992,1124,"Baylor",FALSE
2021,"Consensus",26,1211,"Gonzaga",0.713913017779992,1124,"Baylor",FALSE
2021,"Consensus",27,1211,"Gonzaga",0.933275933875868,1124,"Baylor",FALSE
2021,"Consensus",28,1124,"Baylor",0.384076519161387,1124,"Baylor",TRUE
2021,"Consensus",29,1211,"Gonzaga",0.907135646119834,1124,"Baylor",FALSE
2021,"Consensus",30,1211,"Gonzaga",0.713913017779992,1124,"Baylor",FALSE
2021,"Consensus",31,1211,"Gonzaga",0.755910239307638,1124,"Baylor",FALSE
2021,"Consensus",32,1211,"Gonzaga",0.755910239307638,1124,"Baylor",FALSE
2021,"Consensus",33,1228,"Illinois",0.713913017779992,1124,"Baylor",FALSE
2021,"Consensus",34,1211,"Gonzaga",0.713913017779992,1124,"Baylor",FALSE
2021,"Consensus",35,1211,"Gonzaga",0.713913017779992,1124,"Baylor",FALSE
2021,"Consensus",36,1228,"Illinois",0.159070979601647,1124,"Baylor",FALSE
2021,"Consensus",37,1211,"Gonzaga",0.755910239307638,1124,"Baylor",FALSE
2021,"Consensus",38,1228,"Illinois",0.159070979601647,1124,"Baylor",FALSE
2021,"Consensus",39,1211,"Gonzaga",0.907135646119834,1124,"Baylor",FALSE
2021,"Consensus",40,1211,"Gonzaga",0.713913017779992,1124,"Baylor",FALSE
2021,"Consensus",41,1228,"Illinois",0.713913017779992,1124,"Baylor",FALSE
2021,"Consensus",42,1124,"Baylor",0.755910239307638,1124,"Baylor",TRUE
2021,"Consensus",43,1211,"Gonzaga",0.907135646119834,1124,"Baylor",FALSE
2021,"Consensus",44,1211,"Gonzaga",0.713913017779992,1124,"Baylor",FALSE
2021,"Consensus",45,1211,"Gonzaga",0.755910239307638,1124,"Baylor",FALSE
2021,"Consensus",46,1211,"Gonzaga",0.755910239307638,1124,"Baylor",FALSE
2021,"Consensus",47,1228,"Illinois",0.713913017779992,1124,"Baylor",FALSE
2021,"Consensus",48,1211,"Gonzaga",0.713913017779992,1124,"Baylor",FALSE
2021,"Consensus",49,1228,"Illinois",0.713913017779992,1124,"Baylor",FALSE
2021,"Consensus",50,1211,"Gonzaga",0.713913017779992,1124,"Baylor",FALSE
2021,"Consensus",51,1228,"Illinois",0.713913017779992,1124,"Baylor",FALSE
2021,"Consensus",52,1211,"Gonzaga",0.907135646119834,1124,"Baylor",FALSE
2021,"Consensus",53,1124,"Baylor",0.755910239307638,1124,"Baylor",TRUE
2021,"Consensus",54,1211,"Gonzaga",0.713913017779992,1124,"Baylor",FALSE
2021,"Consensus",55,1276,"Michigan",0.737974542398031,1124,"Baylor",FALSE
2021,"Consensus",56,1228,"Illinois",0.713913017779992,1124,"Baylor",FALSE
2021,"Consensus",57,1211,"Gonzaga",0.713913017779992,1124,"Baylor",FALSE
2021,"Consensus",58,1228,"Illinois",0.334433097388285,1124,"Baylor",FALSE
2021,"Consensus",59,1124,"Baylor",0.122207889510418,1124,"Baylor",TRUE
2021,"Consensus",60,1228,"Illinois",0.334433097388285,1124,"Baylor",FALSE
2021,"Consensus",61,1228,"Illinois",0.334433097388285,1124,"Baylor",FALSE
2021,"Consensus",62,1211,"Gonzaga",0.713913017779992,1124,"Baylor",FALSE
2021,"Consensus",63,1228,"Illinois",0.159070979601647,1124,"Baylor",FALSE
2021,"Consensus",64,1211,"Gonzaga",0.755910239307638,1124,"Baylor",FALSE
2021,"Consensus",65,1211,"Gonzaga",0.713913017779992,1124,"Baylor",FALSE
2021,"Consensus",66,1211,"Gonzaga",0.713913017779992,1124,"Baylor",FALSE
2021,"Consensus",67,1211,"Gonzaga",0.713913017779992,1124,"Baylor",FALSE
2021,"Consensus",68,1228,"Illinois",0.713913017779992,1124,"Baylor",FALSE
2021,"Consensus",69,1276,"Michigan",0.384076519161387,1124,"Baylor",FALSE
2021,"Consensus",70,1211,"Gonzaga",0.907135646119834,1124,"Baylor",FALSE
2021,"Consensus",71,1211,"Gonzaga",0.755910239307638,1124,"Baylor",FALSE
2021,"Consensus",72,1211,"Gonzaga",0.713913017779992,1124,"Baylor",FALSE
2021,"Consensus",73,1211,"Gonzaga",0.713913017779992,1124,"Baylor",FALSE
2021,"Consensus",74,1124,"Baylor",0.384076519161387,1124,"Baylor",TRUE
2021,"Consensus",75,1228,"Illinois",0.713913017779992,1124,"Baylor",FALSE
2021,"Consensus",76,1228,"Illinois",0.713913017779992,1124,"Baylor",FALSE
2021,"Consensus",77,1211,"Gonzaga",0.713913017779992,1124,"Baylor",FALSE
2021,"Consensus",78,1211,"Gonzaga",0.755910239307638,1124,"Baylor",FALSE
2021,"Consensus",79,1211,"Gonzaga",0.907135646119834,1124,"Baylor",FALSE
2021,"Consensus",80,1326,"Ohio St",0.662953641433672,1124,"Baylor",FALSE
2021,"Consensus",81,1211,"Gonzaga",0.755910239307638,1124,"Baylor",FALSE
2021,"Consensus",82,1211,"Gonzaga",0.755910239307638,1124,"Baylor",FALSE
2021,"Consensus",83,1211,"Gonzaga",0.755910239307638,1124,"Baylor",FALSE
2021,"Consensus",84,1228,"Illinois",0.713913017779992,1124,"Baylor",FALSE
2021,"Consensus",85,1211,"Gonzaga",0.755910239307638,1124,"Baylor",FALSE
2021,"Consensus",86,1211,"Gonzaga",0.713913017779992,1124,"Baylor",FALSE
2021,"Consensus",87,1211,"Gonzaga",0.755910239307638,1124,"Baylor",FALSE
2021,"Consensus",88,1276,"Michigan",0.859568752207046,1124,"Baylor",FALSE
2021,"Consensus",89,1124,"Baylor",0.384076519161387,1124,"Baylor",TRUE
2021,"Consensus",90,1211,"Gonzaga",0.713913017779992,1124,"Baylor",FALSE
2021,"Consensus",91,1211,"Gonzaga",0.713913017779992,1124,"Baylor",FALSE
2021,"Consensus",92,1211,"Gonzaga",0.713913017779992,1124,"Baylor",FALSE
2021,"Consensus",93,1276,"Michigan",0.334433097388285,1124,"Baylor",FALSE
2021,"Consensus",94,1211,"Gonzaga",0.713913017779992,1124,"Baylor",FALSE
2021,"Consensus",95,1276,"Michigan",0.384076519161387,1124,"Baylor",FALSE
2021,"Consensus",96,1211,"Gonzaga",0.713913017779992,1124,"Baylor",FALSE
2021,"Consensus",97,1211,"Gonzaga",0.713913017779992,1124,"Baylor",FALSE
2021,"Consensus",98,1211,"Gonzaga",0.972163822499743,1124,"Baylor",FALSE
2021,"Consensus",99,1276,"Michigan",0.384076519161387,1124,"Baylor",FALSE
2021,"Consensus",100,1124,"Baylor",0.755910239307638,1124,"Baylor",TRUE
2021,"linear_pca",1,1234,"Iowa",0.498489834081615,1124,"Baylor",FALSE
2021,"linear_pca",2,1437,"Villanova",0.541335520520758,1124,"Baylor",FALSE
2021,"linear_pca",3,1437,"Villanova",0.648957981375017,1124,"Baylor",FALSE
2021,"linear_pca",4,1438,"Virginia",0.512222199819638,1124,"Baylor",FALSE
2021,"linear_pca",5,1211,"Gonzaga",0.734982865864181,1124,"Baylor",FALSE
2021,"linear_pca",6,1234,"Iowa",0.529520518095068,1124,"Baylor",FALSE
2021,"linear_pca",7,1276,"Michigan",0.627360405009922,1124,"Baylor",FALSE
2021,"linear_pca",8,1234,"Iowa",0.498489834081615,1124,"Baylor",FALSE
2021,"linear_pca",9,1234,"Iowa",0.562618900294496,1124,"Baylor",FALSE
2021,"linear_pca",10,1438,"Virginia",0.590466270601009,1124,"Baylor",FALSE
2021,"linear_pca",11,1276,"Michigan",0.599978381168002,1124,"Baylor",FALSE
2021,"linear_pca",12,1458,"Wisconsin",0.483349946241995,1124,"Baylor",FALSE
2021,"linear_pca",13,1276,"Michigan",0.675682313103715,1124,"Baylor",FALSE
2021,"linear_pca",14,1452,"West Virginia",0.783304773957974,1124,"Baylor",FALSE
2021,"linear_pca",15,1438,"Virginia",0.517708405385275,1124,"Baylor",FALSE
2021,"linear_pca",16,1276,"Michigan",0.566879998968574,1124,"Baylor",FALSE
2021,"linear_pca",17,1314,"North Carolina",0.773034248227633,1124,"Baylor",FALSE
2021,"linear_pca",18,1124,"Baylor",0.337497748445133,1124,"Baylor",TRUE
2021,"linear_pca",19,1228,"Illinois",0.40341865271137,1124,"Baylor",FALSE
2021,"linear_pca",20,1437,"Villanova",0.541335520520758,1124,"Baylor",FALSE
2021,"linear_pca",21,1222,"Houston",0.643471775809379,1124,"Baylor",FALSE
2021,"linear_pca",22,1276,"Michigan",0.566879998968574,1124,"Baylor",FALSE
2021,"linear_pca",23,1326,"Ohio St",0.342370584395553,1124,"Baylor",FALSE
2021,"linear_pca",24,1222,"Houston",0.643471775809379,1124,"Baylor",FALSE
2021,"linear_pca",25,1332,"Oregon",0.348238505753396,1124,"Baylor",FALSE
2021,"linear_pca",26,1234,"Iowa",0.498489834081615,1124,"Baylor",FALSE
2021,"linear_pca",27,1222,"Houston",0.405920697672795,1124,"Baylor",FALSE
2021,"linear_pca",28,1382,"St Bonaventure",0.496650829517037,1124,"Baylor",FALSE
2021,"linear_pca",29,1211,"Gonzaga",0.674502459822833,1124,"Baylor",FALSE
2021,"linear_pca",30,1393,"Syracuse",0.475988086383927,1124,"Baylor",FALSE
2021,"linear_pca",31,1382,"St Bonaventure",0.365838297487194,1124,"Baylor",FALSE
2021,"linear_pca",32,1234,"Iowa",0.529520518095068,1124,"Baylor",FALSE
2021,"linear_pca",33,1393,"Syracuse",0.683360119012666,1124,"Baylor",FALSE
2021,"linear_pca",34,1276,"Michigan",0.836100900876144,1124,"Baylor",FALSE
2021,"linear_pca",35,1211,"Gonzaga",0.790982579866925,1124,"Baylor",FALSE
2021,"linear_pca",36,1210,"Georgia Tech",0.568226028868776,1124,"Baylor",FALSE
2021,"linear_pca",37,1276,"Michigan",0.544869781073872,1124,"Baylor",FALSE
2021,"linear_pca",38,1104,"Alabama",0.533226197221806,1124,"Baylor",FALSE
2021,"linear_pca",39,1211,"Gonzaga",0.80890651878968,1124,"Baylor",FALSE
2021,"linear_pca",40,1276,"Michigan",0.535849314955121,1124,"Baylor",FALSE
2021,"linear_pca",41,1228,"Illinois",0.638816567215187,1124,"Baylor",FALSE
2021,"linear_pca",42,1437,"Villanova",0.398879404638848,1124,"Baylor",FALSE
2021,"linear_pca",43,1326,"Ohio St",0.436951381686249,1124,"Baylor",FALSE
2021,"linear_pca",44,1211,"Gonzaga",0.638816567215187,1124,"Baylor",FALSE
2021,"linear_pca",45,1211,"Gonzaga",0.648957981375017,1124,"Baylor",FALSE
2021,"linear_pca",46,1437,"Villanova",0.398879404638848,1124,"Baylor",FALSE
2021,"linear_pca",47,1228,"Illinois",0.531194106360928,1124,"Baylor",FALSE
2021,"linear_pca",48,1425,"USC",0.458691685288883,1124,"Baylor",FALSE
2021,"linear_pca",49,1228,"Illinois",0.507566991225445,1124,"Baylor",FALSE
2021,"linear_pca",50,1228,"Illinois",0.323822073732189,1124,"Baylor",FALSE
2021,"linear_pca",51,1397,"Tennessee",0.734982865864181,1124,"Baylor",FALSE
2021,"linear_pca",52,1439,"Virginia Tech",0.573480918459436,1124,"Baylor",FALSE
2021,"linear_pca",53,1222,"Houston",0.643471775809379,1124,"Baylor",FALSE
2021,"linear_pca",54,1234,"Iowa",0.493834625487422,1124,"Baylor",FALSE
2021,"linear_pca",55,1222,"Houston",0.535849314955121,1124,"Baylor",FALSE
2021,"linear_pca",56,1228,"Illinois",0.638816567215187,1124,"Baylor",FALSE
2021,"linear_pca",57,1211,"Gonzaga",0.734982865864181,1124,"Baylor",FALSE
2021,"linear_pca",58,1222,"Houston",0.393847608586937,1124,"Baylor",FALSE
2021,"linear_pca",59,1222,"Houston",0.512222199819638,1124,"Baylor",FALSE
2021,"linear_pca",60,1228,"Illinois",0.40341865271137,1124,"Baylor",FALSE
2021,"linear_pca",61,1452,"West Virginia",0.675682313103715,1124,"Baylor",FALSE
2021,"linear_pca",62,1276,"Michigan",0.627360405009922,1124,"Baylor",FALSE
2021,"linear_pca",63,1329,"Oklahoma St",0.596144333581585,1124,"Baylor",FALSE
2021,"linear_pca",64,1211,"Gonzaga",0.648957981375017,1124,"Baylor",FALSE
2021,"linear_pca",65,1228,"Illinois",0.366789643455559,1124,"Baylor",FALSE
2021,"linear_pca",66,1222,"Houston",0.498489834081615,1124,"Baylor",FALSE
2021,"linear_pca",67,1211,"Gonzaga",0.638816567215187,1124,"Baylor",FALSE
2021,"linear_pca",68,1228,"Illinois",0.507566991225445,1124,"Baylor",FALSE
2021,"linear_pca",69,1276,"Michigan",0.544869781073872,1124,"Baylor",FALSE
2021,"linear_pca",70,1326,"Ohio St",0.543252883833091,1124,"Baylor",FALSE
2021,"linear_pca",71,1211,"Gonzaga",0.643471775809379,1124,"Baylor",FALSE
2021,"linear_pca",72,1222,"Houston",0.352893714347588,1124,"Baylor",FALSE
2021,"linear_pca",73,1400,"Texas",0.577713763946985,1124,"Baylor",FALSE
2021,"linear_pca",74,1439,"Virginia Tech",0.624736948396557,1124,"Baylor",FALSE
2021,"linear_pca",75,1222,"Houston",0.498489834081615,1124,"Baylor",FALSE
2021,"linear_pca",76,1326,"Ohio St",0.674502459822833,1124,"Baylor",FALSE
2021,"linear_pca",77,1211,"Gonzaga",0.638816567215187,1124,"Baylor",FALSE
2021,"linear_pca",78,1124,"Baylor",0.389468080626262,1124,"Baylor",TRUE
2021,"linear_pca",79,1211,"Gonzaga",0.674502459822833,1124,"Baylor",FALSE
2021,"linear_pca",80,1403,"Texas Tech",0.701284057935421,1124,"Baylor",FALSE
2021,"linear_pca",81,1437,"Villanova",0.358379919913226,1124,"Baylor",FALSE
2021,"linear_pca",82,1276,"Michigan",0.544869781073872,1124,"Baylor",FALSE
2021,"linear_pca",83,1326,"Ohio St",0.390960245838378,1124,"Baylor",FALSE
2021,"linear_pca",84,1228,"Illinois",0.638816567215187,1124,"Baylor",FALSE
2021,"linear_pca",85,1160,"Colorado",0.408073861305563,1124,"Baylor",FALSE
2021,"linear_pca",86,1234,"Iowa",0.498489834081615,1124,"Baylor",FALSE
2021,"linear_pca",87,1163,"Connecticut",0.390960245838378,1124,"Baylor",FALSE
2021,"linear_pca",88,1160,"Colorado",0.547168434299331,1124,"Baylor",FALSE
2021,"linear_pca",89,1458,"Wisconsin",0.494865236466821,1124,"Baylor",FALSE
2021,"linear_pca",90,1228,"Illinois",0.531194106360928,1124,"Baylor",FALSE
2021,"linear_pca",91,1211,"Gonzaga",0.674502459822833,1124,"Baylor",FALSE
2021,"linear_pca",92,1276,"Michigan",0.535849314955121,1124,"Baylor",FALSE
2021,"linear_pca",93,1276,"Michigan",0.674943887948889,1124,"Baylor",FALSE
2021,"linear_pca",94,1326,"Ohio St",0.439104545319016,1124,"Baylor",FALSE
2021,"linear_pca",95,1276,"Michigan",0.535849314955121,1124,"Baylor",FALSE
2021,"linear_pca",96,1211,"Gonzaga",0.818304605604944,1124,"Baylor",FALSE
2021,"linear_pca",97,1211,"Gonzaga",0.674502459822833,1124,"Baylor",FALSE
2021,"linear_pca",98,1329,"Oklahoma St",0.605654398678277,1124,"Baylor",FALSE
2021,"linear_pca",99,1276,"Michigan",0.599978381168002,1124,"Baylor",FALSE
2021,"linear_pca",100,1326,"Ohio St",0.529520518095068,1124,"Baylor",FALSE
2022,"Ranger",1,1261,"LSU",0.746,1242,"Kansas",FALSE
2022,"Ranger",2,1403,"Texas Tech",0.462,1242,"Kansas",FALSE
2022,"Ranger",3,1211,"Gonzaga",0.65,1242,"Kansas",FALSE
2022,"Ranger",4,1211,"Gonzaga",0.66,1242,"Kansas",FALSE
2022,"Ranger",5,1211,"Gonzaga",0.62,1242,"Kansas",FALSE
2022,"Ranger",6,1246,"Kentucky",0.56,1242,"Kansas",FALSE
2022,"Ranger",7,1120,"Auburn",0.282,1242,"Kansas",FALSE
2022,"Ranger",8,1116,"Arkansas",0.3,1242,"Kansas",FALSE
2022,"Ranger",9,1211,"Gonzaga",0.666,1242,"Kansas",FALSE
2022,"Ranger",10,1211,"Gonzaga",0.66,1242,"Kansas",FALSE
2022,"Ranger",11,1246,"Kentucky",0.678,1242,"Kansas",FALSE
2022,"Ranger",12,1222,"Houston",0.506,1242,"Kansas",FALSE
2022,"Ranger",13,1163,"Connecticut",0.51,1242,"Kansas",FALSE
2022,"Ranger",14,1242,"Kansas",0.376,1242,"Kansas",TRUE
2022,"Ranger",15,1211,"Gonzaga",0.666,1242,"Kansas",FALSE
2022,"Ranger",16,1417,"UCLA",0.506,1242,"Kansas",FALSE
2022,"Ranger",17,1211,"Gonzaga",0.626,1242,"Kansas",FALSE
2022,"Ranger",18,1120,"Auburn",0.588,1242,"Kansas",FALSE
2022,"Ranger",19,1211,"Gonzaga",0.618,1242,"Kansas",FALSE
2022,"Ranger",20,1400,"Texas",0.608,1242,"Kansas",FALSE
2022,"Ranger",21,1211,"Gonzaga",0.848,1242,"Kansas",FALSE
2022,"Ranger",22,1124,"Baylor",0.472,1242,"Kansas",FALSE
2022,"Ranger",23,1261,"LSU",0.322,1242,"Kansas",FALSE
2022,"Ranger",24,1246,"Kentucky",0.578,1242,"Kansas",FALSE
2022,"Ranger",25,1112,"Arizona",0.488,1242,"Kansas",FALSE
2022,"Ranger",26,1222,"Houston",0.298,1242,"Kansas",FALSE
2022,"Ranger",27,1400,"Texas",0.41,1242,"Kansas",FALSE
2022,"Ranger",28,1112,"Arizona",0.488,1242,"Kansas",FALSE
2022,"Ranger",29,1120,"Auburn",0.42,1242,"Kansas",FALSE
2022,"Ranger",30,1458,"Wisconsin",0.638,1242,"Kansas",FALSE
2022,"Ranger",31,1124,"Baylor",0.472,1242,"Kansas",FALSE
2022,"Ranger",32,1403,"Texas Tech",0.504,1242,"Kansas",FALSE
2022,"Ranger",33,1222,"Houston",0.324,1242,"Kansas",FALSE
2022,"Ranger",34,1222,"Houston",0.322,1242,"Kansas",FALSE
2022,"Ranger",35,1246,"Kentucky",0.84,1242,"Kansas",FALSE
2022,"Ranger",36,1124,"Baylor",0.472,1242,"Kansas",FALSE
2022,"Ranger",37,1112,"Arizona",0.464,1242,"Kansas",FALSE
2022,"Ranger",38,1120,"Auburn",0.662,1242,"Kansas",FALSE
2022,"Ranger",39,1246,"Kentucky",0.698,1242,"Kansas",FALSE
2022,"Ranger",40,1458,"Wisconsin",0.656,1242,"Kansas",FALSE
2022,"Ranger",41,1417,"UCLA",0.718,1242,"Kansas",FALSE
2022,"Ranger",42,1120,"Auburn",0.662,1242,"Kansas",FALSE
2022,"Ranger",43,1211,"Gonzaga",0.66,1242,"Kansas",FALSE
2022,"Ranger",44,1222,"Houston",0.31,1242,"Kansas",FALSE
2022,"Ranger",45,1124,"Baylor",0.622,1242,"Kansas",FALSE
2022,"Ranger",46,1403,"Texas Tech",0.444,1242,"Kansas",FALSE
2022,"Ranger",47,1242,"Kansas",0.586,1242,"Kansas",TRUE
2022,"Ranger",48,1417,"UCLA",0.588,1242,"Kansas",FALSE
2022,"Ranger",49,1222,"Houston",0.322,1242,"Kansas",FALSE
2022,"Ranger",50,1242,"Kansas",0.586,1242,"Kansas",TRUE
2022,"Ranger",51,1403,"Texas Tech",0.666,1242,"Kansas",FALSE
2022,"Ranger",52,1222,"Houston",0.472,1242,"Kansas",FALSE
2022,"Ranger",53,1222,"Houston",0.506,1242,"Kansas",FALSE
2022,"Ranger",54,1120,"Auburn",0.66,1242,"Kansas",FALSE
2022,"Ranger",55,1112,"Arizona",0.464,1242,"Kansas",FALSE
2022,"Ranger",56,1403,"Texas Tech",0.444,1242,"Kansas",FALSE
2022,"Ranger",57,1124,"Baylor",0.586,1242,"Kansas",FALSE
2022,"Ranger",58,1163,"Connecticut",0.49,1242,"Kansas",FALSE
2022,"Ranger",59,1120,"Auburn",0.51,1242,"Kansas",FALSE
2022,"Ranger",60,1388,"St Mary's CA",0.256,1242,"Kansas",FALSE
2022,"Ranger",61,1417,"UCLA",0.568,1242,"Kansas",FALSE
2022,"Ranger",62,1222,"Houston",0.472,1242,"Kansas",FALSE
2022,"Ranger",63,1437,"Villanova",0.626,1242,"Kansas",FALSE
2022,"Ranger",64,1403,"Texas Tech",0.384,1242,"Kansas",FALSE
2022,"Ranger",65,1120,"Auburn",0.362,1242,"Kansas",FALSE
2022,"Ranger",66,1234,"Iowa",0.318,1242,"Kansas",FALSE
2022,"Ranger",67,1211,"Gonzaga",0.65,1242,"Kansas",FALSE
2022,"Ranger",68,1362,"San Francisco",0.232,1242,"Kansas",FALSE
2022,"Ranger",69,1417,"UCLA",0.5,1242,"Kansas",FALSE
2022,"Ranger",70,1211,"Gonzaga",0.62,1242,"Kansas",FALSE
2022,"Ranger",71,1211,"Gonzaga",0.666,1242,"Kansas",FALSE
2022,"Ranger",72,1222,"Houston",0.666,1242,"Kansas",FALSE
2022,"Ranger",73,1120,"Auburn",0.662,1242,"Kansas",FALSE
2022,"Ranger",74,1222,"Houston",0.322,1242,"Kansas",FALSE
2022,"Ranger",75,1417,"UCLA",0.506,1242,"Kansas",FALSE
2022,"Ranger",76,1437,"Villanova",0.626,1242,"Kansas",FALSE
2022,"Ranger",77,1211,"Gonzaga",0.666,1242,"Kansas",FALSE
2022,"Ranger",78,1181,"Duke",0.472,1242,"Kansas",FALSE
2022,"Ranger",79,1181,"Duke",0.568,1242,"Kansas",FALSE
2022,"Ranger",80,1181,"Duke",0.5,1242,"Kansas",FALSE
2022,"Ranger",81,1246,"Kentucky",0.578,1242,"Kansas",FALSE
2022,"Ranger",82,1242,"Kansas",0.332,1242,"Kansas",TRUE
2022,"Ranger",83,1163,"Connecticut",0.566,1242,"Kansas",FALSE
2022,"Ranger",84,1417,"UCLA",0.568,1242,"Kansas",FALSE
2022,"Ranger",85,1345,"Purdue",0.534,1242,"Kansas",FALSE
2022,"Ranger",86,1120,"Auburn",0.32,1242,"Kansas",FALSE
2022,"Ranger",87,1437,"Villanova",0.718,1242,"Kansas",FALSE
2022,"Ranger",88,1234,"Iowa",0.472,1242,"Kansas",FALSE
2022,"Ranger",89,1242,"Kansas",0.376,1242,"Kansas",TRUE
2022,"Ranger",90,1242,"Kansas",0.23,1242,"Kansas",TRUE
2022,"Ranger",91,1397,"Tennessee",0.306,1242,"Kansas",FALSE
2022,"Ranger",92,1124,"Baylor",0.85,1242,"Kansas",FALSE
2022,"Ranger",93,1211,"Gonzaga",0.65,1242,"Kansas",FALSE
2022,"Ranger",94,1261,"LSU",0.434,1242,"Kansas",FALSE
2022,"Ranger",95,1211,"Gonzaga",0.626,1242,"Kansas",FALSE
2022,"Ranger",96,1222,"Houston",0.472,1242,"Kansas",FALSE
2022,"Ranger",97,1211,"Gonzaga",0.666,1242,"Kansas",FALSE
2022,"Ranger",98,1116,"Arkansas",0.632,1242,"Kansas",FALSE
2022,"Ranger",99,1261,"LSU",0.58,1242,"Kansas",FALSE
2022,"Ranger",100,1222,"Houston",0.472,1242,"Kansas",FALSE
2022,"Logistic",1,1181,"Duke",0.407263740254431,1242,"Kansas",FALSE
2022,"Logistic",2,1120,"Auburn",0.569495575117796,1242,"Kansas",FALSE
2022,"Logistic",3,1222,"Houston",0.478816745744926,1242,"Kansas",FALSE
2022,"Logistic",4,1403,"Texas Tech",0.476392891752276,1242,"Kansas",FALSE
2022,"Logistic",5,1211,"Gonzaga",0.599597870616034,1242,"Kansas",FALSE
2022,"Logistic",6,1181,"Duke",0.34497610424784,1242,"Kansas",FALSE
2022,"Logistic",7,1124,"Baylor",0.600546114775405,1242,"Kansas",FALSE
2022,"Logistic",8,1417,"UCLA",0.508636091132739,1242,"Kansas",FALSE
2022,"Logistic",9,1403,"Texas Tech",0.410861118815589,1242,"Kansas",FALSE
2022,"Logistic",10,1211,"Gonzaga",0.800664020815611,1242,"Kansas",FALSE
2022,"Logistic",11,1246,"Kentucky",0.576658714525284,1242,"Kansas",FALSE
2022,"Logistic",12,1234,"Iowa",0.24741379485818,1242,"Kansas",FALSE
2022,"Logistic",13,1124,"Baylor",0.708264827868556,1242,"Kansas",FALSE
2022,"Logistic",14,1120,"Auburn",0.568526579444244,1242,"Kansas",FALSE
2022,"Logistic",15,1293,"Murray St",0.181486438662756,1242,"Kansas",FALSE
2022,"Logistic",16,1246,"Kentucky",0.555899344034002,1242,"Kansas",FALSE
2022,"Logistic",17,1222,"Houston",0.410861118815589,1242,"Kansas",FALSE
2022,"Logistic",18,1112,"Arizona",0.204724340990181,1242,"Kansas",FALSE
2022,"Logistic",19,1242,"Kansas",0.638895450818815,1242,"Kansas",TRUE
2022,"Logistic",20,1222,"Houston",0.503471295096531,1242,"Kansas",FALSE
2022,"Logistic",21,1120,"Auburn",0.568526579444244,1242,"Kansas",FALSE
2022,"Logistic",22,1124,"Baylor",0.580105178423595,1242,"Kansas",FALSE
2022,"Logistic",23,1124,"Baylor",0.600546114775405,1242,"Kansas",FALSE
2022,"Logistic",24,1234,"Iowa",0.599597870616034,1242,"Kansas",FALSE
2022,"Logistic",25,1417,"UCLA",0.580622099579029,1242,"Kansas",FALSE
2022,"Logistic",26,1181,"Duke",0.407263740254431,1242,"Kansas",FALSE
2022,"Logistic",27,1120,"Auburn",0.54515767375067,1242,"Kansas",FALSE
2022,"Logistic",28,1222,"Houston",0.442416577664974,1242,"Kansas",FALSE
2022,"Logistic",29,1211,"Gonzaga",0.579142415544963,1242,"Kansas",FALSE
2022,"Logistic",30,1417,"UCLA",0.778039077586158,1242,"Kansas",FALSE
2022,"Logistic",31,1417,"UCLA",0.537869965641116,1242,"Kansas",FALSE
2022,"Logistic",32,1403,"Texas Tech",0.505680762269296,1242,"Kansas",FALSE
2022,"Logistic",33,1234,"Iowa",0.576658714525284,1242,"Kansas",FALSE
2022,"Logistic",34,1246,"Kentucky",0.570574615913222,1242,"Kansas",FALSE
2022,"Logistic",35,1211,"Gonzaga",0.816912792430376,1242,"Kansas",FALSE
2022,"Logistic",36,1234,"Iowa",0.576658714525284,1242,"Kansas",FALSE
2022,"Logistic",37,1124,"Baylor",0.59797054281957,1242,"Kansas",FALSE
2022,"Logistic",38,1246,"Kentucky",0.687466718992471,1242,"Kansas",FALSE
2022,"Logistic",39,1397,"Tennessee",0.593611114369734,1242,"Kansas",FALSE
2022,"Logistic",40,1124,"Baylor",0.59797054281957,1242,"Kansas",FALSE
2022,"Logistic",41,1242,"Kansas",0.637983364882115,1242,"Kansas",TRUE
2022,"Logistic",42,1222,"Houston",0.478816745744926,1242,"Kansas",FALSE
2022,"Logistic",43,1397,"Tennessee",0.502143241838364,1242,"Kansas",FALSE
2022,"Logistic",44,1403,"Texas Tech",0.548913362403371,1242,"Kansas",FALSE
2022,"Logistic",45,1211,"Gonzaga",0.502483516468794,1242,"Kansas",FALSE
2022,"Logistic",46,1222,"Houston",0.478816745744926,1242,"Kansas",FALSE
2022,"Logistic",47,1242,"Kansas",0.638895450818815,1242,"Kansas",TRUE
2022,"Logistic",48,1403,"Texas Tech",0.734993796279938,1242,"Kansas",FALSE
2022,"Logistic",49,1120,"Auburn",0.54515767375067,1242,"Kansas",FALSE
2022,"Logistic",50,1234,"Iowa",0.206476029091695,1242,"Kansas",FALSE
2022,"Logistic",51,1234,"Iowa",0.540534720363695,1242,"Kansas",FALSE
2022,"Logistic",52,1397,"Tennessee",0.594563949654229,1242,"Kansas",FALSE
2022,"Logistic",53,1120,"Auburn",0.476392891752276,1242,"Kansas",FALSE
2022,"Logistic",54,1246,"Kentucky",0.54515767375067,1242,"Kansas",FALSE
2022,"Logistic",55,1120,"Auburn",0.54515767375067,1242,"Kansas",FALSE
2022,"Logistic",56,1222,"Houston",0.478816745744926,1242,"Kansas",FALSE
2022,"Logistic",57,1211,"Gonzaga",0.599597870616034,1242,"Kansas",FALSE
2022,"Logistic",58,1120,"Auburn",0.508636091132739,1242,"Kansas",FALSE
2022,"Logistic",59,1120,"Auburn",0.508636091132739,1242,"Kansas",FALSE
2022,"Logistic",60,1120,"Auburn",0.324623070922978,1242,"Kansas",FALSE
2022,"Logistic",61,1120,"Auburn",0.569495575117796,1242,"Kansas",FALSE
2022,"Logistic",62,1124,"Baylor",0.600546114775405,1242,"Kansas",FALSE
2022,"Logistic",63,1246,"Kentucky",0.876650176193481,1242,"Kansas",FALSE
2022,"Logistic",64,1222,"Houston",0.410861118815589,1242,"Kansas",FALSE
2022,"Logistic",65,1246,"Kentucky",0.615834339151634,1242,"Kansas",FALSE
2022,"Logistic",66,1120,"Auburn",0.569495575117796,1242,"Kansas",FALSE
2022,"Logistic",67,1211,"Gonzaga",0.502483516468794,1242,"Kansas",FALSE
2022,"Logistic",68,1234,"Iowa",0.308565449713597,1242,"Kansas",FALSE
2022,"Logistic",69,1124,"Baylor",0.503471295096531,1242,"Kansas",FALSE
2022,"Logistic",70,1437,"Villanova",0.487231044557936,1242,"Kansas",FALSE
2022,"Logistic",71,1403,"Texas Tech",0.502143241838364,1242,"Kansas",FALSE
2022,"Logistic",72,1403,"Texas Tech",0.476392891752276,1242,"Kansas",FALSE
2022,"Logistic",73,1400,"Texas",0.547493164046579,1242,"Kansas",FALSE
2022,"Logistic",74,1437,"Villanova",0.555899344034002,1242,"Kansas",FALSE
2022,"Logistic",75,1120,"Auburn",0.407263740254431,1242,"Kansas",FALSE
2022,"Logistic",76,1397,"Tennessee",0.570574615913222,1242,"Kansas",FALSE
2022,"Logistic",77,1211,"Gonzaga",0.579142415544963,1242,"Kansas",FALSE
2022,"Logistic",78,1246,"Kentucky",0.555899344034002,1242,"Kansas",FALSE
2022,"Logistic",79,1246,"Kentucky",0.555899344034002,1242,"Kansas",FALSE
2022,"Logistic",80,1397,"Tennessee",0.594563949654229,1242,"Kansas",FALSE
2022,"Logistic",81,1222,"Houston",0.503471295096531,1242,"Kansas",FALSE
2022,"Logistic",82,1246,"Kentucky",0.574038367609844,1242,"Kansas",FALSE
2022,"Logistic",83,1437,"Villanova",0.580105178423595,1242,"Kansas",FALSE
2022,"Logistic",84,1242,"Kansas",0.638895450818815,1242,"Kansas",TRUE
2022,"Logistic",85,1124,"Baylor",0.569495575117796,1242,"Kansas",FALSE
2022,"Logistic",86,1246,"Kentucky",0.54515767375067,1242,"Kansas",FALSE
2022,"Logistic",87,1124,"Baylor",0.580105178423595,1242,"Kansas",FALSE
2022,"Logistic",88,1388,"St Mary's CA",0.468684044098737,1242,"Kansas",FALSE
2022,"Logistic",89,1112,"Arizona",0.59797054281957,1242,"Kansas",FALSE
2022,"Logistic",90,1124,"Baylor",0.638895450818815,1242,"Kansas",FALSE
2022,"Logistic",91,1246,"Kentucky",0.570574615913222,1242,"Kansas",FALSE
2022,"Logistic",92,1124,"Baylor",0.569495575117796,1242,"Kansas",FALSE
2022,"Logistic",93,1124,"Baylor",0.708264827868556,1242,"Kansas",FALSE
2022,"Logistic",94,1437,"Villanova",0.555899344034002,1242,"Kansas",FALSE
2022,"Logistic",95,1124,"Baylor",0.569495575117796,1242,"Kansas",FALSE
2022,"Logistic",96,1211,"Gonzaga",0.593611114369734,1242,"Kansas",FALSE
2022,"Logistic",97,1211,"Gonzaga",0.579142415544963,1242,"Kansas",FALSE
2022,"Logistic",98,1234,"Iowa",0.600546114775405,1242,"Kansas",FALSE
2022,"Logistic",99,1124,"Baylor",0.817361471997752,1242,"Kansas",FALSE
2022,"Logistic",100,1112,"Arizona",0.59702028728103,1242,"Kansas",FALSE
2022,"XGBoost",1,1124,"Baylor",0.898317754268646,1242,"Kansas",FALSE
2022,"XGBoost",2,1222,"Houston",0.608133912086487,1242,"Kansas",FALSE
2022,"XGBoost",3,1222,"Houston",0.136512458324432,1242,"Kansas",FALSE
2022,"XGBoost",4,1124,"Baylor",0.898317754268646,1242,"Kansas",FALSE
2022,"XGBoost",5,1124,"Baylor",0.475888252258301,1242,"Kansas",FALSE
2022,"XGBoost",6,1222,"Houston",0.180930659174919,1242,"Kansas",FALSE
2022,"XGBoost",7,1124,"Baylor",0.475888252258301,1242,"Kansas",FALSE
2022,"XGBoost",8,1124,"Baylor",0.475888252258301,1242,"Kansas",FALSE
2022,"XGBoost",9,1124,"Baylor",0.608133912086487,1242,"Kansas",FALSE
2022,"XGBoost",10,1124,"Baylor",0.651377558708191,1242,"Kansas",FALSE
2022,"XGBoost",11,1234,"Iowa",0.475888252258301,1242,"Kansas",FALSE
2022,"XGBoost",12,1222,"Houston",0.136512458324432,1242,"Kansas",FALSE
2022,"XGBoost",13,1124,"Baylor",0.898871123790741,1242,"Kansas",FALSE
2022,"XGBoost",14,1242,"Kansas",0.651377558708191,1242,"Kansas",TRUE
2022,"XGBoost",15,1246,"Kentucky",0.136512458324432,1242,"Kansas",FALSE
2022,"XGBoost",16,1124,"Baylor",0.608133912086487,1242,"Kansas",FALSE
2022,"XGBoost",17,1222,"Houston",0.180930659174919,1242,"Kansas",FALSE
2022,"XGBoost",18,1124,"Baylor",0.651377558708191,1242,"Kansas",FALSE
2022,"XGBoost",19,1234,"Iowa",0.475888252258301,1242,"Kansas",FALSE
2022,"XGBoost",20,1124,"Baylor",0.608133912086487,1242,"Kansas",FALSE
2022,"XGBoost",21,1222,"Houston",0.608133912086487,1242,"Kansas",FALSE
2022,"XGBoost",22,1124,"Baylor",0.981530606746674,1242,"Kansas",FALSE
2022,"XGBoost",23,1124,"Baylor",0.608133912086487,1242,"Kansas",FALSE
2022,"XGBoost",24,1124,"Baylor",0.981530606746674,1242,"Kansas",FALSE
2022,"XGBoost",25,1181,"Duke",0.180930659174919,1242,"Kansas",FALSE
2022,"XGBoost",26,1124,"Baylor",0.651377558708191,1242,"Kansas",FALSE
2022,"XGBoost",27,1403,"Texas Tech",0.833822846412659,1242,"Kansas",FALSE
2022,"XGBoost",28,1397,"Tennessee",0.482161670923233,1242,"Kansas",FALSE
2022,"XGBoost",29,1211,"Gonzaga",0.845870971679688,1242,"Kansas",FALSE
2022,"XGBoost",30,1124,"Baylor",0.608133912086487,1242,"Kansas",FALSE
2022,"XGBoost",31,1417,"UCLA",0.924121141433716,1242,"Kansas",FALSE
2022,"XGBoost",32,1124,"Baylor",0.608133912086487,1242,"Kansas",FALSE
2022,"XGBoost",33,1234,"Iowa",0.475888252258301,1242,"Kansas",FALSE
2022,"XGBoost",34,1124,"Baylor",0.979021966457367,1242,"Kansas",FALSE
2022,"XGBoost",35,1124,"Baylor",0.475888252258301,1242,"Kansas",FALSE
2022,"XGBoost",36,1246,"Kentucky",0.927604556083679,1242,"Kansas",FALSE
2022,"XGBoost",37,1124,"Baylor",0.608133912086487,1242,"Kansas",FALSE
2022,"XGBoost",38,1417,"UCLA",0.955888628959656,1242,"Kansas",FALSE
2022,"XGBoost",39,1124,"Baylor",0.979021966457367,1242,"Kansas",FALSE
2022,"XGBoost",40,1124,"Baylor",0.475888252258301,1242,"Kansas",FALSE
2022,"XGBoost",41,1222,"Houston",0.608133912086487,1242,"Kansas",FALSE
2022,"XGBoost",42,1222,"Houston",0.608133912086487,1242,"Kansas",FALSE
2022,"XGBoost",43,1417,"UCLA",0.947121977806091,1242,"Kansas",FALSE
2022,"XGBoost",44,1388,"St Mary's CA",0.442043572664261,1242,"Kansas",FALSE
2022,"XGBoost",45,1124,"Baylor",0.608133912086487,1242,"Kansas",FALSE
2022,"XGBoost",46,1222,"Houston",0.136512458324432,1242,"Kansas",FALSE
2022,"XGBoost",47,1222,"Houston",0.608133912086487,1242,"Kansas",FALSE
2022,"XGBoost",48,1181,"Duke",0.921954333782196,1242,"Kansas",FALSE
2022,"XGBoost",49,1211,"Gonzaga",0.937722861766815,1242,"Kansas",FALSE
2022,"XGBoost",50,1234,"Iowa",0.475888252258301,1242,"Kansas",FALSE
2022,"XGBoost",51,1234,"Iowa",0.700850069522858,1242,"Kansas",FALSE
2022,"XGBoost",52,1397,"Tennessee",0.482161670923233,1242,"Kansas",FALSE
2022,"XGBoost",53,1112,"Arizona",0.736299633979797,1242,"Kansas",FALSE
2022,"XGBoost",54,1222,"Houston",0.136512458324432,1242,"Kansas",FALSE
2022,"XGBoost",55,1222,"Houston",0.608133912086487,1242,"Kansas",FALSE
2022,"XGBoost",56,1242,"Kansas",0.651377558708191,1242,"Kansas",TRUE
2022,"XGBoost",57,1211,"Gonzaga",0.937722861766815,1242,"Kansas",FALSE
2022,"XGBoost",58,1222,"Houston",0.608133912086487,1242,"Kansas",FALSE
2022,"XGBoost",59,1124,"Baylor",0.608133912086487,1242,"Kansas",FALSE
2022,"XGBoost",60,1222,"Houston",0.11650924384594,1242,"Kansas",FALSE
2022,"XGBoost",61,1124,"Baylor",0.979021966457367,1242,"Kansas",FALSE
2022,"XGBoost",62,1124,"Baylor",0.475888252258301,1242,"Kansas",FALSE
2022,"XGBoost",63,1234,"Iowa",0.700850069522858,1242,"Kansas",FALSE
2022,"XGBoost",64,1124,"Baylor",0.608133912086487,1242,"Kansas",FALSE
2022,"XGBoost",65,1124,"Baylor",0.651377558708191,1242,"Kansas",FALSE
2022,"XGBoost",66,1124,"Baylor",0.898317754268646,1242,"Kansas",FALSE
2022,"XGBoost",67,1124,"Baylor",0.651377558708191,1242,"Kansas",FALSE
2022,"XGBoost",68,1211,"Gonzaga",0.937722861766815,1242,"Kansas",FALSE
2022,"XGBoost",69,1124,"Baylor",0.608133912086487,1242,"Kansas",FALSE
2022,"XGBoost",70,1124,"Baylor",0.979021966457367,1242,"Kansas",FALSE
2022,"XGBoost",71,1112,"Arizona",0.111633755266666,1242,"Kansas",FALSE
2022,"XGBoost",72,1222,"Houston",0.180930659174919,1242,"Kansas",FALSE
2022,"XGBoost",73,1400,"Texas",0.700850069522858,1242,"Kansas",FALSE
2022,"XGBoost",74,1112,"Arizona",0.111633755266666,1242,"Kansas",FALSE
2022,"XGBoost",75,1234,"Iowa",0.433486372232437,1242,"Kansas",FALSE
2022,"XGBoost",76,1112,"Arizona",0.596832871437073,1242,"Kansas",FALSE
2022,"XGBoost",77,1222,"Houston",0.180930659174919,1242,"Kansas",FALSE
2022,"XGBoost",78,1397,"Tennessee",0.397972136735916,1242,"Kansas",FALSE
2022,"XGBoost",79,1211,"Gonzaga",0.845870971679688,1242,"Kansas",FALSE
2022,"XGBoost",80,1124,"Baylor",0.979021966457367,1242,"Kansas",FALSE
2022,"XGBoost",81,1222,"Houston",0.608133912086487,1242,"Kansas",FALSE
2022,"XGBoost",82,1124,"Baylor",0.608133912086487,1242,"Kansas",FALSE
2022,"XGBoost",83,1124,"Baylor",0.981530606746674,1242,"Kansas",FALSE
2022,"XGBoost",84,1222,"Houston",0.608133912086487,1242,"Kansas",FALSE
2022,"XGBoost",85,1417,"UCLA",0.962784767150879,1242,"Kansas",FALSE
2022,"XGBoost",86,1222,"Houston",0.136512458324432,1242,"Kansas",FALSE
2022,"XGBoost",87,1222,"Houston",0.136512458324432,1242,"Kansas",FALSE
2022,"XGBoost",88,1388,"St Mary's CA",0.649481296539307,1242,"Kansas",FALSE
2022,"XGBoost",89,1222,"Houston",0.608133912086487,1242,"Kansas",FALSE
2022,"XGBoost",90,1124,"Baylor",0.981530606746674,1242,"Kansas",FALSE
2022,"XGBoost",91,1211,"Gonzaga",0.845870971679688,1242,"Kansas",FALSE
2022,"XGBoost",92,1124,"Baylor",0.981530606746674,1242,"Kansas",FALSE
2022,"XGBoost",93,1124,"Baylor",0.898871123790741,1242,"Kansas",FALSE
2022,"XGBoost",94,1222,"Houston",0.608133912086487,1242,"Kansas",FALSE
2022,"XGBoost",95,1124,"Baylor",0.898317754268646,1242,"Kansas",FALSE
2022,"XGBoost",96,1124,"Baylor",0.651377558708191,1242,"Kansas",FALSE
2022,"XGBoost",97,1124,"Baylor",0.596832871437073,1242,"Kansas",FALSE
2022,"XGBoost",98,1222,"Houston",0.608133912086487,1242,"Kansas",FALSE
2022,"XGBoost",99,1124,"Baylor",0.596832871437073,1242,"Kansas",FALSE
2022,"XGBoost",100,1242,"Kansas",0.927604556083679,1242,"Kansas",TRUE
2022,"Consensus",1,1211,"Gonzaga",0.863032054890707,1242,"Kansas",FALSE
2022,"Consensus",2,1242,"Kansas",0.745522803337059,1242,"Kansas",TRUE
2022,"Consensus",3,1112,"Arizona",0.663175101812862,1242,"Kansas",FALSE
2022,"Consensus",4,1211,"Gonzaga",0.863032054890707,1242,"Kansas",FALSE
2022,"Consensus",5,1211,"Gonzaga",0.745522803337059,1242,"Kansas",FALSE
2022,"Consensus",6,1211,"Gonzaga",0.663175101812862,1242,"Kansas",FALSE
2022,"Consensus",7,1112,"Arizona",0.266764304729993,1242,"Kansas",FALSE
2022,"Consensus",8,1211,"Gonzaga",0.863032054890707,1242,"Kansas",FALSE
2022,"Consensus",9,1112,"Arizona",0.232410238761448,1242,"Kansas",FALSE
2022,"Consensus",10,1211,"Gonzaga",0.745522803337059,1242,"Kansas",FALSE
2022,"Consensus",11,1112,"Arizona",0.310527491995259,1242,"Kansas",FALSE
2022,"Consensus",12,1112,"Arizona",0.310527491995259,1242,"Kansas",FALSE
2022,"Consensus",13,1120,"Auburn",0.537958665920774,1242,"Kansas",FALSE
2022,"Consensus",14,1120,"Auburn",0.863032054890707,1242,"Kansas",FALSE
2022,"Consensus",15,1211,"Gonzaga",0.663175101812862,1242,"Kansas",FALSE
2022,"Consensus",16,1211,"Gonzaga",0.891146977083675,1242,"Kansas",FALSE
2022,"Consensus",17,1112,"Arizona",0.663175101812862,1242,"Kansas",FALSE
2022,"Consensus",18,1211,"Gonzaga",0.663175101812862,1242,"Kansas",FALSE
2022,"Consensus",19,1242,"Kansas",0.351214945797779,1242,"Kansas",TRUE
2022,"Consensus",20,1211,"Gonzaga",0.663175101812862,1242,"Kansas",FALSE
2022,"Consensus",21,1242,"Kansas",0.745522803337059,1242,"Kansas",TRUE
2022,"Consensus",22,1246,"Kentucky",0.65189527780385,1242,"Kansas",FALSE
2022,"Consensus",23,1112,"Arizona",0.266764304729993,1242,"Kansas",FALSE
2022,"Consensus",24,1112,"Arizona",0.663175101812862,1242,"Kansas",FALSE
2022,"Consensus",25,1211,"Gonzaga",0.745522803337059,1242,"Kansas",FALSE
2022,"Consensus",26,1211,"Gonzaga",0.745522803337059,1242,"Kansas",FALSE
2022,"Consensus",27,1211,"Gonzaga",0.863032054890707,1242,"Kansas",FALSE
2022,"Consensus",28,1112,"Arizona",0.266764304729993,1242,"Kansas",FALSE
2022,"Consensus",29,1211,"Gonzaga",0.891146977083675,1242,"Kansas",FALSE
2022,"Consensus",30,1211,"Gonzaga",0.745522803337059,1242,"Kansas",FALSE
2022,"Consensus",31,1211,"Gonzaga",0.663175101812862,1242,"Kansas",FALSE
2022,"Consensus",32,1211,"Gonzaga",0.663175101812862,1242,"Kansas",FALSE
2022,"Consensus",33,1242,"Kansas",0.745522803337059,1242,"Kansas",TRUE
2022,"Consensus",34,1211,"Gonzaga",0.883967102516839,1242,"Kansas",FALSE
2022,"Consensus",35,1211,"Gonzaga",0.745522803337059,1242,"Kansas",FALSE
2022,"Consensus",36,1242,"Kansas",0.401250894623036,1242,"Kansas",TRUE
2022,"Consensus",37,1211,"Gonzaga",0.663175101812862,1242,"Kansas",FALSE
2022,"Consensus",38,1242,"Kansas",0.401250894623036,1242,"Kansas",TRUE
2022,"Consensus",39,1211,"Gonzaga",0.663175101812862,1242,"Kansas",FALSE
2022,"Consensus",40,1211,"Gonzaga",0.663175101812862,1242,"Kansas",FALSE
2022,"Consensus",41,1242,"Kansas",0.745522803337059,1242,"Kansas",TRUE
2022,"Consensus",42,1112,"Arizona",0.310527491995259,1242,"Kansas",FALSE
2022,"Consensus",43,1211,"Gonzaga",0.883967102516839,1242,"Kansas",FALSE
2022,"Consensus",44,1211,"Gonzaga",0.745522803337059,1242,"Kansas",FALSE
2022,"Consensus",45,1211,"Gonzaga",0.663175101812862,1242,"Kansas",FALSE
2022,"Consensus",46,1211,"Gonzaga",0.663175101812862,1242,"Kansas",FALSE
2022,"Consensus",47,1242,"Kansas",0.745522803337059,1242,"Kansas",TRUE
2022,"Consensus",48,1211,"Gonzaga",0.745522803337059,1242,"Kansas",FALSE
2022,"Consensus",49,1242,"Kansas",0.745522803337059,1242,"Kansas",TRUE
2022,"Consensus",50,1211,"Gonzaga",0.745522803337059,1242,"Kansas",FALSE
2022,"Consensus",51,1242,"Kansas",0.745522803337059,1242,"Kansas",TRUE
2022,"Consensus",52,1211,"Gonzaga",0.891146977083675,1242,"Kansas",FALSE
2022,"Consensus",53,1112,"Arizona",0.663175101812862,1242,"Kansas",FALSE
2022,"Consensus",54,1211,"Gonzaga",0.663175101812862,1242,"Kansas",FALSE
2022,"Consensus",55,1120,"Auburn",0.590389231949754,1242,"Kansas",FALSE
2022,"Consensus",56,1112,"Arizona",0.663175101812862,1242,"Kansas",FALSE
2022,"Consensus",57,1211,"Gonzaga",0.745522803337059,1242,"Kansas",FALSE
2022,"Consensus",58,1120,"Auburn",0.537958665920774,1242,"Kansas",FALSE
2022,"Consensus",59,1112,"Arizona",0.310527491995259,1242,"Kansas",FALSE
2022,"Consensus",60,1242,"Kansas",0.351214945797779,1242,"Kansas",TRUE
2022,"Consensus",61,1112,"Arizona",0.266764304729993,1242,"Kansas",FALSE
2022,"Consensus",62,1211,"Gonzaga",0.745522803337059,1242,"Kansas",FALSE
2022,"Consensus",63,1242,"Kansas",0.401250894623036,1242,"Kansas",TRUE
2022,"Consensus",64,1211,"Gonzaga",0.663175101812862,1242,"Kansas",FALSE
2022,"Consensus",65,1211,"Gonzaga",0.745522803337059,1242,"Kansas",FALSE
2022,"Consensus",66,1211,"Gonzaga",0.663175101812862,1242,"Kansas",FALSE
2022,"Consensus",67,1211,"Gonzaga",0.745522803337059,1242,"Kansas",FALSE
2022,"Consensus",68,1211,"Gonzaga",0.745522803337059,1242,"Kansas",FALSE
2022,"Consensus",69,1246,"Kentucky",0.310527491995259,1242,"Kansas",FALSE
2022,"Consensus",70,1211,"Gonzaga",0.891146977083675,1242,"Kansas",FALSE
2022,"Consensus",71,1211,"Gonzaga",0.883967102516839,1242,"Kansas",FALSE
2022,"Consensus",72,1211,"Gonzaga",0.863032054890707,1242,"Kansas",FALSE
2022,"Consensus",73,1211,"Gonzaga",0.745522803337059,1242,"Kansas",FALSE
2022,"Consensus",74,1112,"Arizona",0.310527491995259,1242,"Kansas",FALSE
2022,"Consensus",75,1242,"Kansas",0.745522803337059,1242,"Kansas",TRUE
2022,"Consensus",76,1112,"Arizona",0.663175101812862,1242,"Kansas",FALSE
2022,"Consensus",77,1211,"Gonzaga",0.663175101812862,1242,"Kansas",FALSE
2022,"Consensus",78,1211,"Gonzaga",0.663175101812862,1242,"Kansas",FALSE
2022,"Consensus",79,1211,"Gonzaga",0.891146977083675,1242,"Kansas",FALSE
2022,"Consensus",80,1112,"Arizona",0.266764304729993,1242,"Kansas",FALSE
2022,"Consensus",81,1112,"Arizona",0.663175101812862,1242,"Kansas",FALSE
2022,"Consensus",82,1211,"Gonzaga",0.663175101812862,1242,"Kansas",FALSE
2022,"Consensus",83,1211,"Gonzaga",0.663175101812862,1242,"Kansas",FALSE
2022,"Consensus",84,1242,"Kansas",0.745522803337059,1242,"Kansas",TRUE
2022,"Consensus",85,1211,"Gonzaga",0.663175101812862,1242,"Kansas",FALSE
2022,"Consensus",86,1211,"Gonzaga",0.745522803337059,1242,"Kansas",FALSE
2022,"Consensus",87,1211,"Gonzaga",0.663175101812862,1242,"Kansas",FALSE
2022,"Consensus",88,1242,"Kansas",0.401250894623036,1242,"Kansas",TRUE
2022,"Consensus",89,1112,"Arizona",0.310527491995259,1242,"Kansas",FALSE
2022,"Consensus",90,1211,"Gonzaga",0.745522803337059,1242,"Kansas",FALSE
2022,"Consensus",91,1211,"Gonzaga",0.745522803337059,1242,"Kansas",FALSE
2022,"Consensus",92,1211,"Gonzaga",0.745522803337059,1242,"Kansas",FALSE
2022,"Consensus",93,1124,"Baylor",0.351214945797779,1242,"Kansas",FALSE
2022,"Consensus",94,1211,"Gonzaga",0.745522803337059,1242,"Kansas",FALSE
2022,"Consensus",95,1112,"Arizona",0.266764304729993,1242,"Kansas",FALSE
2022,"Consensus",96,1211,"Gonzaga",0.745522803337059,1242,"Kansas",FALSE
2022,"Consensus",97,1211,"Gonzaga",0.663175101812862,1242,"Kansas",FALSE
2022,"Consensus",98,1211,"Gonzaga",0.953072086562838,1242,"Kansas",FALSE
2022,"Consensus",99,1124,"Baylor",0.266764304729993,1242,"Kansas",FALSE
2022,"Consensus",100,1112,"Arizona",0.663175101812862,1242,"Kansas",FALSE
2022,"linear_pca",1,1181,"Duke",0.544448728954829,1242,"Kansas",FALSE
2022,"linear_pca",2,1120,"Auburn",0.52272969237058,1242,"Kansas",FALSE
2022,"linear_pca",3,1222,"Houston",0.479109801411338,1242,"Kansas",FALSE
2022,"linear_pca",4,1211,"Gonzaga",0.6649182894558,1242,"Kansas",FALSE
2022,"linear_pca",5,1211,"Gonzaga",0.688810119816227,1242,"Kansas",FALSE
2022,"linear_pca",6,1181,"Duke",0.501154332450935,1242,"Kansas",FALSE
2022,"linear_pca",7,1124,"Baylor",0.546621522731008,1242,"Kansas",FALSE
2022,"linear_pca",8,1417,"UCLA",0.492407685178207,1242,"Kansas",FALSE
2022,"linear_pca",9,1181,"Duke",0.73112466098535,1242,"Kansas",FALSE
2022,"linear_pca",10,1211,"Gonzaga",0.845710037066113,1242,"Kansas",FALSE
2022,"linear_pca",11,1345,"Purdue",0.596391736813019,1242,"Kansas",FALSE
2022,"linear_pca",12,1293,"Murray St",0.516125367228938,1242,"Kansas",FALSE
2022,"linear_pca",13,1124,"Baylor",0.666699898153798,1242,"Kansas",FALSE
2022,"linear_pca",14,1458,"Wisconsin",0.808888495239018,1242,"Kansas",FALSE
2022,"linear_pca",15,1211,"Gonzaga",0.63104318304139,1242,"Kansas",FALSE
2022,"linear_pca",16,1345,"Purdue",0.469690511321854,1242,"Kansas",FALSE
2022,"linear_pca",17,1234,"Iowa",0.688810119816227,1242,"Kansas",FALSE
2022,"linear_pca",18,1112,"Arizona",0.340620658055755,1242,"Kansas",FALSE
2022,"linear_pca",19,1242,"Kansas",0.348576130188275,1242,"Kansas",TRUE
2022,"linear_pca",20,1222,"Houston",0.48885458595617,1242,"Kansas",FALSE
2022,"linear_pca",21,1120,"Auburn",0.6649182894558,1242,"Kansas",FALSE
2022,"linear_pca",22,1124,"Baylor",0.479435295866686,1242,"Kansas",FALSE
2022,"linear_pca",23,1437,"Villanova",0.449113288674313,1242,"Kansas",FALSE
2022,"linear_pca",24,1234,"Iowa",0.688810119816227,1242,"Kansas",FALSE
2022,"linear_pca",25,1277,"Michigan St",0.341656117954706,1242,"Kansas",FALSE
2022,"linear_pca",26,1181,"Duke",0.544448728954829,1242,"Kansas",FALSE
2022,"linear_pca",27,1120,"Auburn",0.512984907825748,1242,"Kansas",FALSE
2022,"linear_pca",28,1417,"UCLA",0.636377890961424,1242,"Kansas",FALSE
2022,"linear_pca",29,1211,"Gonzaga",0.621623892951906,1242,"Kansas",FALSE
2022,"linear_pca",30,1417,"UCLA",0.74629106400083,1242,"Kansas",FALSE
2022,"linear_pca",31,1266,"Marquette",0.332441855428705,1242,"Kansas",FALSE
2022,"linear_pca",32,1181,"Duke",0.501154332450935,1242,"Kansas",FALSE
2022,"linear_pca",33,1234,"Iowa",0.568340559315257,1242,"Kansas",FALSE
2022,"linear_pca",34,1246,"Kentucky",0.542112455154098,1242,"Kansas",FALSE
2022,"linear_pca",35,1211,"Gonzaga",0.918801668278423,1242,"Kansas",FALSE
2022,"linear_pca",36,1166,"Creighton",0.729958425562804,1242,"Kansas",FALSE
2022,"linear_pca",37,1124,"Baylor",0.516746856988029,1242,"Kansas",FALSE
2022,"linear_pca",38,1246,"Kentucky",0.693136883735708,1242,"Kansas",FALSE
2022,"linear_pca",39,1211,"Gonzaga",0.787454613494097,1242,"Kansas",FALSE
2022,"linear_pca",40,1104,"Alabama",0.374053666638345,1242,"Kansas",FALSE
2022,"linear_pca",41,1242,"Kansas",0.603781195788572,1242,"Kansas",TRUE
2022,"linear_pca",42,1222,"Houston",0.51529157153808,1242,"Kansas",FALSE
2022,"linear_pca",43,1397,"Tennessee",0.415722279801821,1242,"Kansas",FALSE
2022,"linear_pca",44,1211,"Gonzaga",0.603781195788572,1242,"Kansas",FALSE
2022,"linear_pca",45,1211,"Gonzaga",0.63104318304139,1242,"Kansas",FALSE
2022,"linear_pca",46,1222,"Houston",0.51529157153808,1242,"Kansas",FALSE
2022,"linear_pca",47,1242,"Kansas",0.461592598703353,1242,"Kansas",TRUE
2022,"linear_pca",48,1181,"Duke",0.713446586340362,1242,"Kansas",FALSE
2022,"linear_pca",49,1234,"Iowa",0.381361697796181,1242,"Kansas",FALSE
2022,"linear_pca",50,1242,"Kansas",0.285466399771079,1242,"Kansas",TRUE
2022,"linear_pca",51,1234,"Iowa",0.568340559315257,1242,"Kansas",FALSE
2022,"linear_pca",52,1397,"Tennessee",0.657864066657408,1242,"Kansas",FALSE
2022,"linear_pca",53,1120,"Auburn",0.6649182894558,1242,"Kansas",FALSE
2022,"linear_pca",54,1246,"Kentucky",0.488029584285263,1242,"Kansas",FALSE
2022,"linear_pca",55,1120,"Auburn",0.54916667795249,1242,"Kansas",FALSE
2022,"linear_pca",56,1242,"Kansas",0.603781195788572,1242,"Kansas",TRUE
2022,"linear_pca",57,1211,"Gonzaga",0.688810119816227,1242,"Kansas",FALSE
2022,"linear_pca",58,1425,"USC",0.66438729322223,1242,"Kansas",FALSE
2022,"linear_pca",59,1120,"Auburn",0.369929427895731,1242,"Kansas",FALSE
2022,"linear_pca",60,1242,"Kansas",0.348576130188275,1242,"Kansas",TRUE
2022,"linear_pca",61,1425,"USC",0.66438729322223,1242,"Kansas",FALSE
2022,"linear_pca",62,1124,"Baylor",0.515675469572188,1242,"Kansas",FALSE
2022,"linear_pca",63,1355,"S Dakota St",0.557550644841734,1242,"Kansas",FALSE
2022,"linear_pca",64,1222,"Houston",0.368918105207524,1242,"Kansas",FALSE
2022,"linear_pca",65,1211,"Gonzaga",0.603781195788572,1242,"Kansas",FALSE
2022,"linear_pca",66,1120,"Auburn",0.544448728954829,1242,"Kansas",FALSE
2022,"linear_pca",67,1181,"Duke",0.483311635287602,1242,"Kansas",FALSE
2022,"linear_pca",68,1242,"Kansas",0.308792334228504,1242,"Kansas",TRUE
2022,"linear_pca",69,1246,"Kentucky",0.543183842569939,1242,"Kansas",FALSE
2022,"linear_pca",70,1437,"Villanova",0.621623892951906,1242,"Kansas",FALSE
2022,"linear_pca",71,1211,"Gonzaga",0.657864066657408,1242,"Kansas",FALSE
2022,"linear_pca",72,1211,"Gonzaga",0.6649182894558,1242,"Kansas",FALSE
2022,"linear_pca",73,1345,"Purdue",0.710941576702544,1242,"Kansas",FALSE
2022,"linear_pca",74,1260,"Loyola-Chicago",0.644726514827891,1242,"Kansas",FALSE
2022,"linear_pca",75,1120,"Auburn",0.544448728954829,1242,"Kansas",FALSE
2022,"linear_pca",76,1397,"Tennessee",0.542112455154098,1242,"Kansas",FALSE
2022,"linear_pca",77,1211,"Gonzaga",0.621623892951906,1242,"Kansas",FALSE
2022,"linear_pca",78,1437,"Villanova",0.314933725558784,1242,"Kansas",FALSE
2022,"linear_pca",79,1211,"Gonzaga",0.621623892951906,1242,"Kansas",FALSE
2022,"linear_pca",80,1397,"Tennessee",0.515675469572188,1242,"Kansas",FALSE
2022,"linear_pca",81,1222,"Houston",0.368918105207524,1242,"Kansas",FALSE
2022,"linear_pca",82,1246,"Kentucky",0.505872281448596,1242,"Kansas",FALSE
2022,"linear_pca",83,1437,"Villanova",0.357619923719503,1242,"Kansas",FALSE
2022,"linear_pca",84,1242,"Kansas",0.603781195788572,1242,"Kansas",TRUE
2022,"linear_pca",85,1388,"St Mary's CA",0.57989000307524,1242,"Kansas",FALSE
2022,"linear_pca",86,1246,"Kentucky",0.488029584285263,1242,"Kansas",FALSE
2022,"linear_pca",87,1211,"Gonzaga",0.621623892951906,1242,"Kansas",FALSE
2022,"linear_pca",88,1345,"Purdue",0.666174764492937,1242,"Kansas",FALSE
2022,"linear_pca",89,1112,"Arizona",0.507002072443197,1242,"Kansas",FALSE
2022,"linear_pca",90,1242,"Kansas",0.461592598703353,1242,"Kansas",TRUE
2022,"linear_pca",91,1246,"Kentucky",0.505872281448596,1242,"Kansas",FALSE
2022,"linear_pca",92,1124,"Baylor",0.52272969237058,1242,"Kansas",FALSE
2022,"linear_pca",93,1124,"Baylor",0.675919549037769,1242,"Kansas",FALSE
2022,"linear_pca",94,1437,"Villanova",0.505872281448596,1242,"Kansas",FALSE
2022,"linear_pca",95,1124,"Baylor",0.52272969237058,1242,"Kansas",FALSE
2022,"linear_pca",96,1211,"Gonzaga",0.657864066657408,1242,"Kansas",FALSE
2022,"linear_pca",97,1211,"Gonzaga",0.621623892951906,1242,"Kansas",FALSE
2022,"linear_pca",98,1344,"Providence",0.59061632051677,1242,"Kansas",FALSE
2022,"linear_pca",99,1124,"Baylor",0.654471299372723,1242,"Kansas",FALSE
2022,"linear_pca",100,1397,"Tennessee",0.537394506156437,1242,"Kansas",FALSE
2023,"Ranger",1,1462,"Xavier",0.528,1163,"Connecticut",FALSE
2023,"Ranger",2,1124,"Baylor",0.588,1163,"Connecticut",FALSE
2023,"Ranger",3,1104,"Alabama",0.408,1163,"Connecticut",FALSE
2023,"Ranger",4,1166,"Creighton",0.412,1163,"Connecticut",FALSE
2023,"Ranger",5,1361,"San Diego St",0.454,1163,"Connecticut",FALSE
2023,"Ranger",6,1222,"Houston",0.314,1163,"Connecticut",FALSE
2023,"Ranger",7,1417,"UCLA",0.106,1163,"Connecticut",FALSE
2023,"Ranger",8,1222,"Houston",0.21,1163,"Connecticut",FALSE
2023,"Ranger",9,1417,"UCLA",0.408,1163,"Connecticut",FALSE
2023,"Ranger",10,1166,"Creighton",0.6,1163,"Connecticut",FALSE
2023,"Ranger",11,1266,"Marquette",0.556,1163,"Connecticut",FALSE
2023,"Ranger",12,1163,"Connecticut",0.468,1163,"Connecticut",TRUE
2023,"Ranger",13,1266,"Marquette",0.418,1163,"Connecticut",FALSE
2023,"Ranger",14,1222,"Houston",0.332,1163,"Connecticut",FALSE
2023,"Ranger",15,1222,"Houston",0.432,1163,"Connecticut",FALSE
2023,"Ranger",16,1397,"Tennessee",0.516,1163,"Connecticut",FALSE
2023,"Ranger",17,1104,"Alabama",0.432,1163,"Connecticut",FALSE
2023,"Ranger",18,1462,"Xavier",0.532,1163,"Connecticut",FALSE
2023,"Ranger",19,1222,"Houston",0.432,1163,"Connecticut",FALSE
2023,"Ranger",20,1242,"Kansas",0.31,1163,"Connecticut",FALSE
2023,"Ranger",21,1336,"Penn St",0.674,1163,"Connecticut",FALSE
2023,"Ranger",22,1163,"Connecticut",0.306,1163,"Connecticut",TRUE
2023,"Ranger",23,1417,"UCLA",0.116,1163,"Connecticut",FALSE
2023,"Ranger",24,1266,"Marquette",0.418,1163,"Connecticut",FALSE
2023,"Ranger",25,1345,"Purdue",0.622,1163,"Connecticut",FALSE
2023,"Ranger",26,1222,"Houston",0.282,1163,"Connecticut",FALSE
2023,"Ranger",27,1361,"San Diego St",0.334,1163,"Connecticut",FALSE
2023,"Ranger",28,1222,"Houston",0.356,1163,"Connecticut",FALSE
2023,"Ranger",29,1400,"Texas",0.52,1163,"Connecticut",FALSE
2023,"Ranger",30,1462,"Xavier",0.528,1163,"Connecticut",FALSE
2023,"Ranger",31,1397,"Tennessee",0.424,1163,"Connecticut",FALSE
2023,"Ranger",32,1124,"Baylor",0.474,1163,"Connecticut",FALSE
2023,"Ranger",33,1163,"Connecticut",0.304,1163,"Connecticut",TRUE
2023,"Ranger",34,1242,"Kansas",0.392,1163,"Connecticut",FALSE
2023,"Ranger",35,1163,"Connecticut",0.468,1163,"Connecticut",TRUE
2023,"Ranger",36,1417,"UCLA",0.106,1163,"Connecticut",FALSE
2023,"Ranger",37,1242,"Kansas",0.336,1163,"Connecticut",FALSE
2023,"Ranger",38,1462,"Xavier",0.586,1163,"Connecticut",FALSE
2023,"Ranger",39,1417,"UCLA",0.402,1163,"Connecticut",FALSE
2023,"Ranger",40,1462,"Xavier",0.412,1163,"Connecticut",FALSE
2023,"Ranger",41,1397,"Tennessee",0.506,1163,"Connecticut",FALSE
2023,"Ranger",42,1417,"UCLA",0.508,1163,"Connecticut",FALSE
2023,"Ranger",43,1222,"Houston",0.318,1163,"Connecticut",FALSE
2023,"Ranger",44,1124,"Baylor",0.558,1163,"Connecticut",FALSE
2023,"Ranger",45,1124,"Baylor",0.71,1163,"Connecticut",FALSE
2023,"Ranger",46,1124,"Baylor",0.658,1163,"Connecticut",FALSE
2023,"Ranger",47,1222,"Houston",0.244,1163,"Connecticut",FALSE
2023,"Ranger",48,1397,"Tennessee",0.506,1163,"Connecticut",FALSE
2023,"Ranger",49,1417,"UCLA",0.402,1163,"Connecticut",FALSE
2023,"Ranger",50,1222,"Houston",0.356,1163,"Connecticut",FALSE
2023,"Ranger",51,1124,"Baylor",0.618,1163,"Connecticut",FALSE
2023,"Ranger",52,1211,"Gonzaga",0.484,1163,"Connecticut",FALSE
2023,"Ranger",53,1417,"UCLA",0.506,1163,"Connecticut",FALSE
2023,"Ranger",54,1462,"Xavier",0.194,1163,"Connecticut",FALSE
2023,"Ranger",55,1242,"Kansas",0.336,1163,"Connecticut",FALSE
2023,"Ranger",56,1124,"Baylor",0.558,1163,"Connecticut",FALSE
2023,"Ranger",57,1345,"Purdue",0.356,1163,"Connecticut",FALSE
2023,"Ranger",58,1361,"San Diego St",0.308,1163,"Connecticut",FALSE
2023,"Ranger",59,1235,"Iowa St",0.478,1163,"Connecticut",FALSE
2023,"Ranger",60,1181,"Duke",0.222,1163,"Connecticut",FALSE
2023,"Ranger",61,1163,"Connecticut",0.262,1163,"Connecticut",TRUE
2023,"Ranger",62,1242,"Kansas",0.506,1163,"Connecticut",FALSE
2023,"Ranger",63,1417,"UCLA",0.408,1163,"Connecticut",FALSE
2023,"Ranger",64,1124,"Baylor",0.346,1163,"Connecticut",FALSE
2023,"Ranger",65,1211,"Gonzaga",0.34,1163,"Connecticut",FALSE
2023,"Ranger",66,1231,"Indiana",0.652,1163,"Connecticut",FALSE
2023,"Ranger",67,1222,"Houston",0.308,1163,"Connecticut",FALSE
2023,"Ranger",68,1266,"Marquette",0.836,1163,"Connecticut",FALSE
2023,"Ranger",69,1417,"UCLA",0.128,1163,"Connecticut",FALSE
2023,"Ranger",70,1211,"Gonzaga",0.524,1163,"Connecticut",FALSE
2023,"Ranger",71,1395,"TCU",0.556,1163,"Connecticut",FALSE
2023,"Ranger",72,1222,"Houston",0.432,1163,"Connecticut",FALSE
2023,"Ranger",73,1400,"Texas",0.414,1163,"Connecticut",FALSE
2023,"Ranger",74,1222,"Houston",0.314,1163,"Connecticut",FALSE
2023,"Ranger",75,1104,"Alabama",0.556,1163,"Connecticut",FALSE
2023,"Ranger",76,1417,"UCLA",0.408,1163,"Connecticut",FALSE
2023,"Ranger",77,1163,"Connecticut",0.334,1163,"Connecticut",TRUE
2023,"Ranger",78,1222,"Houston",0.356,1163,"Connecticut",FALSE
2023,"Ranger",79,1112,"Arizona",0.472,1163,"Connecticut",FALSE
2023,"Ranger",80,1417,"UCLA",0.29,1163,"Connecticut",FALSE
2023,"Ranger",81,1266,"Marquette",0.402,1163,"Connecticut",FALSE
2023,"Ranger",82,1222,"Houston",0.21,1163,"Connecticut",FALSE
2023,"Ranger",83,1361,"San Diego St",0.52,1163,"Connecticut",FALSE
2023,"Ranger",84,1397,"Tennessee",0.424,1163,"Connecticut",FALSE
2023,"Ranger",85,1243,"Kansas St",0.416,1163,"Connecticut",FALSE
2023,"Ranger",86,1417,"UCLA",0.334,1163,"Connecticut",FALSE
2023,"Ranger",87,1211,"Gonzaga",0.168,1163,"Connecticut",FALSE
2023,"Ranger",88,1222,"Houston",0.182,1163,"Connecticut",FALSE
2023,"Ranger",89,1222,"Houston",0.332,1163,"Connecticut",FALSE
2023,"Ranger",90,1222,"Houston",0.21,1163,"Connecticut",FALSE
2023,"Ranger",91,1211,"Gonzaga",0.45,1163,"Connecticut",FALSE
2023,"Ranger",92,1345,"Purdue",0.748,1163,"Connecticut",FALSE
2023,"Ranger",93,1163,"Connecticut",0.388,1163,"Connecticut",TRUE
2023,"Ranger",94,1222,"Houston",0.344,1163,"Connecticut",FALSE
2023,"Ranger",95,1104,"Alabama",0.45,1163,"Connecticut",FALSE
2023,"Ranger",96,1211,"Gonzaga",0.524,1163,"Connecticut",FALSE
2023,"Ranger",97,1112,"Arizona",0.29,1163,"Connecticut",FALSE
2023,"Ranger",98,1361,"San Diego St",0.424,1163,"Connecticut",FALSE
2023,"Ranger",99,1222,"Houston",0.188,1163,"Connecticut",FALSE
2023,"Ranger",100,1222,"Houston",0.356,1163,"Connecticut",FALSE
2023,"Logistic",1,1400,"Texas",0.341093920282664,1163,"Connecticut",FALSE
2023,"Logistic",2,1417,"UCLA",0.355811804556792,1163,"Connecticut",FALSE
2023,"Logistic",3,1417,"UCLA",0.33004534535215,1163,"Connecticut",FALSE
2023,"Logistic",4,1104,"Alabama",0.489390946537398,1163,"Connecticut",FALSE
2023,"Logistic",5,1222,"Houston",0.343845633673274,1163,"Connecticut",FALSE
2023,"Logistic",6,1112,"Arizona",0.230619197946248,1163,"Connecticut",FALSE
2023,"Logistic",7,1345,"Purdue",0.752645299275591,1163,"Connecticut",FALSE
2023,"Logistic",8,1397,"Tennessee",0.531452073268329,1163,"Connecticut",FALSE
2023,"Logistic",9,1397,"Tennessee",0.516561675422118,1163,"Connecticut",FALSE
2023,"Logistic",10,1163,"Connecticut",0.247031525418776,1163,"Connecticut",TRUE
2023,"Logistic",11,1163,"Connecticut",0.516561675422118,1163,"Connecticut",TRUE
2023,"Logistic",12,1228,"Illinois",0.469331132302347,1163,"Connecticut",FALSE
2023,"Logistic",13,1400,"Texas",0.488203709857565,1163,"Connecticut",FALSE
2023,"Logistic",14,1462,"Xavier",0.672942656933817,1163,"Connecticut",FALSE
2023,"Logistic",15,1277,"Michigan St",0.229700232027057,1163,"Connecticut",FALSE
2023,"Logistic",16,1266,"Marquette",0.33004534535215,1163,"Connecticut",FALSE
2023,"Logistic",17,1116,"Arkansas",0.588014505882562,1163,"Connecticut",FALSE
2023,"Logistic",18,1242,"Kansas",0.349191458951345,1163,"Connecticut",FALSE
2023,"Logistic",19,1222,"Houston",0.181357011996161,1163,"Connecticut",FALSE
2023,"Logistic",20,1242,"Kansas",0.536993836270129,1163,"Connecticut",FALSE
2023,"Logistic",21,1222,"Houston",0.28101010100089,1163,"Connecticut",FALSE
2023,"Logistic",22,1345,"Purdue",0.355811804556792,1163,"Connecticut",FALSE
2023,"Logistic",23,1222,"Houston",0.382775053846229,1163,"Connecticut",FALSE
2023,"Logistic",24,1400,"Texas",0.409186698732378,1163,"Connecticut",FALSE
2023,"Logistic",25,1281,"Missouri",0.1652843877878,1163,"Connecticut",FALSE
2023,"Logistic",26,1361,"San Diego St",0.369237259040508,1163,"Connecticut",FALSE
2023,"Logistic",27,1400,"Texas",0.459691432249475,1163,"Connecticut",FALSE
2023,"Logistic",28,1397,"Tennessee",0.70887816500751,1163,"Connecticut",FALSE
2023,"Logistic",29,1104,"Alabama",0.356901601285857,1163,"Connecticut",FALSE
2023,"Logistic",30,1417,"UCLA",0.396416152733847,1163,"Connecticut",FALSE
2023,"Logistic",31,1397,"Tennessee",0.579669009604719,1163,"Connecticut",FALSE
2023,"Logistic",32,1124,"Baylor",0.28623848264214,1163,"Connecticut",FALSE
2023,"Logistic",33,1222,"Houston",0.317486803723926,1163,"Connecticut",FALSE
2023,"Logistic",34,1397,"Tennessee",0.532352603041534,1163,"Connecticut",FALSE
2023,"Logistic",35,1361,"San Diego St",0.50642147430057,1163,"Connecticut",FALSE
2023,"Logistic",36,1120,"Auburn",0.651742380334074,1163,"Connecticut",FALSE
2023,"Logistic",37,1345,"Purdue",0.536993836270129,1163,"Connecticut",FALSE
2023,"Logistic",38,1222,"Houston",0.317486803723926,1163,"Connecticut",FALSE
2023,"Logistic",39,1417,"UCLA",0.292744647120759,1163,"Connecticut",FALSE
2023,"Logistic",40,1397,"Tennessee",0.396416152733847,1163,"Connecticut",FALSE
2023,"Logistic",41,1222,"Houston",0.343845633673274,1163,"Connecticut",FALSE
2023,"Logistic",42,1388,"St Mary's CA",0.574064368266208,1163,"Connecticut",FALSE
2023,"Logistic",43,1211,"Gonzaga",0.41006136785166,1163,"Connecticut",FALSE
2023,"Logistic",44,1222,"Houston",0.274663452618286,1163,"Connecticut",FALSE
2023,"Logistic",45,1104,"Alabama",0.602907765554404,1163,"Connecticut",FALSE
2023,"Logistic",46,1388,"St Mary's CA",0.574064368266208,1163,"Connecticut",FALSE
2023,"Logistic",47,1222,"Houston",0.342774454325717,1163,"Connecticut",FALSE
2023,"Logistic",48,1166,"Creighton",0.586091421380964,1163,"Connecticut",FALSE
2023,"Logistic",49,1222,"Houston",0.317486803723926,1163,"Connecticut",FALSE
2023,"Logistic",50,1222,"Houston",0.194380185485153,1163,"Connecticut",FALSE
2023,"Logistic",51,1222,"Houston",0.382775053846229,1163,"Connecticut",FALSE
2023,"Logistic",52,1417,"UCLA",0.157259875941411,1163,"Connecticut",FALSE
2023,"Logistic",53,1163,"Connecticut",0.293420019011305,1163,"Connecticut",TRUE
2023,"Logistic",54,1266,"Marquette",0.317486803723926,1163,"Connecticut",FALSE
2023,"Logistic",55,1400,"Texas",0.459691432249475,1163,"Connecticut",FALSE
2023,"Logistic",56,1222,"Houston",0.317486803723926,1163,"Connecticut",FALSE
2023,"Logistic",57,1452,"West Virginia",0.695141698439314,1163,"Connecticut",FALSE
2023,"Logistic",58,1235,"Iowa St",0.665333144187925,1163,"Connecticut",FALSE
2023,"Logistic",59,1400,"Texas",0.531452073268329,1163,"Connecticut",FALSE
2023,"Logistic",60,1401,"Texas A&M",0.448477615608658,1163,"Connecticut",FALSE
2023,"Logistic",61,1401,"Texas A&M",0.694781786022609,1163,"Connecticut",FALSE
2023,"Logistic",62,1222,"Houston",0.342774454325717,1163,"Connecticut",FALSE
2023,"Logistic",63,1231,"Indiana",0.491404346465177,1163,"Connecticut",FALSE
2023,"Logistic",64,1417,"UCLA",0.33004534535215,1163,"Connecticut",FALSE
2023,"Logistic",65,1222,"Houston",0.317486803723926,1163,"Connecticut",FALSE
2023,"Logistic",66,1400,"Texas",0.341093920282664,1163,"Connecticut",FALSE
2023,"Logistic",67,1222,"Houston",0.342774454325717,1163,"Connecticut",FALSE
2023,"Logistic",68,1222,"Houston",0.382775053846229,1163,"Connecticut",FALSE
2023,"Logistic",69,1397,"Tennessee",0.396416152733847,1163,"Connecticut",FALSE
2023,"Logistic",70,1417,"UCLA",0.356901601285857,1163,"Connecticut",FALSE
2023,"Logistic",71,1124,"Baylor",0.41006136785166,1163,"Connecticut",FALSE
2023,"Logistic",72,1400,"Texas",0.224233649122506,1163,"Connecticut",FALSE
2023,"Logistic",73,1222,"Houston",0.192921274259008,1163,"Connecticut",FALSE
2023,"Logistic",74,1417,"UCLA",0.190030052593428,1163,"Connecticut",FALSE
2023,"Logistic",75,1417,"UCLA",0.230619197946248,1163,"Connecticut",FALSE
2023,"Logistic",76,1417,"UCLA",0.396416152733847,1163,"Connecticut",FALSE
2023,"Logistic",77,1104,"Alabama",0.356901601285857,1163,"Connecticut",FALSE
2023,"Logistic",78,1417,"UCLA",0.203344189754233,1163,"Connecticut",FALSE
2023,"Logistic",79,1266,"Marquette",0.33004534535215,1163,"Connecticut",FALSE
2023,"Logistic",80,1417,"UCLA",0.355811804556792,1163,"Connecticut",FALSE
2023,"Logistic",81,1163,"Connecticut",0.47330101968278,1163,"Connecticut",TRUE
2023,"Logistic",82,1266,"Marquette",0.33004534535215,1163,"Connecticut",FALSE
2023,"Logistic",83,1417,"UCLA",0.216509537776957,1163,"Connecticut",FALSE
2023,"Logistic",84,1222,"Houston",0.342774454325717,1163,"Connecticut",FALSE
2023,"Logistic",85,1181,"Duke",0.448477615608658,1163,"Connecticut",FALSE
2023,"Logistic",86,1222,"Houston",0.317486803723926,1163,"Connecticut",FALSE
2023,"Logistic",87,1417,"UCLA",0.28623848264214,1163,"Connecticut",FALSE
2023,"Logistic",88,1235,"Iowa St",0.415264925092813,1163,"Connecticut",FALSE
2023,"Logistic",89,1242,"Kansas",0.377107580490118,1163,"Connecticut",FALSE
2023,"Logistic",90,1222,"Houston",0.342774454325717,1163,"Connecticut",FALSE
2023,"Logistic",91,1417,"UCLA",0.33004534535215,1163,"Connecticut",FALSE
2023,"Logistic",92,1222,"Houston",0.342774454325717,1163,"Connecticut",FALSE
2023,"Logistic",93,1345,"Purdue",0.342774454325717,1163,"Connecticut",FALSE
2023,"Logistic",94,1417,"UCLA",0.396416152733847,1163,"Connecticut",FALSE
2023,"Logistic",95,1345,"Purdue",0.488203709857565,1163,"Connecticut",FALSE
2023,"Logistic",96,1104,"Alabama",0.490294784248598,1163,"Connecticut",FALSE
2023,"Logistic",97,1417,"UCLA",0.355811804556792,1163,"Connecticut",FALSE
2023,"Logistic",98,1231,"Indiana",0.655599554141523,1163,"Connecticut",FALSE
2023,"Logistic",99,1345,"Purdue",0.355811804556792,1163,"Connecticut",FALSE
2023,"Logistic",100,1417,"UCLA",0.33004534535215,1163,"Connecticut",FALSE
2023,"XGBoost",1,1163,"Connecticut",0.225288420915604,1163,"Connecticut",TRUE
2023,"XGBoost",2,1211,"Gonzaga",0.388427436351776,1163,"Connecticut",FALSE
2023,"XGBoost",3,1163,"Connecticut",0.00249742739833891,1163,"Connecticut",TRUE
2023,"XGBoost",4,1400,"Texas",0.121721029281616,1163,"Connecticut",FALSE
2023,"XGBoost",5,1163,"Connecticut",0.225288420915604,1163,"Connecticut",TRUE
2023,"XGBoost",6,1124,"Baylor",0.239448413252831,1163,"Connecticut",FALSE
2023,"XGBoost",7,1163,"Connecticut",0.225288420915604,1163,"Connecticut",TRUE
2023,"XGBoost",8,1397,"Tennessee",0.225288420915604,1163,"Connecticut",FALSE
2023,"XGBoost",9,1163,"Connecticut",0.225288420915604,1163,"Connecticut",TRUE
2023,"XGBoost",10,1163,"Connecticut",0.10517081618309,1163,"Connecticut",TRUE
2023,"XGBoost",11,1163,"Connecticut",0.225288420915604,1163,"Connecticut",TRUE
2023,"XGBoost",12,1345,"Purdue",0.783918917179108,1163,"Connecticut",FALSE
2023,"XGBoost",13,1222,"Houston",0.435878276824951,1163,"Connecticut",FALSE
2023,"XGBoost",14,1462,"Xavier",0.472282588481903,1163,"Connecticut",FALSE
2023,"XGBoost",15,1397,"Tennessee",0.388427436351776,1163,"Connecticut",FALSE
2023,"XGBoost",16,1417,"UCLA",0.270878255367279,1163,"Connecticut",FALSE
2023,"XGBoost",17,1401,"Texas A&M",0.100833915174007,1163,"Connecticut",FALSE
2023,"XGBoost",18,1222,"Houston",0.00958298984915018,1163,"Connecticut",FALSE
2023,"XGBoost",19,1222,"Houston",0.153970167040825,1163,"Connecticut",FALSE
2023,"XGBoost",20,1397,"Tennessee",0.7636479139328,1163,"Connecticut",FALSE
2023,"XGBoost",21,1163,"Connecticut",0.10517081618309,1163,"Connecticut",TRUE
2023,"XGBoost",22,1246,"Kentucky",0.702414393424988,1163,"Connecticut",FALSE
2023,"XGBoost",23,1163,"Connecticut",0.225288420915604,1163,"Connecticut",TRUE
2023,"XGBoost",24,1417,"UCLA",0.118772983551025,1163,"Connecticut",FALSE
2023,"XGBoost",25,1397,"Tennessee",0.435878276824951,1163,"Connecticut",FALSE
2023,"XGBoost",26,1222,"Houston",0.123029299080372,1163,"Connecticut",FALSE
2023,"XGBoost",27,1400,"Texas",0.121721029281616,1163,"Connecticut",FALSE
2023,"XGBoost",28,1462,"Xavier",0.380287617444992,1163,"Connecticut",FALSE
2023,"XGBoost",29,1104,"Alabama",0.270878255367279,1163,"Connecticut",FALSE
2023,"XGBoost",30,1222,"Houston",0.435878276824951,1163,"Connecticut",FALSE
2023,"XGBoost",31,1397,"Tennessee",0.775292277336121,1163,"Connecticut",FALSE
2023,"XGBoost",32,1163,"Connecticut",0.0813509523868561,1163,"Connecticut",TRUE
2023,"XGBoost",33,1462,"Xavier",0.446929156780243,1163,"Connecticut",FALSE
2023,"XGBoost",34,1246,"Kentucky",0.953361630439758,1163,"Connecticut",FALSE
2023,"XGBoost",35,1222,"Houston",0.123029299080372,1163,"Connecticut",FALSE
2023,"XGBoost",36,1222,"Houston",0.293486088514328,1163,"Connecticut",FALSE
2023,"XGBoost",37,1345,"Purdue",0.0813509523868561,1163,"Connecticut",FALSE
2023,"XGBoost",38,1266,"Marquette",0.592986166477203,1163,"Connecticut",FALSE
2023,"XGBoost",39,1163,"Connecticut",0.10517081618309,1163,"Connecticut",TRUE
2023,"XGBoost",40,1163,"Connecticut",0.225288420915604,1163,"Connecticut",TRUE
2023,"XGBoost",41,1222,"Houston",0.123029299080372,1163,"Connecticut",FALSE
2023,"XGBoost",42,1163,"Connecticut",0.225288420915604,1163,"Connecticut",TRUE
2023,"XGBoost",43,1211,"Gonzaga",0.239448413252831,1163,"Connecticut",FALSE
2023,"XGBoost",44,1163,"Connecticut",0.10517081618309,1163,"Connecticut",TRUE
2023,"XGBoost",45,1163,"Connecticut",0.10517081618309,1163,"Connecticut",TRUE
2023,"XGBoost",46,1163,"Connecticut",0.592986166477203,1163,"Connecticut",TRUE
2023,"XGBoost",47,1163,"Connecticut",0.225288420915604,1163,"Connecticut",TRUE
2023,"XGBoost",48,1234,"Iowa",0.255368322134018,1163,"Connecticut",FALSE
2023,"XGBoost",49,1163,"Connecticut",0.00249742739833891,1163,"Connecticut",TRUE
2023,"XGBoost",50,1452,"West Virginia",0.689137756824493,1163,"Connecticut",FALSE
2023,"XGBoost",51,1222,"Houston",0.435878276824951,1163,"Connecticut",FALSE
2023,"XGBoost",52,1211,"Gonzaga",0.388427436351776,1163,"Connecticut",FALSE
2023,"XGBoost",53,1163,"Connecticut",0.225288420915604,1163,"Connecticut",TRUE
2023,"XGBoost",54,1397,"Tennessee",0.388427436351776,1163,"Connecticut",FALSE
2023,"XGBoost",55,1163,"Connecticut",0.0813509523868561,1163,"Connecticut",TRUE
2023,"XGBoost",56,1163,"Connecticut",0.225288420915604,1163,"Connecticut",TRUE
2023,"XGBoost",57,1222,"Houston",0.435878276824951,1163,"Connecticut",FALSE
2023,"XGBoost",58,1400,"Texas",0.121721029281616,1163,"Connecticut",FALSE
2023,"XGBoost",59,1211,"Gonzaga",0.388427436351776,1163,"Connecticut",FALSE
2023,"XGBoost",60,1462,"Xavier",0.557764708995819,1163,"Connecticut",FALSE
2023,"XGBoost",61,1163,"Connecticut",0.225288420915604,1163,"Connecticut",TRUE
2023,"XGBoost",62,1397,"Tennessee",0.613108336925507,1163,"Connecticut",FALSE
2023,"XGBoost",63,1163,"Connecticut",0.0813509523868561,1163,"Connecticut",TRUE
2023,"XGBoost",64,1163,"Connecticut",0.225288420915604,1163,"Connecticut",TRUE
2023,"XGBoost",65,1163,"Connecticut",0.225288420915604,1163,"Connecticut",TRUE
2023,"XGBoost",66,1163,"Connecticut",0.225288420915604,1163,"Connecticut",TRUE
2023,"XGBoost",67,1163,"Connecticut",0.225288420915604,1163,"Connecticut",TRUE
2023,"XGBoost",68,1222,"Houston",0.435878276824951,1163,"Connecticut",FALSE
2023,"XGBoost",69,1397,"Tennessee",0.225288420915604,1163,"Connecticut",FALSE
2023,"XGBoost",70,1417,"UCLA",0.270878255367279,1163,"Connecticut",FALSE
2023,"XGBoost",71,1104,"Alabama",0.641458988189697,1163,"Connecticut",FALSE
2023,"XGBoost",72,1163,"Connecticut",0.10517081618309,1163,"Connecticut",TRUE
2023,"XGBoost",73,1246,"Kentucky",0.715189516544342,1163,"Connecticut",FALSE
2023,"XGBoost",74,1211,"Gonzaga",0.388427436351776,1163,"Connecticut",FALSE
2023,"XGBoost",75,1222,"Houston",0.123029299080372,1163,"Connecticut",FALSE
2023,"XGBoost",76,1211,"Gonzaga",0.388427436351776,1163,"Connecticut",FALSE
2023,"XGBoost",77,1222,"Houston",0.123029299080372,1163,"Connecticut",FALSE
2023,"XGBoost",78,1211,"Gonzaga",0.0507164485752583,1163,"Connecticut",FALSE
2023,"XGBoost",79,1104,"Alabama",0.270878255367279,1163,"Connecticut",FALSE
2023,"XGBoost",80,1163,"Connecticut",0.225288420915604,1163,"Connecticut",TRUE
2023,"XGBoost",81,1163,"Connecticut",0.00249742739833891,1163,"Connecticut",TRUE
2023,"XGBoost",82,1345,"Purdue",0.0813509523868561,1163,"Connecticut",FALSE
2023,"XGBoost",83,1222,"Houston",0.435878276824951,1163,"Connecticut",FALSE
2023,"XGBoost",84,1163,"Connecticut",0.225288420915604,1163,"Connecticut",TRUE
2023,"XGBoost",85,1397,"Tennessee",0.388427436351776,1163,"Connecticut",FALSE
2023,"XGBoost",86,1397,"Tennessee",0.435878276824951,1163,"Connecticut",FALSE
2023,"XGBoost",87,1163,"Connecticut",0.0813509523868561,1163,"Connecticut",TRUE
2023,"XGBoost",88,1222,"Houston",0.435878276824951,1163,"Connecticut",FALSE
2023,"XGBoost",89,1163,"Connecticut",0.462285876274109,1163,"Connecticut",TRUE
2023,"XGBoost",90,1222,"Houston",0.153970167040825,1163,"Connecticut",FALSE
2023,"XGBoost",91,1211,"Gonzaga",0.371409922838211,1163,"Connecticut",FALSE
2023,"XGBoost",92,1222,"Houston",0.153970167040825,1163,"Connecticut",FALSE
2023,"XGBoost",93,1397,"Tennessee",0.225288420915604,1163,"Connecticut",FALSE
2023,"XGBoost",94,1222,"Houston",0.435878276824951,1163,"Connecticut",FALSE
2023,"XGBoost",95,1246,"Kentucky",0.462285876274109,1163,"Connecticut",FALSE
2023,"XGBoost",96,1104,"Alabama",0.270878255367279,1163,"Connecticut",FALSE
2023,"XGBoost",97,1163,"Connecticut",0.225288420915604,1163,"Connecticut",TRUE
2023,"XGBoost",98,1222,"Houston",0.435878276824951,1163,"Connecticut",FALSE
2023,"XGBoost",99,1163,"Connecticut",0.0813509523868561,1163,"Connecticut",TRUE
2023,"XGBoost",100,1163,"Connecticut",0.225288420915604,1163,"Connecticut",TRUE
2023,"Consensus",1,1104,"Alabama",0.790759564163622,1163,"Connecticut",FALSE
2023,"Consensus",2,1222,"Houston",0.342199732405619,1163,"Connecticut",FALSE
2023,"Consensus",3,1222,"Houston",0.612269954300182,1163,"Connecticut",FALSE
2023,"Consensus",4,1104,"Alabama",0.790759564163622,1163,"Connecticut",FALSE
2023,"Consensus",5,1104,"Alabama",0.612269954300182,1163,"Connecticut",FALSE
2023,"Consensus",6,1112,"Arizona",0.303785548839301,1163,"Connecticut",FALSE
2023,"Consensus",7,1345,"Purdue",0.412538671073911,1163,"Connecticut",FALSE
2023,"Consensus",8,1104,"Alabama",0.790759564163622,1163,"Connecticut",FALSE
2023,"Consensus",9,1242,"Kansas",0.303785548839301,1163,"Connecticut",FALSE
2023,"Consensus",10,1104,"Alabama",0.612269954300182,1163,"Connecticut",FALSE
2023,"Consensus",11,1222,"Houston",0.342199732405619,1163,"Connecticut",FALSE
2023,"Consensus",12,1222,"Houston",0.1928814579581,1163,"Connecticut",FALSE
2023,"Consensus",13,1400,"Texas",0.554566619650455,1163,"Connecticut",FALSE
2023,"Consensus",14,1222,"Houston",0.612269954300182,1163,"Connecticut",FALSE
2023,"Consensus",15,1104,"Alabama",0.680678190331078,1163,"Connecticut",FALSE
2023,"Consensus",16,1104,"Alabama",0.812725067216125,1163,"Connecticut",FALSE
2023,"Consensus",17,1222,"Houston",0.612269954300182,1163,"Connecticut",FALSE
2023,"Consensus",18,1104,"Alabama",0.680678190331078,1163,"Connecticut",FALSE
2023,"Consensus",19,1222,"Houston",0.342199732405619,1163,"Connecticut",FALSE
2023,"Consensus",20,1242,"Kansas",0.412538671073911,1163,"Connecticut",FALSE
2023,"Consensus",21,1222,"Houston",0.612269954300182,1163,"Connecticut",FALSE
2023,"Consensus",22,1345,"Purdue",0.588421656485655,1163,"Connecticut",FALSE
2023,"Consensus",23,1222,"Houston",0.342199732405619,1163,"Connecticut",FALSE
2023,"Consensus",24,1242,"Kansas",0.680678190331078,1163,"Connecticut",FALSE
2023,"Consensus",25,1112,"Arizona",0.244278860557835,1163,"Connecticut",FALSE
2023,"Consensus",26,1104,"Alabama",0.612269954300182,1163,"Connecticut",FALSE
2023,"Consensus",27,1104,"Alabama",0.790759564163622,1163,"Connecticut",FALSE
2023,"Consensus",28,1242,"Kansas",0.412538671073911,1163,"Connecticut",FALSE
2023,"Consensus",29,1104,"Alabama",0.812725067216125,1163,"Connecticut",FALSE
2023,"Consensus",30,1104,"Alabama",0.612269954300182,1163,"Connecticut",FALSE
2023,"Consensus",31,1104,"Alabama",0.680678190331078,1163,"Connecticut",FALSE
2023,"Consensus",32,1345,"Purdue",0.412538671073911,1163,"Connecticut",FALSE
2023,"Consensus",33,1222,"Houston",0.612269954300182,1163,"Connecticut",FALSE
2023,"Consensus",34,1104,"Alabama",0.869000586389448,1163,"Connecticut",FALSE
2023,"Consensus",35,1104,"Alabama",0.790759564163622,1163,"Connecticut",FALSE
2023,"Consensus",36,1222,"Houston",0.1928814579581,1163,"Connecticut",FALSE
2023,"Consensus",37,1104,"Alabama",0.612269954300182,1163,"Connecticut",FALSE
2023,"Consensus",38,1222,"Houston",0.1928814579581,1163,"Connecticut",FALSE
2023,"Consensus",39,1104,"Alabama",0.812725067216125,1163,"Connecticut",FALSE
2023,"Consensus",40,1104,"Alabama",0.612269954300182,1163,"Connecticut",FALSE
2023,"Consensus",41,1222,"Houston",0.612269954300182,1163,"Connecticut",FALSE
2023,"Consensus",42,1242,"Kansas",0.412538671073911,1163,"Connecticut",FALSE
2023,"Consensus",43,1104,"Alabama",0.869000586389448,1163,"Connecticut",FALSE
2023,"Consensus",44,1104,"Alabama",0.612269954300182,1163,"Connecticut",FALSE
2023,"Consensus",45,1104,"Alabama",0.680678190331078,1163,"Connecticut",FALSE
2023,"Consensus",46,1104,"Alabama",0.680678190331078,1163,"Connecticut",FALSE
2023,"Consensus",47,1222,"Houston",0.342199732405619,1163,"Connecticut",FALSE
2023,"Consensus",48,1104,"Alabama",0.612269954300182,1163,"Connecticut",FALSE
2023,"Consensus",49,1222,"Houston",0.612269954300182,1163,"Connecticut",FALSE
2023,"Consensus",50,1104,"Alabama",0.612269954300182,1163,"Connecticut",FALSE
2023,"Consensus",51,1222,"Houston",0.612269954300182,1163,"Connecticut",FALSE
2023,"Consensus",52,1417,"UCLA",0.812725067216125,1163,"Connecticut",FALSE
2023,"Consensus",53,1242,"Kansas",0.680678190331078,1163,"Connecticut",FALSE
2023,"Consensus",54,1104,"Alabama",0.612269954300182,1163,"Connecticut",FALSE
2023,"Consensus",55,1400,"Texas",0.554566619650455,1163,"Connecticut",FALSE
2023,"Consensus",56,1222,"Houston",0.612269954300182,1163,"Connecticut",FALSE
2023,"Consensus",57,1104,"Alabama",0.612269954300182,1163,"Connecticut",FALSE
2023,"Consensus",58,1400,"Texas",0.554566619650455,1163,"Connecticut",FALSE
2023,"Consensus",59,1400,"Texas",0.436171160408415,1163,"Connecticut",FALSE
2023,"Consensus",60,1400,"Texas",0.241138653762592,1163,"Connecticut",FALSE
2023,"Consensus",61,1400,"Texas",0.554566619650455,1163,"Connecticut",FALSE
2023,"Consensus",62,1104,"Alabama",0.612269954300182,1163,"Connecticut",FALSE
2023,"Consensus",63,1222,"Houston",0.1928814579581,1163,"Connecticut",FALSE
2023,"Consensus",64,1104,"Alabama",0.680678190331078,1163,"Connecticut",FALSE
2023,"Consensus",65,1104,"Alabama",0.612269954300182,1163,"Connecticut",FALSE
2023,"Consensus",66,1104,"Alabama",0.790759564163622,1163,"Connecticut",FALSE
2023,"Consensus",67,1104,"Alabama",0.612269954300182,1163,"Connecticut",FALSE
2023,"Consensus",68,1222,"Houston",0.612269954300182,1163,"Connecticut",FALSE
2023,"Consensus",69,1345,"Purdue",0.412538671073911,1163,"Connecticut",FALSE
2023,"Consensus",70,1104,"Alabama",0.812725067216125,1163,"Connecticut",FALSE
2023,"Consensus",71,1104,"Alabama",0.869000586389448,1163,"Connecticut",FALSE
2023,"Consensus",72,1104,"Alabama",0.790759564163622,1163,"Connecticut",FALSE
2023,"Consensus",73,1222,"Houston",0.1928814579581,1163,"Connecticut",FALSE
2023,"Consensus",74,1417,"UCLA",0.588421656485655,1163,"Connecticut",FALSE
2023,"Consensus",75,1222,"Houston",0.612269954300182,1163,"Connecticut",FALSE
2023,"Consensus",76,1222,"Houston",0.612269954300182,1163,"Connecticut",FALSE
2023,"Consensus",77,1104,"Alabama",0.612269954300182,1163,"Connecticut",FALSE
2023,"Consensus",78,1104,"Alabama",0.680678190331078,1163,"Connecticut",FALSE
2023,"Consensus",79,1104,"Alabama",0.812725067216125,1163,"Connecticut",FALSE
2023,"Consensus",80,1211,"Gonzaga",0.686063670379771,1163,"Connecticut",FALSE
2023,"Consensus",81,1242,"Kansas",0.680678190331078,1163,"Connecticut",FALSE
2023,"Consensus",82,1104,"Alabama",0.680678190331078,1163,"Connecticut",FALSE
2023,"Consensus",83,1242,"Kansas",0.412538671073911,1163,"Connecticut",FALSE
2023,"Consensus",84,1222,"Houston",0.612269954300182,1163,"Connecticut",FALSE
2023,"Consensus",85,1345,"Purdue",0.554566619650455,1163,"Connecticut",FALSE
2023,"Consensus",86,1104,"Alabama",0.612269954300182,1163,"Connecticut",FALSE
2023,"Consensus",87,1104,"Alabama",0.612269954300182,1163,"Connecticut",FALSE
2023,"Consensus",88,1400,"Texas",0.363837024372323,1163,"Connecticut",FALSE
2023,"Consensus",89,1242,"Kansas",0.412538671073911,1163,"Connecticut",FALSE
2023,"Consensus",90,1104,"Alabama",0.612269954300182,1163,"Connecticut",FALSE
2023,"Consensus",91,1104,"Alabama",0.612269954300182,1163,"Connecticut",FALSE
2023,"Consensus",92,1222,"Houston",0.342199732405619,1163,"Connecticut",FALSE
2023,"Consensus",93,1345,"Purdue",0.342199732405619,1163,"Connecticut",FALSE
2023,"Consensus",94,1222,"Houston",0.612269954300182,1163,"Connecticut",FALSE
2023,"Consensus",95,1345,"Purdue",0.554566619650455,1163,"Connecticut",FALSE
2023,"Consensus",96,1104,"Alabama",0.612269954300182,1163,"Connecticut",FALSE
2023,"Consensus",97,1104,"Alabama",0.812725067216125,1163,"Connecticut",FALSE
2023,"Consensus",98,1400,"Texas",0.790759564163622,1163,"Connecticut",FALSE
2023,"Consensus",99,1345,"Purdue",0.412538671073911,1163,"Connecticut",FALSE
2023,"Consensus",100,1242,"Kansas",0.680678190331078,1163,"Connecticut",FALSE
2023,"linear_pca",1,1112,"Arizona",0.518380790323957,1163,"Connecticut",FALSE
2023,"linear_pca",2,1120,"Auburn",0.641971152860809,1163,"Connecticut",FALSE
2023,"linear_pca",3,1417,"UCLA",0.305334834316108,1163,"Connecticut",FALSE
2023,"linear_pca",4,1166,"Creighton",0.559157255816822,1163,"Connecticut",FALSE
2023,"linear_pca",5,1104,"Alabama",0.437264272810845,1163,"Connecticut",FALSE
2023,"linear_pca",6,1112,"Arizona",0.427604033205006,1163,"Connecticut",FALSE
2023,"linear_pca",7,1345,"Purdue",0.644765696838334,1163,"Connecticut",FALSE
2023,"linear_pca",8,1112,"Arizona",0.518380790323957,1163,"Connecticut",FALSE
2023,"linear_pca",9,1112,"Arizona",0.626394258947563,1163,"Connecticut",FALSE
2023,"linear_pca",10,1438,"Virginia",0.526654479115946,1163,"Connecticut",FALSE
2023,"linear_pca",11,1345,"Purdue",0.56059082422201,1163,"Connecticut",FALSE
2023,"linear_pca",12,1277,"Michigan St",0.601871220129449,1163,"Connecticut",FALSE
2023,"linear_pca",13,1462,"Xavier",0.546850664399432,1163,"Connecticut",FALSE
2023,"linear_pca",14,1462,"Xavier",0.536404306480564,1163,"Connecticut",FALSE
2023,"linear_pca",15,1277,"Michigan St",0.376190205435843,1163,"Connecticut",FALSE
2023,"linear_pca",16,1266,"Marquette",0.417792020058589,1163,"Connecticut",FALSE
2023,"linear_pca",17,1116,"Arkansas",0.561175981992724,1163,"Connecticut",FALSE
2023,"linear_pca",18,1242,"Kansas",0.34107268018725,1163,"Connecticut",FALSE
2023,"linear_pca",19,1222,"Houston",0.301168924057425,1163,"Connecticut",FALSE
2023,"linear_pca",20,1242,"Kansas",0.512320740741114,1163,"Connecticut",FALSE
2023,"linear_pca",21,1400,"Texas",0.472238468142466,1163,"Connecticut",FALSE
2023,"linear_pca",22,1246,"Kentucky",0.38322286854671,1163,"Connecticut",FALSE
2023,"linear_pca",23,1211,"Gonzaga",0.449250546602046,1163,"Connecticut",FALSE
2023,"linear_pca",24,1211,"Gonzaga",0.382405943303072,1163,"Connecticut",FALSE
2023,"linear_pca",25,1281,"Missouri",0.222666345990917,1163,"Connecticut",FALSE
2023,"linear_pca",26,1361,"San Diego St",0.419933515080393,1163,"Connecticut",FALSE
2023,"linear_pca",27,1400,"Texas",0.500073489373072,1163,"Connecticut",FALSE
2023,"linear_pca",28,1462,"Xavier",0.400023952854804,1163,"Connecticut",FALSE
2023,"linear_pca",29,1104,"Alabama",0.479892806014773,1163,"Connecticut",FALSE
2023,"linear_pca",30,1462,"Xavier",0.459592494852683,1163,"Connecticut",FALSE
2023,"linear_pca",31,1194,"FL Atlantic",0.365494029196486,1163,"Connecticut",FALSE
2023,"linear_pca",32,1112,"Arizona",0.427604033205006,1163,"Connecticut",FALSE
2023,"linear_pca",33,1211,"Gonzaga",0.39090123110754,1163,"Connecticut",FALSE
2023,"linear_pca",34,1266,"Marquette",0.39090123110754,1163,"Connecticut",FALSE
2023,"linear_pca",35,1361,"San Diego St",0.626934103762688,1163,"Connecticut",FALSE
2023,"linear_pca",36,1120,"Auburn",0.569424008985758,1163,"Connecticut",FALSE
2023,"linear_pca",37,1345,"Purdue",0.512320740741114,1163,"Connecticut",FALSE
2023,"linear_pca",38,1266,"Marquette",0.47430352052438,1163,"Connecticut",FALSE
2023,"linear_pca",39,1211,"Gonzaga",0.354570922072466,1163,"Connecticut",FALSE
2023,"linear_pca",40,1166,"Creighton",0.371706008982323,1163,"Connecticut",FALSE
2023,"linear_pca",41,1222,"Houston",0.437264272810845,1163,"Connecticut",FALSE
2023,"linear_pca",42,1388,"St Mary's CA",0.505528606567084,1163,"Connecticut",FALSE
2023,"linear_pca",43,1211,"Gonzaga",0.382405943303072,1163,"Connecticut",FALSE
2023,"linear_pca",44,1124,"Baylor",0.366668199050193,1163,"Connecticut",FALSE
2023,"linear_pca",45,1104,"Alabama",0.567629392523268,1163,"Connecticut",FALSE
2023,"linear_pca",46,1388,"St Mary's CA",0.451158601123096,1163,"Connecticut",FALSE
2023,"linear_pca",47,1222,"Houston",0.447710630729713,1163,"Connecticut",FALSE
2023,"linear_pca",48,1166,"Creighton",0.583379395371461,1163,"Connecticut",FALSE
2023,"linear_pca",49,1462,"Xavier",0.431533990654569,1163,"Connecticut",FALSE
2023,"linear_pca",50,1222,"Houston",0.276462570175849,1163,"Connecticut",FALSE
2023,"linear_pca",51,1222,"Houston",0.433512802349168,1163,"Connecticut",FALSE
2023,"linear_pca",52,1211,"Gonzaga",0.316621663437963,1163,"Connecticut",FALSE
2023,"linear_pca",53,1462,"Xavier",0.470846042652042,1163,"Connecticut",FALSE
2023,"linear_pca",54,1266,"Marquette",0.375163486854661,1163,"Connecticut",FALSE
2023,"linear_pca",55,1400,"Texas",0.581115921052592,1163,"Connecticut",FALSE
2023,"linear_pca",56,1222,"Houston",0.447710630729713,1163,"Connecticut",FALSE
2023,"linear_pca",57,1274,"Miami FL",0.517848547519295,1163,"Connecticut",FALSE
2023,"linear_pca",58,1462,"Xavier",0.532652836018887,1163,"Connecticut",FALSE
2023,"linear_pca",59,1400,"Texas",0.465799247307729,1163,"Connecticut",FALSE
2023,"linear_pca",60,1222,"Houston",0.301168924057425,1163,"Connecticut",FALSE
2023,"linear_pca",61,1462,"Xavier",0.532652836018887,1163,"Connecticut",FALSE
2023,"linear_pca",62,1345,"Purdue",0.512320740741114,1163,"Connecticut",FALSE
2023,"linear_pca",63,1231,"Indiana",0.568495628422157,1163,"Connecticut",FALSE
2023,"linear_pca",64,1242,"Kansas",0.287276456002318,1163,"Connecticut",FALSE
2023,"linear_pca",65,1222,"Houston",0.371706008982323,1163,"Connecticut",FALSE
2023,"linear_pca",66,1462,"Xavier",0.484115533670797,1163,"Connecticut",FALSE
2023,"linear_pca",67,1222,"Houston",0.384975500001078,1163,"Connecticut",FALSE
2023,"linear_pca",68,1222,"Houston",0.33239395698485,1163,"Connecticut",FALSE
2023,"linear_pca",69,1397,"Tennessee",0.498122912360569,1163,"Connecticut",FALSE
2023,"linear_pca",70,1417,"UCLA",0.375022490188777,1163,"Connecticut",FALSE
2023,"linear_pca",71,1124,"Baylor",0.382405943303072,1163,"Connecticut",FALSE
2023,"linear_pca",72,1429,"Utah St",0.478544696229707,1163,"Connecticut",FALSE
2023,"linear_pca",73,1246,"Kentucky",0.548637502581976,1163,"Connecticut",FALSE
2023,"linear_pca",74,1211,"Gonzaga",0.360877150159707,1163,"Connecticut",FALSE
2023,"linear_pca",75,1400,"Texas",0.478544696229707,1163,"Connecticut",FALSE
2023,"linear_pca",76,1417,"UCLA",0.476141335553095,1163,"Connecticut",FALSE
2023,"linear_pca",77,1166,"Creighton",0.371706008982323,1163,"Connecticut",FALSE
2023,"linear_pca",78,1417,"UCLA",0.41433454218625,1163,"Connecticut",FALSE
2023,"linear_pca",79,1277,"Michigan St",0.403080994386891,1163,"Connecticut",FALSE
2023,"linear_pca",80,1211,"Gonzaga",0.463448374982591,1163,"Connecticut",FALSE
2023,"linear_pca",81,1163,"Connecticut",0.335546539483214,1163,"Connecticut",TRUE
2023,"linear_pca",82,1124,"Baylor",0.382405943303072,1163,"Connecticut",FALSE
2023,"linear_pca",83,1417,"UCLA",0.403080994386891,1163,"Connecticut",FALSE
2023,"linear_pca",84,1222,"Houston",0.447710630729713,1163,"Connecticut",FALSE
2023,"linear_pca",85,1181,"Duke",0.522595985313116,1163,"Connecticut",FALSE
2023,"linear_pca",86,1222,"Houston",0.375163486854661,1163,"Connecticut",FALSE
2023,"linear_pca",87,1277,"Michigan St",0.403080994386891,1163,"Connecticut",FALSE
2023,"linear_pca",88,1181,"Duke",0.53826502792289,1163,"Connecticut",FALSE
2023,"linear_pca",89,1242,"Kansas",0.405204445354184,1163,"Connecticut",FALSE
2023,"linear_pca",90,1222,"Houston",0.447710630729713,1163,"Connecticut",FALSE
2023,"linear_pca",91,1211,"Gonzaga",0.288675935167975,1163,"Connecticut",FALSE
2023,"linear_pca",92,1345,"Purdue",0.447710630729713,1163,"Connecticut",FALSE
2023,"linear_pca",93,1345,"Purdue",0.684806734595179,1163,"Connecticut",FALSE
2023,"linear_pca",94,1417,"UCLA",0.343797457261352,1163,"Connecticut",FALSE
2023,"linear_pca",95,1345,"Purdue",0.581115921052592,1163,"Connecticut",FALSE
2023,"linear_pca",96,1104,"Alabama",0.453002017063724,1163,"Connecticut",FALSE
2023,"linear_pca",97,1417,"UCLA",0.427604033205006,1163,"Connecticut",FALSE
2023,"linear_pca",98,1231,"Indiana",0.528836648649866,1163,"Connecticut",FALSE
2023,"linear_pca",99,1345,"Purdue",0.56059082422201,1163,"Connecticut",FALSE
2023,"linear_pca",100,1211,"Gonzaga",0.400713244253957,1163,"Connecticut",FALSE
2024,"Ranger",1,1166,"Creighton",0.56,1163,"Connecticut",FALSE
2024,"Ranger",2,1124,"Baylor",0.63,1163,"Connecticut",FALSE
2024,"Ranger",3,1228,"Illinois",0.366,1163,"Connecticut",FALSE
2024,"Ranger",4,1163,"Connecticut",0.572,1163,"Connecticut",TRUE
2024,"Ranger",5,1228,"Illinois",0.484,1163,"Connecticut",FALSE
2024,"Ranger",6,1345,"Purdue",0.3,1163,"Connecticut",FALSE
2024,"Ranger",7,1266,"Marquette",0.702,1163,"Connecticut",FALSE
2024,"Ranger",8,1104,"Alabama",0.38,1163,"Connecticut",FALSE
2024,"Ranger",9,1266,"Marquette",0.428,1163,"Connecticut",FALSE
2024,"Ranger",10,1112,"Arizona",0.692,1163,"Connecticut",FALSE
2024,"Ranger",11,1163,"Connecticut",0.572,1163,"Connecticut",TRUE
2024,"Ranger",12,1181,"Duke",0.542,1163,"Connecticut",FALSE
2024,"Ranger",13,1222,"Houston",0.102,1163,"Connecticut",FALSE
2024,"Ranger",14,1345,"Purdue",0.128,1163,"Connecticut",FALSE
2024,"Ranger",15,1222,"Houston",0.238,1163,"Connecticut",FALSE
2024,"Ranger",16,1120,"Auburn",0.456,1163,"Connecticut",FALSE
2024,"Ranger",17,1124,"Baylor",0.428,1163,"Connecticut",FALSE
2024,"Ranger",18,1397,"Tennessee",0.624,1163,"Connecticut",FALSE
2024,"Ranger",19,1345,"Purdue",0.41,1163,"Connecticut",FALSE
2024,"Ranger",20,1222,"Houston",0.102,1163,"Connecticut",FALSE
2024,"Ranger",21,1161,"Colorado St",0.546,1163,"Connecticut",FALSE
2024,"Ranger",22,1163,"Connecticut",0.574,1163,"Connecticut",TRUE
2024,"Ranger",23,1163,"Connecticut",0.736,1163,"Connecticut",TRUE
2024,"Ranger",24,1235,"Iowa St",0.42,1163,"Connecticut",FALSE
2024,"Ranger",25,1163,"Connecticut",0.81,1163,"Connecticut",TRUE
2024,"Ranger",26,1345,"Purdue",0.364,1163,"Connecticut",FALSE
2024,"Ranger",27,1124,"Baylor",0.382,1163,"Connecticut",FALSE
2024,"Ranger",28,1345,"Purdue",0.574,1163,"Connecticut",FALSE
2024,"Ranger",29,1397,"Tennessee",0.428,1163,"Connecticut",FALSE
2024,"Ranger",30,1166,"Creighton",0.412,1163,"Connecticut",FALSE
2024,"Ranger",31,1120,"Auburn",0.484,1163,"Connecticut",FALSE
2024,"Ranger",32,1124,"Baylor",0.55,1163,"Connecticut",FALSE
2024,"Ranger",33,1345,"Purdue",0.41,1163,"Connecticut",FALSE
2024,"Ranger",34,1222,"Houston",0.366,1163,"Connecticut",FALSE
2024,"Ranger",35,1181,"Duke",0.284,1163,"Connecticut",FALSE
2024,"Ranger",36,1163,"Connecticut",0.468,1163,"Connecticut",TRUE
2024,"Ranger",37,1222,"Houston",0.366,1163,"Connecticut",FALSE
2024,"Ranger",38,1397,"Tennessee",0.572,1163,"Connecticut",FALSE
2024,"Ranger",39,1235,"Iowa St",0.512,1163,"Connecticut",FALSE
2024,"Ranger",40,1166,"Creighton",0.536,1163,"Connecticut",FALSE
2024,"Ranger",41,1120,"Auburn",0.702,1163,"Connecticut",FALSE
2024,"Ranger",42,1397,"Tennessee",0.572,1163,"Connecticut",FALSE
2024,"Ranger",43,1120,"Auburn",0.702,1163,"Connecticut",FALSE
2024,"Ranger",44,1124,"Baylor",0.506,1163,"Connecticut",FALSE
2024,"Ranger",45,1163,"Connecticut",0.772,1163,"Connecticut",TRUE
2024,"Ranger",46,1124,"Baylor",0.684,1163,"Connecticut",FALSE
2024,"Ranger",47,1397,"Tennessee",0.572,1163,"Connecticut",FALSE
2024,"Ranger",48,1120,"Auburn",0.624,1163,"Connecticut",FALSE
2024,"Ranger",49,1222,"Houston",0.42,1163,"Connecticut",FALSE
2024,"Ranger",50,1345,"Purdue",0.484,1163,"Connecticut",FALSE
2024,"Ranger",51,1124,"Baylor",0.67,1163,"Connecticut",FALSE
2024,"Ranger",52,1163,"Connecticut",0.806,1163,"Connecticut",TRUE
2024,"Ranger",53,1120,"Auburn",0.768,1163,"Connecticut",FALSE
2024,"Ranger",54,1397,"Tennessee",0.57,1163,"Connecticut",FALSE
2024,"Ranger",55,1222,"Houston",0.366,1163,"Connecticut",FALSE
2024,"Ranger",56,1124,"Baylor",0.506,1163,"Connecticut",FALSE
2024,"Ranger",57,1163,"Connecticut",0.574,1163,"Connecticut",TRUE
2024,"Ranger",58,1112,"Arizona",0.436,1163,"Connecticut",FALSE
2024,"Ranger",59,1397,"Tennessee",0.572,1163,"Connecticut",FALSE
2024,"Ranger",60,1361,"San Diego St",0.614,1163,"Connecticut",FALSE
2024,"Ranger",61,1181,"Duke",0.34,1163,"Connecticut",FALSE
2024,"Ranger",62,1345,"Purdue",0.574,1163,"Connecticut",FALSE
2024,"Ranger",63,1266,"Marquette",0.596,1163,"Connecticut",FALSE
2024,"Ranger",64,1124,"Baylor",0.382,1163,"Connecticut",FALSE
2024,"Ranger",65,1124,"Baylor",0.55,1163,"Connecticut",FALSE
2024,"Ranger",66,1242,"Kansas",0.448,1163,"Connecticut",FALSE
2024,"Ranger",67,1222,"Houston",0.102,1163,"Connecticut",FALSE
2024,"Ranger",68,1120,"Auburn",0.542,1163,"Connecticut",FALSE
2024,"Ranger",69,1120,"Auburn",0.702,1163,"Connecticut",FALSE
2024,"Ranger",70,1246,"Kentucky",0.384,1163,"Connecticut",FALSE
2024,"Ranger",71,1458,"Wisconsin",0.366,1163,"Connecticut",FALSE
2024,"Ranger",72,1181,"Duke",0.284,1163,"Connecticut",FALSE
2024,"Ranger",73,1397,"Tennessee",0.572,1163,"Connecticut",FALSE
2024,"Ranger",74,1345,"Purdue",0.3,1163,"Connecticut",FALSE
2024,"Ranger",75,1120,"Auburn",0.624,1163,"Connecticut",FALSE
2024,"Ranger",76,1266,"Marquette",0.596,1163,"Connecticut",FALSE
2024,"Ranger",77,1277,"Michigan St",0.674,1163,"Connecticut",FALSE
2024,"Ranger",78,1163,"Connecticut",0.574,1163,"Connecticut",TRUE
2024,"Ranger",79,1112,"Arizona",0.408,1163,"Connecticut",FALSE
2024,"Ranger",80,1222,"Houston",0.252,1163,"Connecticut",FALSE
2024,"Ranger",81,1235,"Iowa St",0.42,1163,"Connecticut",FALSE
2024,"Ranger",82,1345,"Purdue",0.382,1163,"Connecticut",FALSE
2024,"Ranger",83,1124,"Baylor",0.506,1163,"Connecticut",FALSE
2024,"Ranger",84,1120,"Auburn",0.484,1163,"Connecticut",FALSE
2024,"Ranger",85,1228,"Illinois",0.364,1163,"Connecticut",FALSE
2024,"Ranger",86,1397,"Tennessee",0.572,1163,"Connecticut",FALSE
2024,"Ranger",87,1246,"Kentucky",0.314,1163,"Connecticut",FALSE
2024,"Ranger",88,1345,"Purdue",0.574,1163,"Connecticut",FALSE
2024,"Ranger",89,1345,"Purdue",0.574,1163,"Connecticut",FALSE
2024,"Ranger",90,1345,"Purdue",0.256,1163,"Connecticut",FALSE
2024,"Ranger",91,1246,"Kentucky",0.348,1163,"Connecticut",FALSE
2024,"Ranger",92,1120,"Auburn",0.784,1163,"Connecticut",FALSE
2024,"Ranger",93,1222,"Houston",0.238,1163,"Connecticut",FALSE
2024,"Ranger",94,1222,"Houston",0.116,1163,"Connecticut",FALSE
2024,"Ranger",95,1345,"Purdue",0.286,1163,"Connecticut",FALSE
2024,"Ranger",96,1246,"Kentucky",0.384,1163,"Connecticut",FALSE
2024,"Ranger",97,1163,"Connecticut",0.772,1163,"Connecticut",TRUE
2024,"Ranger",98,1124,"Baylor",0.63,1163,"Connecticut",FALSE
2024,"Ranger",99,1376,"South Carolina",0.534,1163,"Connecticut",FALSE
2024,"Ranger",100,1163,"Connecticut",0.574,1163,"Connecticut",TRUE
2024,"Logistic",1,1163,"Connecticut",0.645383686519084,1163,"Connecticut",TRUE
2024,"Logistic",2,1397,"Tennessee",0.645383686519084,1163,"Connecticut",FALSE
2024,"Logistic",3,1397,"Tennessee",0.505978114508162,1163,"Connecticut",FALSE
2024,"Logistic",4,1104,"Alabama",0.385820357876229,1163,"Connecticut",FALSE
2024,"Logistic",5,1345,"Purdue",0.347053620289768,1163,"Connecticut",FALSE
2024,"Logistic",6,1112,"Arizona",0.547043932561388,1163,"Connecticut",FALSE
2024,"Logistic",7,1163,"Connecticut",0.762389180162292,1163,"Connecticut",TRUE
2024,"Logistic",8,1120,"Auburn",0.556913469953356,1163,"Connecticut",FALSE
2024,"Logistic",9,1163,"Connecticut",0.761000698282541,1163,"Connecticut",TRUE
2024,"Logistic",10,1104,"Alabama",0.616879264722162,1163,"Connecticut",FALSE
2024,"Logistic",11,1163,"Connecticut",0.761000698282541,1163,"Connecticut",TRUE
2024,"Logistic",12,1211,"Gonzaga",0.261816133152586,1163,"Connecticut",FALSE
2024,"Logistic",13,1163,"Connecticut",0.645383686519084,1163,"Connecticut",TRUE
2024,"Logistic",14,1166,"Creighton",0.808320794034524,1163,"Connecticut",FALSE
2024,"Logistic",15,1104,"Alabama",0.221780506653119,1163,"Connecticut",FALSE
2024,"Logistic",16,1163,"Connecticut",0.755687607793073,1163,"Connecticut",TRUE
2024,"Logistic",17,1211,"Gonzaga",0.523152719687554,1163,"Connecticut",FALSE
2024,"Logistic",18,1222,"Houston",0.452246935368122,1163,"Connecticut",FALSE
2024,"Logistic",19,1345,"Purdue",0.606558541271666,1163,"Connecticut",FALSE
2024,"Logistic",20,1222,"Houston",0.452246935368122,1163,"Connecticut",FALSE
2024,"Logistic",21,1222,"Houston",0.160337627651072,1163,"Connecticut",FALSE
2024,"Logistic",22,1163,"Connecticut",0.755687607793073,1163,"Connecticut",TRUE
2024,"Logistic",23,1222,"Houston",0.452246935368122,1163,"Connecticut",FALSE
2024,"Logistic",24,1222,"Houston",0.452246935368122,1163,"Connecticut",FALSE
2024,"Logistic",25,1120,"Auburn",0.363140320358052,1163,"Connecticut",FALSE
2024,"Logistic",26,1112,"Arizona",0.415411692961546,1163,"Connecticut",FALSE
2024,"Logistic",27,1397,"Tennessee",0.505978114508162,1163,"Connecticut",FALSE
2024,"Logistic",28,1222,"Houston",0.363140320358052,1163,"Connecticut",FALSE
2024,"Logistic",29,1314,"North Carolina",0.516068387826718,1163,"Connecticut",FALSE
2024,"Logistic",30,1222,"Houston",0.363140320358052,1163,"Connecticut",FALSE
2024,"Logistic",31,1120,"Auburn",0.363140320358052,1163,"Connecticut",FALSE
2024,"Logistic",32,1163,"Connecticut",0.452246935368122,1163,"Connecticut",TRUE
2024,"Logistic",33,1222,"Houston",0.452246935368122,1163,"Connecticut",FALSE
2024,"Logistic",34,1163,"Connecticut",0.831611260929749,1163,"Connecticut",TRUE
2024,"Logistic",35,1163,"Connecticut",0.645383686519084,1163,"Connecticut",TRUE
2024,"Logistic",36,1395,"TCU",0.724152202810469,1163,"Connecticut",FALSE
2024,"Logistic",37,1163,"Connecticut",0.452246935368122,1163,"Connecticut",TRUE
2024,"Logistic",38,1345,"Purdue",0.464553052882243,1163,"Connecticut",FALSE
2024,"Logistic",39,1222,"Houston",0.160337627651072,1163,"Connecticut",FALSE
2024,"Logistic",40,1163,"Connecticut",0.452246935368122,1163,"Connecticut",TRUE
2024,"Logistic",41,1345,"Purdue",0.347053620289768,1163,"Connecticut",FALSE
2024,"Logistic",42,1222,"Houston",0.452246935368122,1163,"Connecticut",FALSE
2024,"Logistic",43,1246,"Kentucky",0.628069539114906,1163,"Connecticut",FALSE
2024,"Logistic",44,1345,"Purdue",0.34518394410082,1163,"Connecticut",FALSE
2024,"Logistic",45,1222,"Houston",0.452246935368122,1163,"Connecticut",FALSE
2024,"Logistic",46,1458,"Wisconsin",0.655446261654474,1163,"Connecticut",FALSE
2024,"Logistic",47,1345,"Purdue",0.606558541271666,1163,"Connecticut",FALSE
2024,"Logistic",48,1112,"Arizona",0.751665918451717,1163,"Connecticut",FALSE
2024,"Logistic",49,1345,"Purdue",0.464553052882243,1163,"Connecticut",FALSE
2024,"Logistic",50,1345,"Purdue",0.225502959027062,1163,"Connecticut",FALSE
2024,"Logistic",51,1211,"Gonzaga",0.689045183539635,1163,"Connecticut",FALSE
2024,"Logistic",52,1163,"Connecticut",0.857786277459901,1163,"Connecticut",TRUE
2024,"Logistic",53,1222,"Houston",0.22015864539194,1163,"Connecticut",FALSE
2024,"Logistic",54,1235,"Iowa St",0.317238611347214,1163,"Connecticut",FALSE
2024,"Logistic",55,1397,"Tennessee",0.645383686519084,1163,"Connecticut",FALSE
2024,"Logistic",56,1222,"Houston",0.452246935368122,1163,"Connecticut",FALSE
2024,"Logistic",57,1235,"Iowa St",0.643578050215602,1163,"Connecticut",FALSE
2024,"Logistic",58,1397,"Tennessee",0.556913469953356,1163,"Connecticut",FALSE
2024,"Logistic",59,1397,"Tennessee",0.385820357876229,1163,"Connecticut",FALSE
2024,"Logistic",60,1397,"Tennessee",0.283900748732571,1163,"Connecticut",FALSE
2024,"Logistic",61,1397,"Tennessee",0.645383686519084,1163,"Connecticut",FALSE
2024,"Logistic",62,1163,"Connecticut",0.452246935368122,1163,"Connecticut",TRUE
2024,"Logistic",63,1222,"Houston",0.317238611347214,1163,"Connecticut",FALSE
2024,"Logistic",64,1235,"Iowa St",0.655446261654474,1163,"Connecticut",FALSE
2024,"Logistic",65,1345,"Purdue",0.464553052882243,1163,"Connecticut",FALSE
2024,"Logistic",66,1163,"Connecticut",0.645383686519084,1163,"Connecticut",TRUE
2024,"Logistic",67,1163,"Connecticut",0.452246935368122,1163,"Connecticut",TRUE
2024,"Logistic",68,1345,"Purdue",0.347316640218178,1163,"Connecticut",FALSE
2024,"Logistic",69,1163,"Connecticut",0.452246935368122,1163,"Connecticut",TRUE
2024,"Logistic",70,1163,"Connecticut",0.755687607793073,1163,"Connecticut",TRUE
2024,"Logistic",71,1124,"Baylor",0.383590183851964,1163,"Connecticut",FALSE
2024,"Logistic",72,1397,"Tennessee",0.203905405280328,1163,"Connecticut",FALSE
2024,"Logistic",73,1345,"Purdue",0.312518671429283,1163,"Connecticut",FALSE
2024,"Logistic",74,1222,"Houston",0.452246935368122,1163,"Connecticut",FALSE
2024,"Logistic",75,1222,"Houston",0.243784339355227,1163,"Connecticut",FALSE
2024,"Logistic",76,1222,"Houston",0.363140320358052,1163,"Connecticut",FALSE
2024,"Logistic",77,1222,"Houston",0.221580279604111,1163,"Connecticut",FALSE
2024,"Logistic",78,1222,"Houston",0.131573030299802,1163,"Connecticut",FALSE
2024,"Logistic",79,1235,"Iowa St",0.635129255498856,1163,"Connecticut",FALSE
2024,"Logistic",80,1246,"Kentucky",0.831611260929749,1163,"Connecticut",FALSE
2024,"Logistic",81,1222,"Houston",0.452246935368122,1163,"Connecticut",FALSE
2024,"Logistic",82,1163,"Connecticut",0.452246935368122,1163,"Connecticut",TRUE
2024,"Logistic",83,1163,"Connecticut",0.755687607793073,1163,"Connecticut",TRUE
2024,"Logistic",84,1345,"Purdue",0.606558541271666,1163,"Connecticut",FALSE
2024,"Logistic",85,1163,"Connecticut",0.452246935368122,1163,"Connecticut",TRUE
2024,"Logistic",86,1235,"Iowa St",0.464553052882243,1163,"Connecticut",FALSE
2024,"Logistic",87,1235,"Iowa St",0.505978114508162,1163,"Connecticut",FALSE
2024,"Logistic",88,1397,"Tennessee",0.349228803566874,1163,"Connecticut",FALSE
2024,"Logistic",89,1222,"Houston",0.452246935368122,1163,"Connecticut",FALSE
2024,"Logistic",90,1222,"Houston",0.452246935368122,1163,"Connecticut",FALSE
2024,"Logistic",91,1235,"Iowa St",0.505978114508162,1163,"Connecticut",FALSE
2024,"Logistic",92,1163,"Connecticut",0.645383686519084,1163,"Connecticut",TRUE
2024,"Logistic",93,1163,"Connecticut",0.762389180162292,1163,"Connecticut",TRUE
2024,"Logistic",94,1120,"Auburn",0.681140181480052,1163,"Connecticut",FALSE
2024,"Logistic",95,1163,"Connecticut",0.645383686519084,1163,"Connecticut",TRUE
2024,"Logistic",96,1163,"Connecticut",0.831611260929749,1163,"Connecticut",TRUE
2024,"Logistic",97,1163,"Connecticut",0.755687607793073,1163,"Connecticut",TRUE
2024,"Logistic",98,1242,"Kansas",0.847701268184431,1163,"Connecticut",FALSE
2024,"Logistic",99,1163,"Connecticut",0.452246935368122,1163,"Connecticut",TRUE
2024,"Logistic",100,1222,"Houston",0.317238611347214,1163,"Connecticut",FALSE
2024,"XGBoost",1,1120,"Auburn",0.796503305435181,1163,"Connecticut",FALSE
2024,"XGBoost",2,1397,"Tennessee",0.796503305435181,1163,"Connecticut",FALSE
2024,"XGBoost",3,1397,"Tennessee",0.302732348442078,1163,"Connecticut",FALSE
2024,"XGBoost",4,1104,"Alabama",0.302732348442078,1163,"Connecticut",FALSE
2024,"XGBoost",5,1397,"Tennessee",0.302732348442078,1163,"Connecticut",FALSE
2024,"XGBoost",6,1397,"Tennessee",0.0166090503334999,1163,"Connecticut",FALSE
2024,"XGBoost",7,1120,"Auburn",0.565957903862,1163,"Connecticut",FALSE
2024,"XGBoost",8,1120,"Auburn",0.796503305435181,1163,"Connecticut",FALSE
2024,"XGBoost",9,1222,"Houston",0.205234557390213,1163,"Connecticut",FALSE
2024,"XGBoost",10,1397,"Tennessee",0.302732348442078,1163,"Connecticut",FALSE
2024,"XGBoost",11,1246,"Kentucky",0.355178117752075,1163,"Connecticut",FALSE
2024,"XGBoost",12,1163,"Connecticut",0.938695132732391,1163,"Connecticut",TRUE
2024,"XGBoost",13,1222,"Houston",0.205234557390213,1163,"Connecticut",FALSE
2024,"XGBoost",14,1163,"Connecticut",0.938695132732391,1163,"Connecticut",TRUE
2024,"XGBoost",15,1140,"BYU",0.101178914308548,1163,"Connecticut",FALSE
2024,"XGBoost",16,1228,"Illinois",0.355178117752075,1163,"Connecticut",FALSE
2024,"XGBoost",17,1345,"Purdue",0.442991614341736,1163,"Connecticut",FALSE
2024,"XGBoost",18,1222,"Houston",0.00635003205388784,1163,"Connecticut",FALSE
2024,"XGBoost",19,1163,"Connecticut",0.938695132732391,1163,"Connecticut",TRUE
2024,"XGBoost",20,1120,"Auburn",0.906810939311981,1163,"Connecticut",FALSE
2024,"XGBoost",21,1246,"Kentucky",0.275657057762146,1163,"Connecticut",FALSE
2024,"XGBoost",22,1458,"Wisconsin",0.101178914308548,1163,"Connecticut",FALSE
2024,"XGBoost",23,1345,"Purdue",0.496346086263657,1163,"Connecticut",FALSE
2024,"XGBoost",24,1222,"Houston",0.432214707136154,1163,"Connecticut",FALSE
2024,"XGBoost",25,1222,"Houston",0.00635003205388784,1163,"Connecticut",FALSE
2024,"XGBoost",26,1246,"Kentucky",0.200523272156715,1163,"Connecticut",FALSE
2024,"XGBoost",27,1397,"Tennessee",0.302732348442078,1163,"Connecticut",FALSE
2024,"XGBoost",28,1120,"Auburn",0.796503305435181,1163,"Connecticut",FALSE
2024,"XGBoost",29,1104,"Alabama",0.746346235275269,1163,"Connecticut",FALSE
2024,"XGBoost",30,1222,"Houston",0.205234557390213,1163,"Connecticut",FALSE
2024,"XGBoost",31,1222,"Houston",0.205234557390213,1163,"Connecticut",FALSE
2024,"XGBoost",32,1163,"Connecticut",0.432214707136154,1163,"Connecticut",TRUE
2024,"XGBoost",33,1222,"Houston",0.265410125255585,1163,"Connecticut",FALSE
2024,"XGBoost",34,1228,"Illinois",0.355178117752075,1163,"Connecticut",FALSE
2024,"XGBoost",35,1104,"Alabama",0.302732348442078,1163,"Connecticut",FALSE
2024,"XGBoost",36,1345,"Purdue",0.0874506458640099,1163,"Connecticut",FALSE
2024,"XGBoost",37,1163,"Connecticut",0.903116285800934,1163,"Connecticut",TRUE
2024,"XGBoost",38,1120,"Auburn",0.496346086263657,1163,"Connecticut",FALSE
2024,"XGBoost",39,1124,"Baylor",0.75270664691925,1163,"Connecticut",FALSE
2024,"XGBoost",40,1120,"Auburn",0.796503305435181,1163,"Connecticut",FALSE
2024,"XGBoost",41,1345,"Purdue",0.442991614341736,1163,"Connecticut",FALSE
2024,"XGBoost",42,1458,"Wisconsin",0.660643577575684,1163,"Connecticut",FALSE
2024,"XGBoost",43,1246,"Kentucky",0.275657057762146,1163,"Connecticut",FALSE
2024,"XGBoost",44,1163,"Connecticut",0.903116285800934,1163,"Connecticut",TRUE
2024,"XGBoost",45,1397,"Tennessee",0.302732348442078,1163,"Connecticut",FALSE
2024,"XGBoost",46,1124,"Baylor",0.80825936794281,1163,"Connecticut",FALSE
2024,"XGBoost",47,1345,"Purdue",0.496346086263657,1163,"Connecticut",FALSE
2024,"XGBoost",48,1163,"Connecticut",0.903116285800934,1163,"Connecticut",TRUE
2024,"XGBoost",49,1345,"Purdue",0.805500447750092,1163,"Connecticut",FALSE
2024,"XGBoost",50,1345,"Purdue",0.362248212099075,1163,"Connecticut",FALSE
2024,"XGBoost",51,1345,"Purdue",0.442991614341736,1163,"Connecticut",FALSE
2024,"XGBoost",52,1166,"Creighton",0.269206166267395,1163,"Connecticut",FALSE
2024,"XGBoost",53,1222,"Houston",0.0940155386924744,1163,"Connecticut",FALSE
2024,"XGBoost",54,1112,"Arizona",0.583406567573547,1163,"Connecticut",FALSE
2024,"XGBoost",55,1222,"Houston",0.265410125255585,1163,"Connecticut",FALSE
2024,"XGBoost",56,1397,"Tennessee",0.205549955368042,1163,"Connecticut",FALSE
2024,"XGBoost",57,1124,"Baylor",0.80825936794281,1163,"Connecticut",FALSE
2024,"XGBoost",58,1120,"Auburn",0.796503305435181,1163,"Connecticut",FALSE
2024,"XGBoost",59,1104,"Alabama",0.881031632423401,1163,"Connecticut",FALSE
2024,"XGBoost",60,1163,"Connecticut",0.98111629486084,1163,"Connecticut",TRUE
2024,"XGBoost",61,1246,"Kentucky",0.0127831697463989,1163,"Connecticut",FALSE
2024,"XGBoost",62,1124,"Baylor",0.75270664691925,1163,"Connecticut",FALSE
2024,"XGBoost",63,1345,"Purdue",0.805500447750092,1163,"Connecticut",FALSE
2024,"XGBoost",64,1397,"Tennessee",0.302732348442078,1163,"Connecticut",FALSE
2024,"XGBoost",65,1397,"Tennessee",0.302732348442078,1163,"Connecticut",FALSE
2024,"XGBoost",66,1222,"Houston",0.205234557390213,1163,"Connecticut",FALSE
2024,"XGBoost",67,1120,"Auburn",0.796503305435181,1163,"Connecticut",FALSE
2024,"XGBoost",68,1345,"Purdue",0.442991614341736,1163,"Connecticut",FALSE
2024,"XGBoost",69,1120,"Auburn",0.906810939311981,1163,"Connecticut",FALSE
2024,"XGBoost",70,1104,"Alabama",0.881031632423401,1163,"Connecticut",FALSE
2024,"XGBoost",71,1120,"Auburn",0.444180876016617,1163,"Connecticut",FALSE
2024,"XGBoost",72,1124,"Baylor",0.80825936794281,1163,"Connecticut",FALSE
2024,"XGBoost",73,1397,"Tennessee",0.205549955368042,1163,"Connecticut",FALSE
2024,"XGBoost",74,1246,"Kentucky",0.275657057762146,1163,"Connecticut",FALSE
2024,"XGBoost",75,1397,"Tennessee",0.796503305435181,1163,"Connecticut",FALSE
2024,"XGBoost",76,1181,"Duke",0.0705778449773788,1163,"Connecticut",FALSE
2024,"XGBoost",77,1222,"Houston",0.00502635771408677,1163,"Connecticut",FALSE
2024,"XGBoost",78,1397,"Tennessee",0.0166090503334999,1163,"Connecticut",FALSE
2024,"XGBoost",79,1124,"Baylor",0.80825936794281,1163,"Connecticut",FALSE
2024,"XGBoost",80,1163,"Connecticut",0.938695132732391,1163,"Connecticut",TRUE
2024,"XGBoost",81,1163,"Connecticut",0.98111629486084,1163,"Connecticut",TRUE
2024,"XGBoost",82,1124,"Baylor",0.75270664691925,1163,"Connecticut",FALSE
2024,"XGBoost",83,1222,"Houston",0.432214707136154,1163,"Connecticut",FALSE
2024,"XGBoost",84,1345,"Purdue",0.496346086263657,1163,"Connecticut",FALSE
2024,"XGBoost",85,1222,"Houston",0.205234557390213,1163,"Connecticut",FALSE
2024,"XGBoost",86,1397,"Tennessee",0.302732348442078,1163,"Connecticut",FALSE
2024,"XGBoost",87,1104,"Alabama",0.881031632423401,1163,"Connecticut",FALSE
2024,"XGBoost",88,1120,"Auburn",0.796503305435181,1163,"Connecticut",FALSE
2024,"XGBoost",89,1345,"Purdue",0.322423428297043,1163,"Connecticut",FALSE
2024,"XGBoost",90,1163,"Connecticut",0.805500447750092,1163,"Connecticut",TRUE
2024,"XGBoost",91,1163,"Connecticut",0.938695132732391,1163,"Connecticut",TRUE
2024,"XGBoost",92,1120,"Auburn",0.796503305435181,1163,"Connecticut",FALSE
2024,"XGBoost",93,1120,"Auburn",0.796503305435181,1163,"Connecticut",FALSE
2024,"XGBoost",94,1120,"Auburn",0.906810939311981,1163,"Connecticut",FALSE
2024,"XGBoost",95,1397,"Tennessee",0.275988668203354,1163,"Connecticut",FALSE
2024,"XGBoost",96,1104,"Alabama",0.302732348442078,1163,"Connecticut",FALSE
2024,"XGBoost",97,1163,"Connecticut",0.938695132732391,1163,"Connecticut",TRUE
2024,"XGBoost",98,1163,"Connecticut",0.938695132732391,1163,"Connecticut",TRUE
2024,"XGBoost",99,1163,"Connecticut",0.981640636920929,1163,"Connecticut",TRUE
2024,"XGBoost",100,1345,"Purdue",0.583406567573547,1163,"Connecticut",FALSE
2024,"Consensus",1,1163,"Connecticut",0.853661753960251,1163,"Connecticut",TRUE
2024,"Consensus",2,1345,"Purdue",0.716497230445179,1163,"Connecticut",FALSE
2024,"Consensus",3,1222,"Houston",0.647211360706954,1163,"Connecticut",FALSE
2024,"Consensus",4,1163,"Connecticut",0.853661753960251,1163,"Connecticut",TRUE
2024,"Consensus",5,1163,"Connecticut",0.716497230445179,1163,"Connecticut",TRUE
2024,"Consensus",6,1112,"Arizona",0.290463642045267,1163,"Connecticut",FALSE
2024,"Consensus",7,1163,"Connecticut",0.647211360706954,1163,"Connecticut",TRUE
2024,"Consensus",8,1163,"Connecticut",0.853661753960251,1163,"Connecticut",TRUE
2024,"Consensus",9,1163,"Connecticut",0.647211360706954,1163,"Connecticut",TRUE
2024,"Consensus",10,1314,"North Carolina",0.476257620601264,1163,"Connecticut",FALSE
2024,"Consensus",11,1163,"Connecticut",0.716497230445179,1163,"Connecticut",TRUE
2024,"Consensus",12,1222,"Houston",0.215217668532074,1163,"Connecticut",FALSE
2024,"Consensus",13,1163,"Connecticut",0.853661753960251,1163,"Connecticut",TRUE
2024,"Consensus",14,1345,"Purdue",0.716497230445179,1163,"Connecticut",FALSE
2024,"Consensus",15,1163,"Connecticut",0.647211360706954,1163,"Connecticut",TRUE
2024,"Consensus",16,1163,"Connecticut",0.647211360706954,1163,"Connecticut",TRUE
2024,"Consensus",17,1222,"Houston",0.290463642045267,1163,"Connecticut",FALSE
2024,"Consensus",18,1222,"Houston",0.397620482426654,1163,"Connecticut",FALSE
2024,"Consensus",19,1345,"Purdue",0.716497230445179,1163,"Connecticut",FALSE
2024,"Consensus",20,1163,"Connecticut",0.647211360706954,1163,"Connecticut",TRUE
2024,"Consensus",21,1345,"Purdue",0.476257620601264,1163,"Connecticut",FALSE
2024,"Consensus",22,1163,"Connecticut",0.915719720450068,1163,"Connecticut",TRUE
2024,"Consensus",23,1163,"Connecticut",0.647211360706954,1163,"Connecticut",TRUE
2024,"Consensus",24,1222,"Houston",0.647211360706954,1163,"Connecticut",FALSE
2024,"Consensus",25,1163,"Connecticut",0.716497230445179,1163,"Connecticut",TRUE
2024,"Consensus",26,1314,"North Carolina",0.476257620601264,1163,"Connecticut",FALSE
2024,"Consensus",27,1163,"Connecticut",0.853661753960251,1163,"Connecticut",TRUE
2024,"Consensus",28,1163,"Connecticut",0.647211360706954,1163,"Connecticut",TRUE
2024,"Consensus",29,1314,"North Carolina",0.79630669431134,1163,"Connecticut",FALSE
2024,"Consensus",30,1345,"Purdue",0.476257620601264,1163,"Connecticut",FALSE
2024,"Consensus",31,1163,"Connecticut",0.647211360706954,1163,"Connecticut",TRUE
2024,"Consensus",32,1163,"Connecticut",0.647211360706954,1163,"Connecticut",TRUE
2024,"Consensus",33,1345,"Purdue",0.716497230445179,1163,"Connecticut",FALSE
2024,"Consensus",34,1163,"Connecticut",0.884403933733104,1163,"Connecticut",TRUE
2024,"Consensus",35,1314,"North Carolina",0.476257620601264,1163,"Connecticut",FALSE
2024,"Consensus",36,1345,"Purdue",0.716497230445179,1163,"Connecticut",FALSE
2024,"Consensus",37,1163,"Connecticut",0.647211360706954,1163,"Connecticut",TRUE
2024,"Consensus",38,1345,"Purdue",0.274201781834059,1163,"Connecticut",FALSE
2024,"Consensus",39,1222,"Houston",0.397620482426654,1163,"Connecticut",FALSE
2024,"Consensus",40,1163,"Connecticut",0.647211360706954,1163,"Connecticut",TRUE
2024,"Consensus",41,1345,"Purdue",0.476257620601264,1163,"Connecticut",FALSE
2024,"Consensus",42,1222,"Houston",0.647211360706954,1163,"Connecticut",FALSE
2024,"Consensus",43,1246,"Kentucky",0.733532278583936,1163,"Connecticut",FALSE
2024,"Consensus",44,1163,"Connecticut",0.716497230445179,1163,"Connecticut",TRUE
2024,"Consensus",45,1163,"Connecticut",0.647211360706954,1163,"Connecticut",TRUE
2024,"Consensus",46,1222,"Houston",0.397620482426654,1163,"Connecticut",FALSE
2024,"Consensus",47,1345,"Purdue",0.716497230445179,1163,"Connecticut",FALSE
2024,"Consensus",48,1163,"Connecticut",0.716497230445179,1163,"Connecticut",TRUE
2024,"Consensus",49,1345,"Purdue",0.716497230445179,1163,"Connecticut",FALSE
2024,"Consensus",50,1345,"Purdue",0.476257620601264,1163,"Connecticut",FALSE
2024,"Consensus",51,1345,"Purdue",0.716497230445179,1163,"Connecticut",FALSE
2024,"Consensus",52,1163,"Connecticut",0.884403933733104,1163,"Connecticut",TRUE
2024,"Consensus",53,1222,"Houston",0.647211360706954,1163,"Connecticut",FALSE
2024,"Consensus",54,1314,"North Carolina",0.397620482426654,1163,"Connecticut",FALSE
2024,"Consensus",55,1163,"Connecticut",0.853661753960251,1163,"Connecticut",TRUE
2024,"Consensus",56,1222,"Houston",0.647211360706954,1163,"Connecticut",FALSE
2024,"Consensus",57,1345,"Purdue",0.476257620601264,1163,"Connecticut",FALSE
2024,"Consensus",58,1163,"Connecticut",0.853661753960251,1163,"Connecticut",TRUE
2024,"Consensus",59,1163,"Connecticut",0.647211360706954,1163,"Connecticut",TRUE
2024,"Consensus",60,1163,"Connecticut",0.716497230445179,1163,"Connecticut",TRUE
2024,"Consensus",61,1222,"Houston",0.647211360706954,1163,"Connecticut",FALSE
2024,"Consensus",62,1163,"Connecticut",0.716497230445179,1163,"Connecticut",TRUE
2024,"Consensus",63,1345,"Purdue",0.274201781834059,1163,"Connecticut",FALSE
2024,"Consensus",64,1163,"Connecticut",0.647211360706954,1163,"Connecticut",TRUE
2024,"Consensus",65,1163,"Connecticut",0.716497230445179,1163,"Connecticut",TRUE
2024,"Consensus",66,1163,"Connecticut",0.647211360706954,1163,"Connecticut",TRUE
2024,"Consensus",67,1163,"Connecticut",0.716497230445179,1163,"Connecticut",TRUE
2024,"Consensus",68,1345,"Purdue",0.476257620601264,1163,"Connecticut",FALSE
2024,"Consensus",69,1163,"Connecticut",0.647211360706954,1163,"Connecticut",TRUE
2024,"Consensus",70,1163,"Connecticut",0.915719720450068,1163,"Connecticut",TRUE
2024,"Consensus",71,1314,"North Carolina",0.733532278583936,1163,"Connecticut",FALSE
2024,"Consensus",72,1112,"Arizona",0.565540018575322,1163,"Connecticut",FALSE
2024,"Consensus",73,1163,"Connecticut",0.716497230445179,1163,"Connecticut",TRUE
2024,"Consensus",74,1222,"Houston",0.647211360706954,1163,"Connecticut",FALSE
2024,"Consensus",75,1345,"Purdue",0.716497230445179,1163,"Connecticut",FALSE
2024,"Consensus",76,1222,"Houston",0.647211360706954,1163,"Connecticut",FALSE
2024,"Consensus",77,1314,"North Carolina",0.397620482426654,1163,"Connecticut",FALSE
2024,"Consensus",78,1222,"Houston",0.290463642045267,1163,"Connecticut",FALSE
2024,"Consensus",79,1314,"North Carolina",0.397620482426654,1163,"Connecticut",FALSE
2024,"Consensus",80,1222,"Houston",0.647211360706954,1163,"Connecticut",FALSE
2024,"Consensus",81,1222,"Houston",0.647211360706954,1163,"Connecticut",FALSE
2024,"Consensus",82,1163,"Connecticut",0.647211360706954,1163,"Connecticut",TRUE
2024,"Consensus",83,1163,"Connecticut",0.647211360706954,1163,"Connecticut",TRUE
2024,"Consensus",84,1345,"Purdue",0.716497230445179,1163,"Connecticut",FALSE
2024,"Consensus",85,1163,"Connecticut",0.647211360706954,1163,"Connecticut",TRUE
2024,"Consensus",86,1345,"Purdue",0.274201781834059,1163,"Connecticut",FALSE
2024,"Consensus",87,1163,"Connecticut",0.716497230445179,1163,"Connecticut",TRUE
2024,"Consensus",88,1163,"Connecticut",0.924820040452161,1163,"Connecticut",TRUE
2024,"Consensus",89,1222,"Houston",0.647211360706954,1163,"Connecticut",FALSE
2024,"Consensus",90,1163,"Connecticut",0.716497230445179,1163,"Connecticut",TRUE
2024,"Consensus",91,1314,"North Carolina",0.476257620601264,1163,"Connecticut",FALSE
2024,"Consensus",92,1163,"Connecticut",0.716497230445179,1163,"Connecticut",TRUE
2024,"Consensus",93,1163,"Connecticut",0.716497230445179,1163,"Connecticut",TRUE
2024,"Consensus",94,1222,"Houston",0.647211360706954,1163,"Connecticut",FALSE
2024,"Consensus",95,1163,"Connecticut",0.647211360706954,1163,"Connecticut",TRUE
2024,"Consensus",96,1163,"Connecticut",0.716497230445179,1163,"Connecticut",TRUE
2024,"Consensus",97,1163,"Connecticut",0.647211360706954,1163,"Connecticut",TRUE
2024,"Consensus",98,1163,"Connecticut",0.853661753960251,1163,"Connecticut",TRUE
2024,"Consensus",99,1163,"Connecticut",0.647211360706954,1163,"Connecticut",TRUE
2024,"Consensus",100,1222,"Houston",0.647211360706954,1163,"Connecticut",FALSE
2024,"linear_pca",1,1112,"Arizona",0.46200069308378,1163,"Connecticut",FALSE
2024,"linear_pca",2,1397,"Tennessee",0.559457233462976,1163,"Connecticut",FALSE
2024,"linear_pca",3,1166,"Creighton",0.439044137418218,1163,"Connecticut",FALSE
2024,"linear_pca",4,1124,"Baylor",0.44099900447215,1163,"Connecticut",FALSE
2024,"linear_pca",5,1314,"North Carolina",0.498902869239634,1163,"Connecticut",FALSE
2024,"linear_pca",6,1112,"Arizona",0.548302924919648,1163,"Connecticut",FALSE
2024,"linear_pca",7,1163,"Connecticut",0.61607386988961,1163,"Connecticut",TRUE
2024,"linear_pca",8,1361,"San Diego St",0.344369695086797,1163,"Connecticut",FALSE
2024,"linear_pca",9,1112,"Arizona",0.521799424501011,1163,"Connecticut",FALSE
2024,"linear_pca",10,1104,"Alabama",0.414611576629713,1163,"Connecticut",FALSE
2024,"linear_pca",11,1163,"Connecticut",0.619255964880207,1163,"Connecticut",TRUE
2024,"linear_pca",12,1166,"Creighton",0.306934546609796,1163,"Connecticut",FALSE
2024,"linear_pca",13,1166,"Creighton",0.562664038318756,1163,"Connecticut",FALSE
2024,"linear_pca",14,1166,"Creighton",0.414611576629713,1163,"Connecticut",FALSE
2024,"linear_pca",15,1450,"Washington St",0.252640465692639,1163,"Connecticut",FALSE
2024,"linear_pca",16,1163,"Connecticut",0.645759465298844,1163,"Connecticut",TRUE
2024,"linear_pca",17,1211,"Gonzaga",0.497615640898784,1163,"Connecticut",FALSE
2024,"linear_pca",18,1222,"Houston",0.248786312866982,1163,"Connecticut",FALSE
2024,"linear_pca",19,1345,"Purdue",0.505626546260226,1163,"Connecticut",FALSE
2024,"linear_pca",20,1222,"Houston",0.508369957401598,1163,"Connecticut",FALSE
2024,"linear_pca",21,1397,"Tennessee",0.415196906245864,1163,"Connecticut",FALSE
2024,"linear_pca",22,1163,"Connecticut",0.645759465298844,1163,"Connecticut",TRUE
2024,"linear_pca",23,1120,"Auburn",0.71742557408358,1163,"Connecticut",FALSE
2024,"linear_pca",24,1211,"Gonzaga",0.61607386988961,1163,"Connecticut",FALSE
2024,"linear_pca",25,1173,"Dayton",0.279297878955768,1163,"Connecticut",FALSE
2024,"linear_pca",26,1112,"Arizona",0.46520749793956,1163,"Connecticut",FALSE
2024,"linear_pca",27,1397,"Tennessee",0.435837332562439,1163,"Connecticut",FALSE
2024,"linear_pca",28,1166,"Creighton",0.304404978990559,1163,"Connecticut",FALSE
2024,"linear_pca",29,1314,"North Carolina",0.528588464648867,1163,"Connecticut",FALSE
2024,"linear_pca",30,1166,"Creighton",0.418403711101644,1163,"Connecticut",FALSE
2024,"linear_pca",31,1120,"Auburn",0.471763052500877,1163,"Connecticut",FALSE
2024,"linear_pca",32,1112,"Arizona",0.646526050759652,1163,"Connecticut",FALSE
2024,"linear_pca",33,1246,"Kentucky",0.610100919423791,1163,"Connecticut",FALSE
2024,"linear_pca",34,1163,"Connecticut",0.610100919423791,1163,"Connecticut",TRUE
2024,"linear_pca",35,1388,"St Mary's CA",0.559419722151921,1163,"Connecticut",FALSE
2024,"linear_pca",36,1395,"TCU",0.592532418530414,1163,"Connecticut",FALSE
2024,"linear_pca",37,1163,"Connecticut",0.508369957401598,1163,"Connecticut",TRUE
2024,"linear_pca",38,1166,"Creighton",0.406459205374657,1163,"Connecticut",FALSE
2024,"linear_pca",39,1403,"Texas Tech",0.585292103160294,1163,"Connecticut",FALSE
2024,"linear_pca",40,1163,"Connecticut",0.508369957401598,1163,"Connecticut",TRUE
2024,"linear_pca",41,1345,"Purdue",0.388455545610249,1163,"Connecticut",FALSE
2024,"linear_pca",42,1222,"Houston",0.508369957401598,1163,"Connecticut",FALSE
2024,"linear_pca",43,1246,"Kentucky",0.491642690432964,1163,"Connecticut",FALSE
2024,"linear_pca",44,1124,"Baylor",0.387168317269399,1163,"Connecticut",FALSE
2024,"linear_pca",45,1314,"North Carolina",0.626811590488871,1163,"Connecticut",FALSE
2024,"linear_pca",46,1458,"Wisconsin",0.530029946834826,1163,"Connecticut",FALSE
2024,"linear_pca",47,1345,"Purdue",0.505626546260226,1163,"Connecticut",FALSE
2024,"linear_pca",48,1155,"Clemson",0.595587621238779,1163,"Connecticut",FALSE
2024,"linear_pca",49,1166,"Creighton",0.414611576629713,1163,"Connecticut",FALSE
2024,"linear_pca",50,1345,"Purdue",0.246042901725609,1163,"Connecticut",FALSE
2024,"linear_pca",51,1211,"Gonzaga",0.579466964988889,1163,"Connecticut",FALSE
2024,"linear_pca",52,1246,"Kentucky",0.351841860095594,1163,"Connecticut",FALSE
2024,"linear_pca",53,1166,"Creighton",0.36637091467986,1163,"Connecticut",FALSE
2024,"linear_pca",54,1235,"Iowa St",0.349421713316127,1163,"Connecticut",FALSE
2024,"linear_pca",55,1397,"Tennessee",0.559457233462976,1163,"Connecticut",FALSE
2024,"linear_pca",56,1345,"Purdue",0.505626546260226,1163,"Connecticut",FALSE
2024,"linear_pca",57,1211,"Gonzaga",0.471813542672499,1163,"Connecticut",FALSE
2024,"linear_pca",58,1166,"Creighton",0.526057133418035,1163,"Connecticut",FALSE
2024,"linear_pca",59,1397,"Tennessee",0.411404771773933,1163,"Connecticut",FALSE
2024,"linear_pca",60,1345,"Purdue",0.290539007884047,1163,"Connecticut",FALSE
2024,"linear_pca",61,1166,"Creighton",0.526057133418035,1163,"Connecticut",FALSE
2024,"linear_pca",62,1163,"Connecticut",0.508369957401598,1163,"Connecticut",TRUE
2024,"linear_pca",63,1242,"Kansas",0.379991787664065,1163,"Connecticut",FALSE
2024,"linear_pca",64,1222,"Houston",0.282041290097141,1163,"Connecticut",FALSE
2024,"linear_pca",65,1163,"Connecticut",0.505626546260226,1163,"Connecticut",TRUE
2024,"linear_pca",66,1166,"Creighton",0.46520749793956,1163,"Connecticut",FALSE
2024,"linear_pca",67,1112,"Arizona",0.46520749793956,1163,"Connecticut",FALSE
2024,"linear_pca",68,1345,"Purdue",0.357574084571183,1163,"Connecticut",FALSE
2024,"linear_pca",69,1120,"Auburn",0.471763052500877,1163,"Connecticut",FALSE
2024,"linear_pca",70,1266,"Marquette",0.497707003609801,1163,"Connecticut",FALSE
2024,"linear_pca",71,1124,"Baylor",0.491642690432964,1163,"Connecticut",FALSE
2024,"linear_pca",72,1397,"Tennessee",0.322836164151116,1163,"Connecticut",FALSE
2024,"linear_pca",73,1242,"Kansas",0.512101378472487,1163,"Connecticut",FALSE
2024,"linear_pca",74,1160,"Colorado",0.471255765886966,1163,"Connecticut",FALSE
2024,"linear_pca",75,1397,"Tennessee",0.46200069308378,1163,"Connecticut",FALSE
2024,"linear_pca",76,1246,"Kentucky",0.57349401452307,1163,"Connecticut",FALSE
2024,"linear_pca",77,1155,"Clemson",0.30933342262133,1163,"Connecticut",FALSE
2024,"linear_pca",78,1222,"Houston",0.312076833762703,1163,"Connecticut",FALSE
2024,"linear_pca",79,1235,"Iowa St",0.489554632354745,1163,"Connecticut",FALSE
2024,"linear_pca",80,1246,"Kentucky",0.610100919423791,1163,"Connecticut",FALSE
2024,"linear_pca",81,1181,"Duke",0.619255964880207,1163,"Connecticut",FALSE
2024,"linear_pca",82,1163,"Connecticut",0.508369957401598,1163,"Connecticut",TRUE
2024,"linear_pca",83,1266,"Marquette",0.47844188754738,1163,"Connecticut",FALSE
2024,"linear_pca",84,1345,"Purdue",0.505626546260226,1163,"Connecticut",FALSE
2024,"linear_pca",85,1361,"San Diego St",0.344369695086797,1163,"Connecticut",FALSE
2024,"linear_pca",86,1345,"Purdue",0.349421713316127,1163,"Connecticut",FALSE
2024,"linear_pca",87,1124,"Baylor",0.527301236308018,1163,"Connecticut",FALSE
2024,"linear_pca",88,1361,"San Diego St",0.580380911420787,1163,"Connecticut",FALSE
2024,"linear_pca",89,1222,"Houston",0.384750056501061,1163,"Connecticut",FALSE
2024,"linear_pca",90,1345,"Purdue",0.505626546260226,1163,"Connecticut",FALSE
2024,"linear_pca",91,1246,"Kentucky",0.338565514566955,1163,"Connecticut",FALSE
2024,"linear_pca",92,1163,"Connecticut",0.559457233462976,1163,"Connecticut",TRUE
2024,"linear_pca",93,1163,"Connecticut",0.635721279373025,1163,"Connecticut",TRUE
2024,"linear_pca",94,1266,"Marquette",0.430671926922665,1163,"Connecticut",FALSE
2024,"linear_pca",95,1163,"Connecticut",0.559457233462976,1163,"Connecticut",TRUE
2024,"linear_pca",96,1163,"Connecticut",0.610100919423791,1163,"Connecticut",TRUE
2024,"linear_pca",97,1163,"Connecticut",0.645759465298844,1163,"Connecticut",TRUE
2024,"linear_pca",98,1242,"Kansas",0.441108522540645,1163,"Connecticut",FALSE
2024,"linear_pca",99,1163,"Connecticut",0.619255964880207,1163,"Connecticut",TRUE
2024,"linear_pca",100,1246,"Kentucky",0.512644379044595,1163,"Connecticut",FALSE
2025,"Ranger",1,1235,"Iowa St",0.642,1196,"Florida",FALSE
2025,"Ranger",2,1246,"Kentucky",0.354,1196,"Florida",FALSE
2025,"Ranger",3,1222,"Houston",0.536,1196,"Florida",FALSE
2025,"Ranger",4,1181,"Duke",0.646,1196,"Florida",FALSE
2025,"Ranger",5,1345,"Purdue",0.338,1196,"Florida",FALSE
2025,"Ranger",6,1120,"Auburn",0.328,1196,"Florida",FALSE
2025,"Ranger",7,1120,"Auburn",0.35,1196,"Florida",FALSE
2025,"Ranger",8,1120,"Auburn",0.258,1196,"Florida",FALSE
2025,"Ranger",9,1345,"Purdue",0.678,1196,"Florida",FALSE
2025,"Ranger",10,1120,"Auburn",0.152,1196,"Florida",FALSE
2025,"Ranger",11,1397,"Tennessee",0.626,1196,"Florida",FALSE
2025,"Ranger",12,1120,"Auburn",0.474,1196,"Florida",FALSE
2025,"Ranger",13,1155,"Clemson",0.384,1196,"Florida",FALSE
2025,"Ranger",14,1120,"Auburn",0.152,1196,"Florida",FALSE
2025,"Ranger",15,1222,"Houston",0.672,1196,"Florida",FALSE
2025,"Ranger",16,1124,"Baylor",0.276,1196,"Florida",FALSE
2025,"Ranger",17,1222,"Houston",0.672,1196,"Florida",FALSE
2025,"Ranger",18,1277,"Michigan St",0.466,1196,"Florida",FALSE
2025,"Ranger",19,1222,"Houston",0.672,1196,"Florida",FALSE
2025,"Ranger",20,1397,"Tennessee",0.45,1196,"Florida",FALSE
2025,"Ranger",21,1120,"Auburn",0.672,1196,"Florida",FALSE
2025,"Ranger",22,1181,"Duke",0.524,1196,"Florida",FALSE
2025,"Ranger",23,1120,"Auburn",0.046,1196,"Florida",FALSE
2025,"Ranger",24,1196,"Florida",0.274,1196,"Florida",TRUE
2025,"Ranger",25,1181,"Duke",0.574,1196,"Florida",FALSE
2025,"Ranger",26,1120,"Auburn",0.524,1196,"Florida",FALSE
2025,"Ranger",27,1120,"Auburn",0.158,1196,"Florida",FALSE
2025,"Ranger",28,1196,"Florida",0.666,1196,"Florida",TRUE
2025,"Ranger",29,1196,"Florida",0.292,1196,"Florida",TRUE
2025,"Ranger",30,1235,"Iowa St",0.49,1196,"Florida",FALSE
2025,"Ranger",31,1120,"Auburn",0.244,1196,"Florida",FALSE
2025,"Ranger",32,1403,"Texas Tech",0.406,1196,"Florida",FALSE
2025,"Ranger",33,1120,"Auburn",0.258,1196,"Florida",FALSE
2025,"Ranger",34,1196,"Florida",0.274,1196,"Florida",TRUE
2025,"Ranger",35,1268,"Maryland",0.424,1196,"Florida",FALSE
2025,"Ranger",36,1196,"Florida",0.292,1196,"Florida",TRUE
2025,"Ranger",37,1196,"Florida",0.392,1196,"Florida",TRUE
2025,"Ranger",38,1235,"Iowa St",0.748,1196,"Florida",FALSE
2025,"Ranger",39,1397,"Tennessee",0.714,1196,"Florida",FALSE
2025,"Ranger",40,1235,"Iowa St",0.528,1196,"Florida",FALSE
2025,"Ranger",41,1222,"Houston",0.648,1196,"Florida",FALSE
2025,"Ranger",42,1277,"Michigan St",0.646,1196,"Florida",FALSE
2025,"Ranger",43,1181,"Duke",0.524,1196,"Florida",FALSE
2025,"Ranger",44,1235,"Iowa St",0.418,1196,"Florida",FALSE
2025,"Ranger",45,1181,"Duke",0.79,1196,"Florida",FALSE
2025,"Ranger",46,1246,"Kentucky",0.462,1196,"Florida",FALSE
2025,"Ranger",47,1401,"Texas A&M",0.636,1196,"Florida",FALSE
2025,"Ranger",48,1112,"Arizona",0.506,1196,"Florida",FALSE
2025,"Ranger",49,1196,"Florida",0.274,1196,"Florida",TRUE
2025,"Ranger",50,1120,"Auburn",0.524,1196,"Florida",FALSE
2025,"Ranger",51,1246,"Kentucky",0.61,1196,"Florida",FALSE
2025,"Ranger",52,1403,"Texas Tech",0.734,1196,"Florida",FALSE
2025,"Ranger",53,1403,"Texas Tech",0.648,1196,"Florida",FALSE
2025,"Ranger",54,1277,"Michigan St",0.626,1196,"Florida",FALSE
2025,"Ranger",55,1196,"Florida",0.392,1196,"Florida",TRUE
2025,"Ranger",56,1211,"Gonzaga",0.35,1196,"Florida",FALSE
2025,"Ranger",57,1181,"Duke",0.524,1196,"Florida",FALSE
2025,"Ranger",58,1120,"Auburn",0.158,1196,"Florida",FALSE
2025,"Ranger",59,1277,"Michigan St",0.626,1196,"Florida",FALSE
2025,"Ranger",60,1124,"Baylor",0.65,1196,"Florida",FALSE
2025,"Ranger",61,1211,"Gonzaga",0.688,1196,"Florida",FALSE
2025,"Ranger",62,1196,"Florida",0.666,1196,"Florida",TRUE
2025,"Ranger",63,1385,"St John's",0.648,1196,"Florida",FALSE
2025,"Ranger",64,1246,"Kentucky",0.124,1196,"Florida",FALSE
2025,"Ranger",65,1181,"Duke",0.734,1196,"Florida",FALSE
2025,"Ranger",66,1401,"Texas A&M",0.688,1196,"Florida",FALSE
2025,"Ranger",67,1222,"Houston",0.536,1196,"Florida",FALSE
2025,"Ranger",68,1104,"Alabama",0.328,1196,"Florida",FALSE
2025,"Ranger",69,1112,"Arizona",0.356,1196,"Florida",FALSE
2025,"Ranger",70,1196,"Florida",0.536,1196,"Florida",TRUE
2025,"Ranger",71,1281,"Missouri",0.542,1196,"Florida",FALSE
2025,"Ranger",72,1120,"Auburn",0.672,1196,"Florida",FALSE
2025,"Ranger",73,1277,"Michigan St",0.646,1196,"Florida",FALSE
2025,"Ranger",74,1120,"Auburn",0.328,1196,"Florida",FALSE
2025,"Ranger",75,1120,"Auburn",0.244,1196,"Florida",FALSE
2025,"Ranger",76,1385,"St John's",0.648,1196,"Florida",FALSE
2025,"Ranger",77,1268,"Maryland",0.638,1196,"Florida",FALSE
2025,"Ranger",78,1397,"Tennessee",0.474,1196,"Florida",FALSE
2025,"Ranger",79,1397,"Tennessee",0.76,1196,"Florida",FALSE
2025,"Ranger",80,1397,"Tennessee",0.714,1196,"Florida",FALSE
2025,"Ranger",81,1397,"Tennessee",0.45,1196,"Florida",FALSE
2025,"Ranger",82,1120,"Auburn",0.35,1196,"Florida",FALSE
2025,"Ranger",83,1155,"Clemson",0.464,1196,"Florida",FALSE
2025,"Ranger",84,1124,"Baylor",0.292,1196,"Florida",FALSE
2025,"Ranger",85,1181,"Duke",0.524,1196,"Florida",FALSE
2025,"Ranger",86,1345,"Purdue",0.678,1196,"Florida",FALSE
2025,"Ranger",87,1403,"Texas Tech",0.216,1196,"Florida",FALSE
2025,"Ranger",88,1120,"Auburn",0.474,1196,"Florida",FALSE
2025,"Ranger",89,1120,"Auburn",0.524,1196,"Florida",FALSE
2025,"Ranger",90,1211,"Gonzaga",0.35,1196,"Florida",FALSE
2025,"Ranger",91,1222,"Houston",0.648,1196,"Florida",FALSE
2025,"Ranger",92,1181,"Duke",0.662,1196,"Florida",FALSE
2025,"Ranger",93,1196,"Florida",0.536,1196,"Florida",TRUE
2025,"Ranger",94,1196,"Florida",0.302,1196,"Florida",TRUE
2025,"Ranger",95,1222,"Houston",0.672,1196,"Florida",FALSE
2025,"Ranger",96,1403,"Texas Tech",0.734,1196,"Florida",FALSE
2025,"Ranger",97,1181,"Duke",0.792,1196,"Florida",FALSE
2025,"Ranger",98,1345,"Purdue",0.426,1196,"Florida",FALSE
2025,"Ranger",99,1120,"Auburn",0.142,1196,"Florida",FALSE
2025,"Ranger",100,1181,"Duke",0.524,1196,"Florida",FALSE
2025,"Logistic",1,1181,"Duke",0.769751988282952,1196,"Florida",FALSE
2025,"Logistic",2,1277,"Michigan St",0.769751988282952,1196,"Florida",FALSE
2025,"Logistic",3,1385,"St John's",0.779779474660922,1196,"Florida",FALSE
2025,"Logistic",4,1222,"Houston",0.745296036670339,1196,"Florida",FALSE
2025,"Logistic",5,1222,"Houston",0.503958632765776,1196,"Florida",FALSE
2025,"Logistic",6,1397,"Tennessee",0.379351999788213,1196,"Florida",FALSE
2025,"Logistic",7,1181,"Duke",0.565575681634042,1196,"Florida",FALSE
2025,"Logistic",8,1181,"Duke",0.769751988282952,1196,"Florida",FALSE
2025,"Logistic",9,1181,"Duke",0.537197802525643,1196,"Florida",FALSE
2025,"Logistic",10,1222,"Houston",0.503958632765776,1196,"Florida",FALSE
2025,"Logistic",11,1181,"Duke",0.829732180825963,1196,"Florida",FALSE
2025,"Logistic",12,1388,"St Mary's CA",0.636016660748817,1196,"Florida",FALSE
2025,"Logistic",13,1120,"Auburn",0.537197802525643,1196,"Florida",FALSE
2025,"Logistic",14,1235,"Iowa St",0.785243243986234,1196,"Florida",FALSE
2025,"Logistic",15,1222,"Houston",0.5326013317013,1196,"Florida",FALSE
2025,"Logistic",16,1181,"Duke",0.779779474660922,1196,"Florida",FALSE
2025,"Logistic",17,1163,"Connecticut",0.755516177420553,1196,"Florida",FALSE
2025,"Logistic",18,1196,"Florida",0.247010390245122,1196,"Florida",TRUE
2025,"Logistic",19,1120,"Auburn",0.537197802525643,1196,"Florida",FALSE
2025,"Logistic",20,1196,"Florida",0.565575681634042,1196,"Florida",TRUE
2025,"Logistic",21,1120,"Auburn",0.503958632765776,1196,"Florida",FALSE
2025,"Logistic",22,1181,"Duke",0.779779474660922,1196,"Florida",FALSE
2025,"Logistic",23,1181,"Duke",0.537197802525643,1196,"Florida",FALSE
2025,"Logistic",24,1196,"Florida",0.5326013317013,1196,"Florida",TRUE
2025,"Logistic",25,1181,"Duke",0.537197802525643,1196,"Florida",FALSE
2025,"Logistic",26,1397,"Tennessee",0.352731216214633,1196,"Florida",FALSE
2025,"Logistic",27,1277,"Michigan St",0.555704487931537,1196,"Florida",FALSE
2025,"Logistic",28,1235,"Iowa St",0.410550496105648,1196,"Florida",FALSE
2025,"Logistic",29,1222,"Houston",0.756051056615767,1196,"Florida",FALSE
2025,"Logistic",30,1196,"Florida",0.217504389433333,1196,"Florida",TRUE
2025,"Logistic",31,1196,"Florida",0.178347005248111,1196,"Florida",TRUE
2025,"Logistic",32,1181,"Duke",0.565575681634042,1196,"Florida",FALSE
2025,"Logistic",33,1120,"Auburn",0.537197802525643,1196,"Florida",FALSE
2025,"Logistic",34,1181,"Duke",0.537197802525643,1196,"Florida",FALSE
2025,"Logistic",35,1222,"Houston",0.909916869389656,1196,"Florida",FALSE
2025,"Logistic",36,1120,"Auburn",0.302779277675856,1196,"Florida",FALSE
2025,"Logistic",37,1181,"Duke",0.565575681634042,1196,"Florida",FALSE
2025,"Logistic",38,1120,"Auburn",0.302779277675856,1196,"Florida",FALSE
2025,"Logistic",39,1196,"Florida",0.247010390245122,1196,"Florida",TRUE
2025,"Logistic",40,1181,"Duke",0.537197802525643,1196,"Florida",FALSE
2025,"Logistic",41,1120,"Auburn",0.503958632765776,1196,"Florida",FALSE
2025,"Logistic",42,1196,"Florida",0.565575681634042,1196,"Florida",TRUE
2025,"Logistic",43,1403,"Texas Tech",0.359372438836358,1196,"Florida",FALSE
2025,"Logistic",44,1120,"Auburn",0.352731216214633,1196,"Florida",FALSE
2025,"Logistic",45,1222,"Houston",0.5326013317013,1196,"Florida",FALSE
2025,"Logistic",46,1120,"Auburn",0.302779277675856,1196,"Florida",FALSE
2025,"Logistic",47,1120,"Auburn",0.537197802525643,1196,"Florida",FALSE
2025,"Logistic",48,1397,"Tennessee",0.769615694679606,1196,"Florida",FALSE
2025,"Logistic",49,1120,"Auburn",0.302779277675856,1196,"Florida",FALSE
2025,"Logistic",50,1120,"Auburn",0.226290524763057,1196,"Florida",FALSE
2025,"Logistic",51,1120,"Auburn",0.537197802525643,1196,"Florida",FALSE
2025,"Logistic",52,1403,"Texas Tech",0.769589737875791,1196,"Florida",FALSE
2025,"Logistic",53,1196,"Florida",0.5326013317013,1196,"Florida",TRUE
2025,"Logistic",54,1397,"Tennessee",0.352731216214633,1196,"Florida",FALSE
2025,"Logistic",55,1181,"Duke",0.769751988282952,1196,"Florida",FALSE
2025,"Logistic",56,1120,"Auburn",0.537197802525643,1196,"Florida",FALSE
2025,"Logistic",57,1120,"Auburn",0.503958632765776,1196,"Florida",FALSE
2025,"Logistic",58,1181,"Duke",0.8068575730456,1196,"Florida",FALSE
2025,"Logistic",59,1196,"Florida",0.194026358942964,1196,"Florida",TRUE
2025,"Logistic",60,1120,"Auburn",0.537197802525643,1196,"Florida",FALSE
2025,"Logistic",61,1196,"Florida",0.565575681634042,1196,"Florida",TRUE
2025,"Logistic",62,1181,"Duke",0.537197802525643,1196,"Florida",FALSE
2025,"Logistic",63,1401,"Texas A&M",0.469917675260811,1196,"Florida",FALSE
2025,"Logistic",64,1222,"Houston",0.852096810658426,1196,"Florida",FALSE
2025,"Logistic",65,1181,"Duke",0.537197802525643,1196,"Florida",FALSE
2025,"Logistic",66,1196,"Florida",0.565575681634042,1196,"Florida",TRUE
2025,"Logistic",67,1222,"Houston",0.503958632765776,1196,"Florida",FALSE
2025,"Logistic",68,1120,"Auburn",0.17670793128845,1196,"Florida",FALSE
2025,"Logistic",69,1181,"Duke",0.565575681634042,1196,"Florida",FALSE
2025,"Logistic",70,1222,"Houston",0.756051056615767,1196,"Florida",FALSE
2025,"Logistic",71,1222,"Houston",0.503958632765776,1196,"Florida",FALSE
2025,"Logistic",72,1222,"Houston",0.503958632765776,1196,"Florida",FALSE
2025,"Logistic",73,1120,"Auburn",0.2028897561827,1196,"Florida",FALSE
2025,"Logistic",74,1196,"Florida",0.565575681634042,1196,"Florida",TRUE
2025,"Logistic",75,1120,"Auburn",0.352731216214633,1196,"Florida",FALSE
2025,"Logistic",76,1120,"Auburn",0.537197802525643,1196,"Florida",FALSE
2025,"Logistic",77,1222,"Houston",0.503958632765776,1196,"Florida",FALSE
2025,"Logistic",78,1196,"Florida",0.200035059009408,1196,"Florida",TRUE
2025,"Logistic",79,1222,"Houston",0.756051056615767,1196,"Florida",FALSE
2025,"Logistic",80,1403,"Texas Tech",0.769589737875791,1196,"Florida",FALSE
2025,"Logistic",81,1196,"Florida",0.565575681634042,1196,"Florida",TRUE
2025,"Logistic",82,1181,"Duke",0.565575681634042,1196,"Florida",FALSE
2025,"Logistic",83,1181,"Duke",0.779779474660922,1196,"Florida",FALSE
2025,"Logistic",84,1120,"Auburn",0.537197802525643,1196,"Florida",FALSE
2025,"Logistic",85,1222,"Houston",0.5326013317013,1196,"Florida",FALSE
2025,"Logistic",86,1120,"Auburn",0.302779277675856,1196,"Florida",FALSE
2025,"Logistic",87,1222,"Houston",0.503958632765776,1196,"Florida",FALSE
2025,"Logistic",88,1397,"Tennessee",0.758363968595618,1196,"Florida",FALSE
2025,"Logistic",89,1196,"Florida",0.565575681634042,1196,"Florida",TRUE
2025,"Logistic",90,1120,"Auburn",0.537197802525643,1196,"Florida",FALSE
2025,"Logistic",91,1222,"Houston",0.745122259036646,1196,"Florida",FALSE
2025,"Logistic",92,1181,"Duke",0.537197802525643,1196,"Florida",FALSE
2025,"Logistic",93,1181,"Duke",0.869874862149143,1196,"Florida",FALSE
2025,"Logistic",94,1120,"Auburn",0.302779277675856,1196,"Florida",FALSE
2025,"Logistic",95,1181,"Duke",0.769751988282952,1196,"Florida",FALSE
2025,"Logistic",96,1181,"Duke",0.769589737875791,1196,"Florida",FALSE
2025,"Logistic",97,1222,"Houston",0.756051056615767,1196,"Florida",FALSE
2025,"Logistic",98,1401,"Texas A&M",0.813237888432641,1196,"Florida",FALSE
2025,"Logistic",99,1181,"Duke",0.565575681634042,1196,"Florida",FALSE
2025,"Logistic",100,1196,"Florida",0.565575681634042,1196,"Florida",TRUE
2025,"XGBoost",1,1222,"Houston",0.935746312141418,1196,"Florida",FALSE
2025,"XGBoost",2,1196,"Florida",0.435489863157272,1196,"Florida",TRUE
2025,"XGBoost",3,1277,"Michigan St",0.0434077978134155,1196,"Florida",FALSE
2025,"XGBoost",4,1222,"Houston",0.985491573810577,1196,"Florida",FALSE
2025,"XGBoost",5,1120,"Auburn",0.17184042930603,1196,"Florida",FALSE
2025,"XGBoost",6,1385,"St John's",0.173167988657951,1196,"Florida",FALSE
2025,"XGBoost",7,1181,"Duke",0.972539007663727,1196,"Florida",FALSE
2025,"XGBoost",8,1181,"Duke",0.872072100639343,1196,"Florida",FALSE
2025,"XGBoost",9,1181,"Duke",0.939322233200073,1196,"Florida",FALSE
2025,"XGBoost",10,1120,"Auburn",0.0704209879040718,1196,"Florida",FALSE
2025,"XGBoost",11,1104,"Alabama",0.585354208946228,1196,"Florida",FALSE
2025,"XGBoost",12,1222,"Houston",0.973947644233704,1196,"Florida",FALSE
2025,"XGBoost",13,1181,"Duke",0.872072100639343,1196,"Florida",FALSE
2025,"XGBoost",14,1120,"Auburn",0.0704209879040718,1196,"Florida",FALSE
2025,"XGBoost",15,1345,"Purdue",0.160632967948914,1196,"Florida",FALSE
2025,"XGBoost",16,1458,"Wisconsin",0.485893428325653,1196,"Florida",FALSE
2025,"XGBoost",17,1196,"Florida",0.603220045566559,1196,"Florida",TRUE
2025,"XGBoost",18,1196,"Florida",0.0673625618219376,1196,"Florida",TRUE
2025,"XGBoost",19,1403,"Texas Tech",0.864883601665497,1196,"Florida",FALSE
2025,"XGBoost",20,1181,"Duke",0.939322233200073,1196,"Florida",FALSE
2025,"XGBoost",21,1397,"Tennessee",0.954938530921936,1196,"Florida",FALSE
2025,"XGBoost",22,1181,"Duke",0.569894134998322,1196,"Florida",FALSE
2025,"XGBoost",23,1120,"Auburn",0.17184042930603,1196,"Florida",FALSE
2025,"XGBoost",24,1196,"Florida",0.603220045566559,1196,"Florida",TRUE
2025,"XGBoost",25,1417,"UCLA",0.0683175176382065,1196,"Florida",FALSE
2025,"XGBoost",26,1222,"Houston",0.985491573810577,1196,"Florida",FALSE
2025,"XGBoost",27,1222,"Houston",0.805351853370667,1196,"Florida",FALSE
2025,"XGBoost",28,1181,"Duke",0.823505401611328,1196,"Florida",FALSE
2025,"XGBoost",29,1222,"Houston",0.981581687927246,1196,"Florida",FALSE
2025,"XGBoost",30,1120,"Auburn",0.17184042930603,1196,"Florida",FALSE
2025,"XGBoost",31,1112,"Arizona",0.612954318523407,1196,"Florida",FALSE
2025,"XGBoost",32,1181,"Duke",0.435489863157272,1196,"Florida",FALSE
2025,"XGBoost",33,1120,"Auburn",0.637447834014893,1196,"Florida",FALSE
2025,"XGBoost",34,1120,"Auburn",0.0140112787485123,1196,"Florida",FALSE
2025,"XGBoost",35,1222,"Houston",0.981581687927246,1196,"Florida",FALSE
2025,"XGBoost",36,1120,"Auburn",0.0140112787485123,1196,"Florida",FALSE
2025,"XGBoost",37,1181,"Duke",0.435489863157272,1196,"Florida",FALSE
2025,"XGBoost",38,1120,"Auburn",0.0140112787485123,1196,"Florida",FALSE
2025,"XGBoost",39,1196,"Florida",0.0673625618219376,1196,"Florida",TRUE
2025,"XGBoost",40,1181,"Duke",0.435489863157272,1196,"Florida",FALSE
2025,"XGBoost",41,1222,"Houston",0.981581687927246,1196,"Florida",FALSE
2025,"XGBoost",42,1222,"Houston",0.88368809223175,1196,"Florida",FALSE
2025,"XGBoost",43,1120,"Auburn",0.138967931270599,1196,"Florida",FALSE
2025,"XGBoost",44,1222,"Houston",0.981581687927246,1196,"Florida",FALSE
2025,"XGBoost",45,1222,"Houston",0.981581687927246,1196,"Florida",FALSE
2025,"XGBoost",46,1120,"Auburn",0.0140112787485123,1196,"Florida",FALSE
2025,"XGBoost",47,1120,"Auburn",0.0140112787485123,1196,"Florida",FALSE
2025,"XGBoost",48,1181,"Duke",0.972539007663727,1196,"Florida",FALSE
2025,"XGBoost",49,1277,"Michigan St",0.770739436149597,1196,"Florida",FALSE
2025,"XGBoost",50,1120,"Auburn",0.138967931270599,1196,"Florida",FALSE
2025,"XGBoost",51,1120,"Auburn",0.17184042930603,1196,"Florida",FALSE
2025,"XGBoost",52,1181,"Duke",0.972539007663727,1196,"Florida",FALSE
2025,"XGBoost",53,1196,"Florida",0.603220045566559,1196,"Florida",TRUE
2025,"XGBoost",54,1120,"Auburn",0.0151017149910331,1196,"Florida",FALSE
2025,"XGBoost",55,1196,"Florida",0.603220045566559,1196,"Florida",TRUE
2025,"XGBoost",56,1196,"Florida",0.603220045566559,1196,"Florida",TRUE
2025,"XGBoost",57,1222,"Houston",0.981581687927246,1196,"Florida",FALSE
2025,"XGBoost",58,1222,"Houston",0.935746312141418,1196,"Florida",FALSE
2025,"XGBoost",59,1385,"St John's",0.569894134998322,1196,"Florida",FALSE
2025,"XGBoost",60,1120,"Auburn",0.0212778802961111,1196,"Florida",FALSE
2025,"XGBoost",61,1196,"Florida",0.058765634894371,1196,"Florida",TRUE
2025,"XGBoost",62,1120,"Auburn",0.0140112787485123,1196,"Florida",FALSE
2025,"XGBoost",63,1120,"Auburn",0.0212778802961111,1196,"Florida",FALSE
2025,"XGBoost",64,1222,"Houston",0.603220045566559,1196,"Florida",FALSE
2025,"XGBoost",65,1222,"Houston",0.981581687927246,1196,"Florida",FALSE
2025,"XGBoost",66,1196,"Florida",0.435489863157272,1196,"Florida",TRUE
2025,"XGBoost",67,1120,"Auburn",0.17184042930603,1196,"Florida",FALSE
2025,"XGBoost",68,1120,"Auburn",0.17184042930603,1196,"Florida",FALSE
2025,"XGBoost",69,1181,"Duke",0.435489863157272,1196,"Florida",FALSE
2025,"XGBoost",70,1222,"Houston",0.981581687927246,1196,"Florida",FALSE
2025,"XGBoost",71,1222,"Houston",0.805351853370667,1196,"Florida",FALSE
2025,"XGBoost",72,1246,"Kentucky",0.916837453842163,1196,"Florida",FALSE
2025,"XGBoost",73,1120,"Auburn",0.0212778802961111,1196,"Florida",FALSE
2025,"XGBoost",74,1120,"Auburn",0.17184042930603,1196,"Florida",FALSE
2025,"XGBoost",75,1196,"Florida",0.603220045566559,1196,"Florida",TRUE
2025,"XGBoost",76,1222,"Houston",0.981581687927246,1196,"Florida",FALSE
2025,"XGBoost",77,1222,"Houston",0.603220045566559,1196,"Florida",FALSE
2025,"XGBoost",78,1196,"Florida",0.126722916960716,1196,"Florida",TRUE
2025,"XGBoost",79,1222,"Houston",0.985491573810577,1196,"Florida",FALSE
2025,"XGBoost",80,1385,"St John's",0.569894134998322,1196,"Florida",FALSE
2025,"XGBoost",81,1268,"Maryland",0.626778423786163,1196,"Florida",FALSE
2025,"XGBoost",82,1104,"Alabama",0.058765634894371,1196,"Florida",FALSE
2025,"XGBoost",83,1120,"Auburn",0.17184042930603,1196,"Florida",FALSE
2025,"XGBoost",84,1120,"Auburn",0.17184042930603,1196,"Florida",FALSE
2025,"XGBoost",85,1181,"Duke",0.435489863157272,1196,"Florida",FALSE
2025,"XGBoost",86,1222,"Houston",0.935746312141418,1196,"Florida",FALSE
2025,"XGBoost",87,1181,"Duke",0.569894134998322,1196,"Florida",FALSE
2025,"XGBoost",88,1181,"Duke",0.872072100639343,1196,"Florida",FALSE
2025,"XGBoost",89,1196,"Florida",0.0920173227787018,1196,"Florida",TRUE
2025,"XGBoost",90,1120,"Auburn",0.17184042930603,1196,"Florida",FALSE
2025,"XGBoost",91,1385,"St John's",0.337130516767502,1196,"Florida",FALSE
2025,"XGBoost",92,1181,"Duke",0.569894134998322,1196,"Florida",FALSE
2025,"XGBoost",93,1181,"Duke",0.872072100639343,1196,"Florida",FALSE
2025,"XGBoost",94,1222,"Houston",0.981581687927246,1196,"Florida",FALSE
2025,"XGBoost",95,1277,"Michigan St",0.268073350191116,1196,"Florida",FALSE
2025,"XGBoost",96,1345,"Purdue",0.784318387508392,1196,"Florida",FALSE
2025,"XGBoost",97,1120,"Auburn",0.17184042930603,1196,"Florida",FALSE
2025,"XGBoost",98,1222,"Houston",0.973947644233704,1196,"Florida",FALSE
2025,"XGBoost",99,1120,"Auburn",0.17184042930603,1196,"Florida",FALSE
2025,"XGBoost",100,1196,"Florida",0.109695836901665,1196,"Florida",TRUE
2025,"Consensus",1,1181,"Duke",0.853399739400891,1196,"Florida",FALSE
2025,"Consensus",2,1196,"Florida",0.559875055461846,1196,"Florida",TRUE
2025,"Consensus",3,1196,"Florida",0.559875055461846,1196,"Florida",TRUE
2025,"Consensus",4,1181,"Duke",0.853399739400891,1196,"Florida",FALSE
2025,"Consensus",5,1181,"Duke",0.706602853049537,1196,"Florida",FALSE
2025,"Consensus",6,1196,"Florida",0.183823724522737,1196,"Florida",TRUE
2025,"Consensus",7,1181,"Duke",0.706602853049537,1196,"Florida",FALSE
2025,"Consensus",8,1181,"Duke",0.853399739400891,1196,"Florida",FALSE
2025,"Consensus",9,1181,"Duke",0.559875055461846,1196,"Florida",FALSE
2025,"Consensus",10,1196,"Florida",0.292580008797278,1196,"Florida",TRUE
2025,"Consensus",11,1181,"Duke",0.559875055461846,1196,"Florida",FALSE
2025,"Consensus",12,1196,"Florida",0.152587346730726,1196,"Florida",TRUE
2025,"Consensus",13,1181,"Duke",0.853399739400891,1196,"Florida",FALSE
2025,"Consensus",14,1120,"Auburn",0.706602853049537,1196,"Florida",FALSE
2025,"Consensus",15,1181,"Duke",0.559875055461846,1196,"Florida",FALSE
2025,"Consensus",16,1181,"Duke",0.875753635391484,1196,"Florida",FALSE
2025,"Consensus",17,1196,"Florida",0.183823724522737,1196,"Florida",TRUE
2025,"Consensus",18,1196,"Florida",0.292580008797278,1196,"Florida",TRUE
2025,"Consensus",19,1120,"Auburn",0.706602853049537,1196,"Florida",FALSE
2025,"Consensus",20,1196,"Florida",0.559875055461846,1196,"Florida",TRUE
2025,"Consensus",21,1120,"Auburn",0.439153131869611,1196,"Florida",FALSE
2025,"Consensus",22,1181,"Duke",0.875753635391484,1196,"Florida",FALSE
2025,"Consensus",23,1181,"Duke",0.559875055461846,1196,"Florida",FALSE
2025,"Consensus",24,1196,"Florida",0.559875055461846,1196,"Florida",TRUE
2025,"Consensus",25,1222,"Houston",0.292580008797278,1196,"Florida",FALSE
2025,"Consensus",26,1222,"Houston",0.439153131869611,1196,"Florida",FALSE
2025,"Consensus",27,1181,"Duke",0.853399739400891,1196,"Florida",FALSE
2025,"Consensus",28,1181,"Duke",0.559875055461846,1196,"Florida",FALSE
2025,"Consensus",29,1222,"Houston",0.696202042541463,1196,"Florida",FALSE
2025,"Consensus",30,1181,"Duke",0.706602853049537,1196,"Florida",FALSE
2025,"Consensus",31,1181,"Duke",0.559875055461846,1196,"Florida",FALSE
2025,"Consensus",32,1181,"Duke",0.559875055461846,1196,"Florida",FALSE
2025,"Consensus",33,1196,"Florida",0.559875055461846,1196,"Florida",TRUE
2025,"Consensus",34,1181,"Duke",0.875753635391484,1196,"Florida",FALSE
2025,"Consensus",35,1222,"Houston",0.654296045794456,1196,"Florida",FALSE
2025,"Consensus",36,1120,"Auburn",0.706602853049537,1196,"Florida",FALSE
2025,"Consensus",37,1181,"Duke",0.559875055461846,1196,"Florida",FALSE
2025,"Consensus",38,1181,"Duke",0.706602853049537,1196,"Florida",FALSE
2025,"Consensus",39,1196,"Florida",0.292580008797278,1196,"Florida",TRUE
2025,"Consensus",40,1181,"Duke",0.559875055461846,1196,"Florida",FALSE
2025,"Consensus",41,1120,"Auburn",0.706602853049537,1196,"Florida",FALSE
2025,"Consensus",42,1196,"Florida",0.559875055461846,1196,"Florida",TRUE
2025,"Consensus",43,1385,"St John's",0.696202042541463,1196,"Florida",FALSE
2025,"Consensus",44,1181,"Duke",0.706602853049537,1196,"Florida",FALSE
2025,"Consensus",45,1181,"Duke",0.559875055461846,1196,"Florida",FALSE
2025,"Consensus",46,1196,"Florida",0.292580008797278,1196,"Florida",TRUE
2025,"Consensus",47,1120,"Auburn",0.706602853049537,1196,"Florida",FALSE
2025,"Consensus",48,1181,"Duke",0.706602853049537,1196,"Florida",FALSE
2025,"Consensus",49,1120,"Auburn",0.706602853049537,1196,"Florida",FALSE
2025,"Consensus",50,1120,"Auburn",0.439153131869611,1196,"Florida",FALSE
2025,"Consensus",51,1120,"Auburn",0.706602853049537,1196,"Florida",FALSE
2025,"Consensus",52,1181,"Duke",0.875753635391484,1196,"Florida",FALSE
2025,"Consensus",53,1196,"Florida",0.559875055461846,1196,"Florida",TRUE
2025,"Consensus",54,1222,"Houston",0.292580008797278,1196,"Florida",FALSE
2025,"Consensus",55,1196,"Florida",0.559875055461846,1196,"Florida",TRUE
2025,"Consensus",56,1196,"Florida",0.559875055461846,1196,"Florida",TRUE
2025,"Consensus",57,1120,"Auburn",0.439153131869611,1196,"Florida",FALSE
2025,"Consensus",58,1181,"Duke",0.853399739400891,1196,"Florida",FALSE
2025,"Consensus",59,1196,"Florida",0.559875055461846,1196,"Florida",TRUE
2025,"Consensus",60,1181,"Duke",0.853399739400891,1196,"Florida",FALSE
2025,"Consensus",61,1196,"Florida",0.559875055461846,1196,"Florida",TRUE
2025,"Consensus",62,1181,"Duke",0.559875055461846,1196,"Florida",FALSE
2025,"Consensus",63,1120,"Auburn",0.254232642819212,1196,"Florida",FALSE
2025,"Consensus",64,1181,"Duke",0.559875055461846,1196,"Florida",FALSE
2025,"Consensus",65,1181,"Duke",0.706602853049537,1196,"Florida",FALSE
2025,"Consensus",66,1196,"Florida",0.559875055461846,1196,"Florida",TRUE
2025,"Consensus",67,1181,"Duke",0.559875055461846,1196,"Florida",FALSE
2025,"Consensus",68,1120,"Auburn",0.706602853049537,1196,"Florida",FALSE
2025,"Consensus",69,1181,"Duke",0.559875055461846,1196,"Florida",FALSE
2025,"Consensus",70,1181,"Duke",0.875753635391484,1196,"Florida",FALSE
2025,"Consensus",71,1196,"Florida",0.292580008797278,1196,"Florida",TRUE
2025,"Consensus",72,1120,"Auburn",0.298936679082458,1196,"Florida",FALSE
2025,"Consensus",73,1181,"Duke",0.706602853049537,1196,"Florida",FALSE
2025,"Consensus",74,1196,"Florida",0.559875055461846,1196,"Florida",TRUE
2025,"Consensus",75,1196,"Florida",0.559875055461846,1196,"Florida",TRUE
2025,"Consensus",76,1196,"Florida",0.559875055461846,1196,"Florida",TRUE
2025,"Consensus",77,1222,"Houston",0.292580008797278,1196,"Florida",FALSE
2025,"Consensus",78,1196,"Florida",0.152587346730726,1196,"Florida",TRUE
2025,"Consensus",79,1222,"Houston",0.292580008797278,1196,"Florida",FALSE
2025,"Consensus",80,1196,"Florida",0.559875055461846,1196,"Florida",TRUE
2025,"Consensus",81,1196,"Florida",0.559875055461846,1196,"Florida",TRUE
2025,"Consensus",82,1181,"Duke",0.559875055461846,1196,"Florida",FALSE
2025,"Consensus",83,1196,"Florida",0.559875055461846,1196,"Florida",TRUE
2025,"Consensus",84,1120,"Auburn",0.706602853049537,1196,"Florida",FALSE
2025,"Consensus",85,1181,"Duke",0.559875055461846,1196,"Florida",FALSE
2025,"Consensus",86,1120,"Auburn",0.254232642819212,1196,"Florida",FALSE
2025,"Consensus",87,1181,"Duke",0.559875055461846,1196,"Florida",FALSE
2025,"Consensus",88,1181,"Duke",0.706602853049537,1196,"Florida",FALSE
2025,"Consensus",89,1196,"Florida",0.559875055461846,1196,"Florida",TRUE
2025,"Consensus",90,1181,"Duke",0.559875055461846,1196,"Florida",FALSE
2025,"Consensus",91,1120,"Auburn",0.439153131869611,1196,"Florida",FALSE
2025,"Consensus",92,1181,"Duke",0.706602853049537,1196,"Florida",FALSE
2025,"Consensus",93,1181,"Duke",0.706602853049537,1196,"Florida",FALSE
2025,"Consensus",94,1196,"Florida",0.559875055461846,1196,"Florida",TRUE
2025,"Consensus",95,1181,"Duke",0.559875055461846,1196,"Florida",FALSE
2025,"Consensus",96,1181,"Duke",0.706602853049537,1196,"Florida",FALSE
2025,"Consensus",97,1181,"Duke",0.559875055461846,1196,"Florida",FALSE
2025,"Consensus",98,1120,"Auburn",0.706602853049537,1196,"Florida",FALSE
2025,"Consensus",99,1181,"Duke",0.559875055461846,1196,"Florida",FALSE
2025,"Consensus",100,1196,"Florida",0.559875055461846,1196,"Florida",TRUE
2025,"linear_pca",1,1397,"Tennessee",0.538032404225772,1196,"Florida",FALSE
2025,"linear_pca",2,1166,"Creighton",0.739639662018549,1196,"Florida",FALSE
2025,"linear_pca",3,1385,"St John's",0.488290113922817,1196,"Florida",FALSE
2025,"linear_pca",4,1345,"Purdue",0.461038512532833,1196,"Florida",FALSE
2025,"linear_pca",5,1222,"Houston",0.489636554475031,1196,"Florida",FALSE
2025,"linear_pca",6,1397,"Tennessee",0.578677238957633,1196,"Florida",FALSE
2025,"linear_pca",7,1181,"Duke",0.738494398366152,1196,"Florida",FALSE
2025,"linear_pca",8,1181,"Duke",0.610462019398423,1196,"Florida",FALSE
2025,"linear_pca",9,1397,"Tennessee",0.620663366303437,1196,"Florida",FALSE
2025,"linear_pca",10,1345,"Purdue",0.590216155152959,1196,"Florida",FALSE
2025,"linear_pca",11,1181,"Duke",0.693092981476088,1196,"Florida",FALSE
2025,"linear_pca",12,1388,"St Mary's CA",0.516757291942128,1196,"Florida",FALSE
2025,"linear_pca",13,1181,"Duke",0.685916256537073,1196,"Florida",FALSE
2025,"linear_pca",14,1235,"Iowa St",0.661809338949071,1196,"Florida",FALSE
2025,"linear_pca",15,1388,"St Mary's CA",0.336527702089152,1196,"Florida",FALSE
2025,"linear_pca",16,1181,"Duke",0.651106854130284,1196,"Florida",FALSE
2025,"linear_pca",17,1163,"Connecticut",0.50183905087249,1196,"Florida",FALSE
2025,"linear_pca",18,1196,"Florida",0.478385490556809,1196,"Florida",TRUE
2025,"linear_pca",19,1120,"Auburn",0.513743472063032,1196,"Florida",FALSE
2025,"linear_pca",20,1196,"Florida",0.566697770783686,1196,"Florida",TRUE
2025,"linear_pca",21,1277,"Michigan St",0.522149739171546,1196,"Florida",FALSE
2025,"linear_pca",22,1104,"Alabama",0.555996418780171,1196,"Florida",FALSE
2025,"linear_pca",23,1181,"Duke",0.651106854130284,1196,"Florida",FALSE
2025,"linear_pca",24,1277,"Michigan St",0.586355101810421,1196,"Florida",FALSE
2025,"linear_pca",25,1417,"UCLA",0.283426395112048,1196,"Florida",FALSE
2025,"linear_pca",26,1397,"Tennessee",0.441313856890381,1196,"Florida",FALSE
2025,"linear_pca",27,1277,"Michigan St",0.447645279190956,1196,"Florida",FALSE
2025,"linear_pca",28,1235,"Iowa St",0.46140415642199,1196,"Florida",FALSE
2025,"linear_pca",29,1222,"Houston",0.639022554534553,1196,"Florida",FALSE
2025,"linear_pca",30,1104,"Alabama",0.674747191345327,1196,"Florida",FALSE
2025,"linear_pca",31,1124,"Baylor",0.342185670668604,1196,"Florida",FALSE
2025,"linear_pca",32,1397,"Tennessee",0.578677238957633,1196,"Florida",FALSE
2025,"linear_pca",33,1403,"Texas Tech",0.562678774950496,1196,"Florida",FALSE
2025,"linear_pca",34,1181,"Duke",0.650991055177373,1196,"Florida",FALSE
2025,"linear_pca",35,1222,"Houston",0.745750709107438,1196,"Florida",FALSE
2025,"linear_pca",36,1166,"Creighton",0.644529226668436,1196,"Florida",FALSE
2025,"linear_pca",37,1181,"Duke",0.566697770783686,1196,"Florida",FALSE
2025,"linear_pca",38,1104,"Alabama",0.59080582118696,1196,"Florida",FALSE
2025,"linear_pca",39,1242,"Kansas",0.574817191895678,1196,"Florida",FALSE
2025,"linear_pca",40,1181,"Duke",0.513743472063032,1196,"Florida",FALSE
2025,"linear_pca",41,1120,"Auburn",0.489636554475031,1196,"Florida",FALSE
2025,"linear_pca",42,1196,"Florida",0.471587335433574,1196,"Florida",TRUE
2025,"linear_pca",43,1403,"Texas Tech",0.439685852404379,1196,"Florida",FALSE
2025,"linear_pca",44,1120,"Auburn",0.302438269290038,1196,"Florida",FALSE
2025,"linear_pca",45,1211,"Gonzaga",0.478385490556809,1196,"Florida",FALSE
2025,"linear_pca",46,1104,"Alabama",0.759596731551527,1196,"Florida",FALSE
2025,"linear_pca",47,1120,"Auburn",0.513743472063032,1196,"Florida",FALSE
2025,"linear_pca",48,1228,"Illinois",0.539253215449482,1196,"Florida",FALSE
2025,"linear_pca",49,1120,"Auburn",0.41863303671292,1196,"Florida",FALSE
2025,"linear_pca",50,1120,"Auburn",0.425431191836155,1196,"Florida",FALSE
2025,"linear_pca",51,1120,"Auburn",0.441313856890381,1196,"Florida",FALSE
2025,"linear_pca",52,1403,"Texas Tech",0.42647895506229,1196,"Florida",FALSE
2025,"linear_pca",53,1277,"Michigan St",0.586355101810421,1196,"Florida",FALSE
2025,"linear_pca",54,1104,"Alabama",0.41863303671292,1196,"Florida",FALSE
2025,"linear_pca",55,1277,"Michigan St",0.610462019398423,1196,"Florida",FALSE
2025,"linear_pca",56,1120,"Auburn",0.513743472063032,1196,"Florida",FALSE
2025,"linear_pca",57,1211,"Gonzaga",0.650182118139275,1196,"Florida",FALSE
2025,"linear_pca",58,1277,"Michigan St",0.42514061582875,1196,"Florida",FALSE
2025,"linear_pca",59,1277,"Michigan St",0.461038512532833,1196,"Florida",FALSE
2025,"linear_pca",60,1120,"Auburn",0.285005195328065,1196,"Florida",FALSE
2025,"linear_pca",61,1266,"Marquette",0.749607647208396,1196,"Florida",FALSE
2025,"linear_pca",62,1181,"Duke",0.803182268833945,1196,"Florida",FALSE
2025,"linear_pca",63,1401,"Texas A&M",0.503271516041967,1196,"Florida",FALSE
2025,"linear_pca",64,1196,"Florida",0.336380693832702,1196,"Florida",TRUE
2025,"linear_pca",65,1120,"Auburn",0.41863303671292,1196,"Florida",FALSE
2025,"linear_pca",66,1397,"Tennessee",0.613486641364422,1196,"Florida",FALSE
2025,"linear_pca",67,1120,"Auburn",0.441313856890381,1196,"Florida",FALSE
2025,"linear_pca",68,1120,"Auburn",0.364319965197443,1196,"Florida",FALSE
2025,"linear_pca",69,1181,"Duke",0.566697770783686,1196,"Florida",FALSE
2025,"linear_pca",70,1385,"St John's",0.501683347264694,1196,"Florida",FALSE
2025,"linear_pca",71,1397,"Tennessee",0.578561440004722,1196,"Florida",FALSE
2025,"linear_pca",72,1277,"Michigan St",0.380144942447439,1196,"Florida",FALSE
2025,"linear_pca",73,1458,"Wisconsin",0.570624844529035,1196,"Florida",FALSE
2025,"linear_pca",74,1116,"Arkansas",0.548303734413813,1196,"Florida",FALSE
2025,"linear_pca",75,1277,"Michigan St",0.538032404225772,1196,"Florida",FALSE
2025,"linear_pca",76,1242,"Kansas",0.568019036772442,1196,"Florida",FALSE
2025,"linear_pca",77,1222,"Houston",0.489636554475031,1196,"Florida",FALSE
2025,"linear_pca",78,1196,"Florida",0.359023625596505,1196,"Florida",TRUE
2025,"linear_pca",79,1104,"Alabama",0.555996418780171,1196,"Florida",FALSE
2025,"linear_pca",80,1403,"Texas Tech",0.650991055177373,1196,"Florida",FALSE
2025,"linear_pca",81,1268,"Maryland",0.693092981476088,1196,"Florida",FALSE
2025,"linear_pca",82,1181,"Duke",0.566697770783686,1196,"Florida",FALSE
2025,"linear_pca",83,1181,"Duke",0.651106854130284,1196,"Florida",FALSE
2025,"linear_pca",84,1120,"Auburn",0.513743472063032,1196,"Florida",FALSE
2025,"linear_pca",85,1124,"Baylor",0.38594991928334,1196,"Florida",FALSE
2025,"linear_pca",86,1104,"Alabama",0.41863303671292,1196,"Florida",FALSE
2025,"linear_pca",87,1104,"Alabama",0.555996418780171,1196,"Florida",FALSE
2025,"linear_pca",88,1458,"Wisconsin",0.581443994623675,1196,"Florida",FALSE
2025,"linear_pca",89,1196,"Florida",0.40388103057622,1196,"Florida",TRUE
2025,"linear_pca",90,1120,"Auburn",0.513743472063032,1196,"Florida",FALSE
2025,"linear_pca",91,1104,"Alabama",0.555880619827261,1196,"Florida",FALSE
2025,"linear_pca",92,1181,"Duke",0.610462019398423,1196,"Florida",FALSE
2025,"linear_pca",93,1181,"Duke",0.744260734831142,1196,"Florida",FALSE
2025,"linear_pca",94,1385,"St John's",0.555996418780171,1196,"Florida",FALSE
2025,"linear_pca",95,1181,"Duke",0.610462019398423,1196,"Florida",FALSE
2025,"linear_pca",96,1222,"Houston",0.626884137589372,1196,"Florida",FALSE
2025,"linear_pca",97,1397,"Tennessee",0.590699856949904,1196,"Florida",FALSE
2025,"linear_pca",98,1401,"Texas A&M",0.528671976714564,1196,"Florida",FALSE
2025,"linear_pca",99,1181,"Duke",0.693092981476088,1196,"Florida",FALSE
2025,"linear_pca",100,1120,"Auburn",0.441313856890381,1196,"Florida",FALSE
2026,"Ranger",1,1112,"Arizona",0.378,1276,"Michigan",FALSE
2026,"Ranger",2,1228,"Illinois",0.512,1276,"Michigan",FALSE
2026,"Ranger",3,1277,"Michigan St",0.378,1276,"Michigan",FALSE
2026,"Ranger",4,1314,"North Carolina",0.22,1276,"Michigan",FALSE
2026,"Ranger",5,1277,"Michigan St",0.602,1276,"Michigan",FALSE
2026,"Ranger",6,1181,"Duke",0.596,1276,"Michigan",FALSE
2026,"Ranger",7,1345,"Purdue",0.368,1276,"Michigan",FALSE
2026,"Ranger",8,1276,"Michigan",0.166,1276,"Michigan",TRUE
2026,"Ranger",9,1345,"Purdue",0.482,1276,"Michigan",FALSE
2026,"Ranger",10,1222,"Houston",0.682,1276,"Michigan",FALSE
2026,"Ranger",11,1277,"Michigan St",0.362,1276,"Michigan",FALSE
2026,"Ranger",12,1276,"Michigan",0.292,1276,"Michigan",TRUE
2026,"Ranger",13,1112,"Arizona",0.204,1276,"Michigan",FALSE
2026,"Ranger",14,1235,"Iowa St",0.22,1276,"Michigan",FALSE
2026,"Ranger",15,1276,"Michigan",0.45,1276,"Michigan",TRUE
2026,"Ranger",16,1222,"Houston",0.482,1276,"Michigan",FALSE
2026,"Ranger",17,1196,"Florida",0.482,1276,"Michigan",FALSE
2026,"Ranger",18,1235,"Iowa St",0.48,1276,"Michigan",FALSE
2026,"Ranger",19,1181,"Duke",0.596,1276,"Michigan",FALSE
2026,"Ranger",20,1222,"Houston",0.482,1276,"Michigan",FALSE
2026,"Ranger",21,1276,"Michigan",0.45,1276,"Michigan",TRUE
2026,"Ranger",22,1181,"Duke",0.596,1276,"Michigan",FALSE
2026,"Ranger",23,1397,"Tennessee",0.296,1276,"Michigan",FALSE
2026,"Ranger",24,1163,"Connecticut",0.37,1276,"Michigan",FALSE
2026,"Ranger",25,1181,"Duke",0.712,1276,"Michigan",FALSE
2026,"Ranger",26,1276,"Michigan",0.362,1276,"Michigan",TRUE
2026,"Ranger",27,1435,"Vanderbilt",0.436,1276,"Michigan",FALSE
2026,"Ranger",28,1276,"Michigan",0.596,1276,"Michigan",TRUE
2026,"Ranger",29,1235,"Iowa St",0.468,1276,"Michigan",FALSE
2026,"Ranger",30,1196,"Florida",0.822,1276,"Michigan",FALSE
2026,"Ranger",31,1276,"Michigan",0.34,1276,"Michigan",TRUE
2026,"Ranger",32,1228,"Illinois",0.574,1276,"Michigan",FALSE
2026,"Ranger",33,1276,"Michigan",0.166,1276,"Michigan",TRUE
2026,"Ranger",34,1112,"Arizona",0.378,1276,"Michigan",FALSE
2026,"Ranger",35,1116,"Arkansas",0.658,1276,"Michigan",FALSE
2026,"Ranger",36,1222,"Houston",0.482,1276,"Michigan",FALSE
2026,"Ranger",37,1112,"Arizona",0.378,1276,"Michigan",FALSE
2026,"Ranger",38,1181,"Duke",0.78,1276,"Michigan",FALSE
2026,"Ranger",39,1222,"Houston",0.51,1276,"Michigan",FALSE
2026,"Ranger",40,1276,"Michigan",0.506,1276,"Michigan",TRUE
2026,"Ranger",41,1242,"Kansas",0.488,1276,"Michigan",FALSE
2026,"Ranger",42,1112,"Arizona",0.712,1276,"Michigan",FALSE
2026,"Ranger",43,1181,"Duke",0.596,1276,"Michigan",FALSE
2026,"Ranger",44,1228,"Illinois",0.512,1276,"Michigan",FALSE
2026,"Ranger",45,1181,"Duke",0.738,1276,"Michigan",FALSE
2026,"Ranger",46,1222,"Houston",0.502,1276,"Michigan",FALSE
2026,"Ranger",47,1235,"Iowa St",0.618,1276,"Michigan",FALSE
2026,"Ranger",48,1385,"St John's",0.504,1276,"Michigan",FALSE
2026,"Ranger",49,1112,"Arizona",0.37,1276,"Michigan",FALSE
2026,"Ranger",50,1345,"Purdue",0.438,1276,"Michigan",FALSE
2026,"Ranger",51,1228,"Illinois",0.718,1276,"Michigan",FALSE
2026,"Ranger",52,1211,"Gonzaga",0.574,1276,"Michigan",FALSE
2026,"Ranger",53,1112,"Arizona",0.324,1276,"Michigan",FALSE
2026,"Ranger",54,1365,"Santa Clara",0.754,1276,"Michigan",FALSE
2026,"Ranger",55,1112,"Arizona",0.378,1276,"Michigan",FALSE
2026,"Ranger",56,1228,"Illinois",0.442,1276,"Michigan",FALSE
2026,"Ranger",57,1181,"Duke",0.596,1276,"Michigan",FALSE
2026,"Ranger",58,1435,"Vanderbilt",0.312,1276,"Michigan",FALSE
2026,"Ranger",59,1235,"Iowa St",0.468,1276,"Michigan",FALSE
2026,"Ranger",60,1385,"St John's",0.504,1276,"Michigan",FALSE
2026,"Ranger",61,1112,"Arizona",0.482,1276,"Michigan",FALSE
2026,"Ranger",62,1276,"Michigan",0.596,1276,"Michigan",TRUE
2026,"Ranger",63,1345,"Purdue",0.482,1276,"Michigan",FALSE
2026,"Ranger",64,1228,"Illinois",0.442,1276,"Michigan",FALSE
2026,"Ranger",65,1228,"Illinois",0.604,1276,"Michigan",FALSE
2026,"Ranger",66,1112,"Arizona",0.482,1276,"Michigan",FALSE
2026,"Ranger",67,1196,"Florida",0.45,1276,"Michigan",FALSE
2026,"Ranger",68,1163,"Connecticut",0.574,1276,"Michigan",FALSE
2026,"Ranger",69,1228,"Illinois",0.588,1276,"Michigan",FALSE
2026,"Ranger",70,1345,"Purdue",0.258,1276,"Michigan",FALSE
2026,"Ranger",71,1196,"Florida",0.616,1276,"Michigan",FALSE
2026,"Ranger",72,1276,"Michigan",0.506,1276,"Michigan",TRUE
2026,"Ranger",73,1235,"Iowa St",0.618,1276,"Michigan",FALSE
2026,"Ranger",74,1276,"Michigan",0.27,1276,"Michigan",TRUE
2026,"Ranger",75,1242,"Kansas",0.48,1276,"Michigan",FALSE
2026,"Ranger",76,1345,"Purdue",0.482,1276,"Michigan",FALSE
2026,"Ranger",77,1276,"Michigan",0.506,1276,"Michigan",TRUE
2026,"Ranger",78,1228,"Illinois",0.442,1276,"Michigan",FALSE
2026,"Ranger",79,1222,"Houston",0.64,1276,"Michigan",FALSE
2026,"Ranger",80,1222,"Houston",0.51,1276,"Michigan",FALSE
2026,"Ranger",81,1222,"Houston",0.482,1276,"Michigan",FALSE
2026,"Ranger",82,1276,"Michigan",0.442,1276,"Michigan",TRUE
2026,"Ranger",83,1435,"Vanderbilt",0.608,1276,"Michigan",FALSE
2026,"Ranger",84,1222,"Houston",0.506,1276,"Michigan",FALSE
2026,"Ranger",85,1277,"Michigan St",0.362,1276,"Michigan",FALSE
2026,"Ranger",86,1345,"Purdue",0.436,1276,"Michigan",FALSE
2026,"Ranger",87,1345,"Purdue",0.504,1276,"Michigan",FALSE
2026,"Ranger",88,1104,"Alabama",0.502,1276,"Michigan",FALSE
2026,"Ranger",89,1276,"Michigan",0.596,1276,"Michigan",TRUE
2026,"Ranger",90,1228,"Illinois",0.442,1276,"Michigan",FALSE
2026,"Ranger",91,1211,"Gonzaga",0.556,1276,"Michigan",FALSE
2026,"Ranger",92,1181,"Duke",0.806,1276,"Michigan",FALSE
2026,"Ranger",93,1112,"Arizona",0.522,1276,"Michigan",FALSE
2026,"Ranger",94,1276,"Michigan",0.312,1276,"Michigan",TRUE
2026,"Ranger",95,1196,"Florida",0.482,1276,"Michigan",FALSE
2026,"Ranger",96,1345,"Purdue",0.438,1276,"Michigan",FALSE
2026,"Ranger",97,1181,"Duke",0.656,1276,"Michigan",FALSE
2026,"Ranger",98,1435,"Vanderbilt",0.204,1276,"Michigan",FALSE
2026,"Ranger",99,1397,"Tennessee",0.506,1276,"Michigan",FALSE
2026,"Ranger",100,1181,"Duke",0.596,1276,"Michigan",FALSE
2026,"Logistic",1,1222,"Houston",0.636018911219972,1276,"Michigan",FALSE
2026,"Logistic",2,1276,"Michigan",0.495032519984964,1276,"Michigan",TRUE
2026,"Logistic",3,1112,"Arizona",0.513720961046738,1276,"Michigan",FALSE
2026,"Logistic",4,1222,"Houston",0.636018911219972,1276,"Michigan",FALSE
2026,"Logistic",5,1276,"Michigan",0.315278165915926,1276,"Michigan",TRUE
2026,"Logistic",6,1222,"Houston",0.410259263696196,1276,"Michigan",FALSE
2026,"Logistic",7,1181,"Duke",0.836204809253359,1276,"Michigan",FALSE
2026,"Logistic",8,1181,"Duke",0.72629745071363,1276,"Michigan",FALSE
2026,"Logistic",9,1222,"Houston",0.410259263696196,1276,"Michigan",FALSE
2026,"Logistic",10,1196,"Florida",0.394997782288349,1276,"Michigan",FALSE
2026,"Logistic",11,1181,"Duke",0.836139185486066,1276,"Michigan",FALSE
2026,"Logistic",12,1403,"Texas Tech",0.392649803223167,1276,"Michigan",FALSE
2026,"Logistic",13,1276,"Michigan",0.495032519984964,1276,"Michigan",TRUE
2026,"Logistic",14,1276,"Michigan",0.394997782288349,1276,"Michigan",TRUE
2026,"Logistic",15,1196,"Florida",0.412998413244545,1276,"Michigan",FALSE
2026,"Logistic",16,1181,"Duke",0.731915643319526,1276,"Michigan",FALSE
2026,"Logistic",17,1112,"Arizona",0.3316372847004,1276,"Michigan",FALSE
2026,"Logistic",18,1112,"Arizona",0.513720961046738,1276,"Michigan",FALSE
2026,"Logistic",19,1276,"Michigan",0.495032519984964,1276,"Michigan",TRUE
2026,"Logistic",20,1112,"Arizona",0.513720961046738,1276,"Michigan",FALSE
2026,"Logistic",21,1112,"Arizona",0.412998413244545,1276,"Michigan",FALSE
2026,"Logistic",22,1181,"Duke",0.731915643319526,1276,"Michigan",FALSE
2026,"Logistic",23,1276,"Michigan",0.495032519984964,1276,"Michigan",TRUE
2026,"Logistic",24,1112,"Arizona",0.513720961046738,1276,"Michigan",FALSE
2026,"Logistic",25,1181,"Duke",0.495032519984964,1276,"Michigan",FALSE
2026,"Logistic",26,1222,"Houston",0.392298232198562,1276,"Michigan",FALSE
2026,"Logistic",27,1235,"Iowa St",0.554836273353442,1276,"Michigan",FALSE
2026,"Logistic",28,1438,"Virginia",0.395884042141362,1276,"Michigan",FALSE
2026,"Logistic",29,1196,"Florida",0.645171631190131,1276,"Michigan",FALSE
2026,"Logistic",30,1276,"Michigan",0.123009756891986,1276,"Michigan",TRUE
2026,"Logistic",31,1222,"Houston",0.410259263696196,1276,"Michigan",FALSE
2026,"Logistic",32,1222,"Houston",0.410259263696196,1276,"Michigan",FALSE
2026,"Logistic",33,1276,"Michigan",0.495032519984964,1276,"Michigan",TRUE
2026,"Logistic",34,1181,"Duke",0.495032519984964,1276,"Michigan",FALSE
2026,"Logistic",35,1196,"Florida",0.738940467974884,1276,"Michigan",FALSE
2026,"Logistic",36,1276,"Michigan",0.206560222899641,1276,"Michigan",TRUE
2026,"Logistic",37,1181,"Duke",0.513720961046738,1276,"Michigan",FALSE
2026,"Logistic",38,1276,"Michigan",0.206560222899641,1276,"Michigan",TRUE
2026,"Logistic",39,1112,"Arizona",0.412998413244545,1276,"Michigan",FALSE
2026,"Logistic",40,1181,"Duke",0.513720961046738,1276,"Michigan",FALSE
2026,"Logistic",41,1276,"Michigan",0.394997782288349,1276,"Michigan",TRUE
2026,"Logistic",42,1112,"Arizona",0.513720961046738,1276,"Michigan",FALSE
2026,"Logistic",43,1211,"Gonzaga",0.693089903808195,1276,"Michigan",FALSE
2026,"Logistic",44,1276,"Michigan",0.315278165915926,1276,"Michigan",TRUE
2026,"Logistic",45,1112,"Arizona",0.412998413244545,1276,"Michigan",FALSE
2026,"Logistic",46,1276,"Michigan",0.206560222899641,1276,"Michigan",TRUE
2026,"Logistic",47,1276,"Michigan",0.495032519984964,1276,"Michigan",TRUE
2026,"Logistic",48,1228,"Illinois",0.817393439865153,1276,"Michigan",FALSE
2026,"Logistic",49,1276,"Michigan",0.206560222899641,1276,"Michigan",TRUE
2026,"Logistic",50,1276,"Michigan",0.202840082044141,1276,"Michigan",TRUE
2026,"Logistic",51,1276,"Michigan",0.495032519984964,1276,"Michigan",TRUE
2026,"Logistic",52,1345,"Purdue",0.731915643319526,1276,"Michigan",FALSE
2026,"Logistic",53,1112,"Arizona",0.3316372847004,1276,"Michigan",FALSE
2026,"Logistic",54,1228,"Illinois",0.315278165915926,1276,"Michigan",FALSE
2026,"Logistic",55,1181,"Duke",0.72629745071363,1276,"Michigan",FALSE
2026,"Logistic",56,1276,"Michigan",0.495032519984964,1276,"Michigan",TRUE
2026,"Logistic",57,1276,"Michigan",0.394997782288349,1276,"Michigan",TRUE
2026,"Logistic",58,1235,"Iowa St",0.72629745071363,1276,"Michigan",FALSE
2026,"Logistic",59,1235,"Iowa St",0.311860677562997,1276,"Michigan",FALSE
2026,"Logistic",60,1276,"Michigan",0.159314995631014,1276,"Michigan",TRUE
2026,"Logistic",61,1112,"Arizona",0.513720961046738,1276,"Michigan",FALSE
2026,"Logistic",62,1181,"Duke",0.495032519984964,1276,"Michigan",FALSE
2026,"Logistic",63,1276,"Michigan",0.110434087022198,1276,"Michigan",TRUE
2026,"Logistic",64,1112,"Arizona",0.412998413244545,1276,"Michigan",FALSE
2026,"Logistic",65,1181,"Duke",0.495032519984964,1276,"Michigan",FALSE
2026,"Logistic",66,1112,"Arizona",0.513720961046738,1276,"Michigan",FALSE
2026,"Logistic",67,1276,"Michigan",0.392298232198562,1276,"Michigan",TRUE
2026,"Logistic",68,1276,"Michigan",0.143413521325419,1276,"Michigan",TRUE
2026,"Logistic",69,1181,"Duke",0.513720961046738,1276,"Michigan",FALSE
2026,"Logistic",70,1345,"Purdue",0.561850786187761,1276,"Michigan",FALSE
2026,"Logistic",71,1222,"Houston",0.392298232198562,1276,"Michigan",FALSE
2026,"Logistic",72,1276,"Michigan",0.392298232198562,1276,"Michigan",TRUE
2026,"Logistic",73,1276,"Michigan",0.194704281171261,1276,"Michigan",TRUE
2026,"Logistic",74,1345,"Purdue",0.731915643319526,1276,"Michigan",FALSE
2026,"Logistic",75,1276,"Michigan",0.392298232198562,1276,"Michigan",TRUE
2026,"Logistic",76,1276,"Michigan",0.495032519984964,1276,"Michigan",TRUE
2026,"Logistic",77,1222,"Houston",0.410259263696196,1276,"Michigan",FALSE
2026,"Logistic",78,1112,"Arizona",0.215198626599197,1276,"Michigan",FALSE
2026,"Logistic",79,1196,"Florida",0.645171631190131,1276,"Michigan",FALSE
2026,"Logistic",80,1345,"Purdue",0.731915643319526,1276,"Michigan",FALSE
2026,"Logistic",81,1112,"Arizona",0.513720961046738,1276,"Michigan",FALSE
2026,"Logistic",82,1181,"Duke",0.513720961046738,1276,"Michigan",FALSE
2026,"Logistic",83,1181,"Duke",0.731915643319526,1276,"Michigan",FALSE
2026,"Logistic",84,1276,"Michigan",0.495032519984964,1276,"Michigan",TRUE
2026,"Logistic",85,1181,"Duke",0.513720961046738,1276,"Michigan",FALSE
2026,"Logistic",86,1222,"Houston",0.392298232198562,1276,"Michigan",FALSE
2026,"Logistic",87,1276,"Michigan",0.315278165915926,1276,"Michigan",TRUE
2026,"Logistic",88,1277,"Michigan St",0.511771124155207,1276,"Michigan",FALSE
2026,"Logistic",89,1112,"Arizona",0.513720961046738,1276,"Michigan",FALSE
2026,"Logistic",90,1276,"Michigan",0.495032519984964,1276,"Michigan",TRUE
2026,"Logistic",91,1196,"Florida",0.645171631190131,1276,"Michigan",FALSE
2026,"Logistic",92,1181,"Duke",0.495032519984964,1276,"Michigan",FALSE
2026,"Logistic",93,1181,"Duke",0.495032519984964,1276,"Michigan",FALSE
2026,"Logistic",94,1276,"Michigan",0.206560222899641,1276,"Michigan",TRUE
2026,"Logistic",95,1181,"Duke",0.72629745071363,1276,"Michigan",FALSE
2026,"Logistic",96,1181,"Duke",0.827825181083566,1276,"Michigan",FALSE
2026,"Logistic",97,1181,"Duke",0.731915643319526,1276,"Michigan",FALSE
2026,"Logistic",98,1104,"Alabama",0.822377195962193,1276,"Michigan",FALSE
2026,"Logistic",99,1181,"Duke",0.513720961046738,1276,"Michigan",FALSE
2026,"Logistic",100,1112,"Arizona",0.513720961046738,1276,"Michigan",FALSE
2026,"XGBoost",1,1235,"Iowa St",0.213106527924538,1276,"Michigan",FALSE
2026,"XGBoost",2,1276,"Michigan",0.654057562351227,1276,"Michigan",TRUE
2026,"XGBoost",3,1345,"Purdue",0.162102997303009,1276,"Michigan",FALSE
2026,"XGBoost",4,1235,"Iowa St",0.218788355588913,1276,"Michigan",FALSE
2026,"XGBoost",5,1222,"Houston",0.654057562351227,1276,"Michigan",FALSE
2026,"XGBoost",6,1222,"Houston",0.755387187004089,1276,"Michigan",FALSE
2026,"XGBoost",7,1112,"Arizona",0.135470762848854,1276,"Michigan",FALSE
2026,"XGBoost",8,1181,"Duke",0.598410725593567,1276,"Michigan",FALSE
2026,"XGBoost",9,1181,"Duke",0.598410725593567,1276,"Michigan",FALSE
2026,"XGBoost",10,1276,"Michigan",0.0885818973183632,1276,"Michigan",TRUE
2026,"XGBoost",11,1116,"Arkansas",0.518922865390778,1276,"Michigan",FALSE
2026,"XGBoost",12,1277,"Michigan St",0.8237184882164,1276,"Michigan",FALSE
2026,"XGBoost",13,1222,"Houston",0.654057562351227,1276,"Michigan",FALSE
2026,"XGBoost",14,1276,"Michigan",0.917945683002472,1276,"Michigan",TRUE
2026,"XGBoost",15,1277,"Michigan St",0.135470762848854,1276,"Michigan",FALSE
2026,"XGBoost",16,1435,"Vanderbilt",0.637675702571869,1276,"Michigan",FALSE
2026,"XGBoost",17,1246,"Kentucky",0.734577655792236,1276,"Michigan",FALSE
2026,"XGBoost",18,1112,"Arizona",0.174873009324074,1276,"Michigan",FALSE
2026,"XGBoost",19,1276,"Michigan",0.0497833713889122,1276,"Michigan",TRUE
2026,"XGBoost",20,1181,"Duke",0.960413634777069,1276,"Michigan",FALSE
2026,"XGBoost",21,1276,"Michigan",0.347178637981415,1276,"Michigan",TRUE
2026,"XGBoost",22,1345,"Purdue",0.162102997303009,1276,"Michigan",FALSE
2026,"XGBoost",23,1181,"Duke",0.959553182125092,1276,"Michigan",FALSE
2026,"XGBoost",24,1345,"Purdue",0.718427658081055,1276,"Michigan",FALSE
2026,"XGBoost",25,1181,"Duke",0.917945683002472,1276,"Michigan",FALSE
2026,"XGBoost",26,1222,"Houston",0.654057562351227,1276,"Michigan",FALSE
2026,"XGBoost",27,1235,"Iowa St",0.218788355588913,1276,"Michigan",FALSE
2026,"XGBoost",28,1222,"Houston",0.961833536624908,1276,"Michigan",FALSE
2026,"XGBoost",29,1435,"Vanderbilt",0.637675702571869,1276,"Michigan",FALSE
2026,"XGBoost",30,1181,"Duke",0.917945683002472,1276,"Michigan",FALSE
2026,"XGBoost",31,1222,"Houston",0.755387187004089,1276,"Michigan",FALSE
2026,"XGBoost",32,1181,"Duke",0.598410725593567,1276,"Michigan",FALSE
2026,"XGBoost",33,1276,"Michigan",0.654057562351227,1276,"Michigan",TRUE
2026,"XGBoost",34,1112,"Arizona",0.0207412838935852,1276,"Michigan",FALSE
2026,"XGBoost",35,1276,"Michigan",0.0885818973183632,1276,"Michigan",TRUE
2026,"XGBoost",36,1276,"Michigan",0.070822536945343,1276,"Michigan",TRUE
2026,"XGBoost",37,1277,"Michigan St",0.328138828277588,1276,"Michigan",FALSE
2026,"XGBoost",38,1276,"Michigan",0.328138828277588,1276,"Michigan",TRUE
2026,"XGBoost",39,1196,"Florida",0.718427658081055,1276,"Michigan",FALSE
2026,"XGBoost",40,1345,"Purdue",0.162102997303009,1276,"Michigan",FALSE
2026,"XGBoost",41,1276,"Michigan",0.917945683002472,1276,"Michigan",TRUE
2026,"XGBoost",42,1112,"Arizona",0.135470762848854,1276,"Michigan",FALSE
2026,"XGBoost",43,1112,"Arizona",0.0949261859059334,1276,"Michigan",FALSE
2026,"XGBoost",44,1276,"Michigan",0.347178637981415,1276,"Michigan",TRUE
2026,"XGBoost",45,1222,"Houston",0.755387187004089,1276,"Michigan",FALSE
2026,"XGBoost",46,1116,"Arkansas",0.101639285683632,1276,"Michigan",FALSE
2026,"XGBoost",47,1276,"Michigan",0.328138828277588,1276,"Michigan",TRUE
2026,"XGBoost",48,1235,"Iowa St",0.218788355588913,1276,"Michigan",FALSE
2026,"XGBoost",49,1345,"Purdue",0.598410725593567,1276,"Michigan",FALSE
2026,"XGBoost",50,1276,"Michigan",0.347178637981415,1276,"Michigan",TRUE
2026,"XGBoost",51,1276,"Michigan",0.328138828277588,1276,"Michigan",TRUE
2026,"XGBoost",52,1345,"Purdue",0.61368602514267,1276,"Michigan",FALSE
2026,"XGBoost",53,1345,"Purdue",0.718427658081055,1276,"Michigan",FALSE
2026,"XGBoost",54,1222,"Houston",0.61368602514267,1276,"Michigan",FALSE
2026,"XGBoost",55,1235,"Iowa St",0.213106527924538,1276,"Michigan",FALSE
2026,"XGBoost",56,1276,"Michigan",0.328138828277588,1276,"Michigan",TRUE
2026,"XGBoost",57,1276,"Michigan",0.0885818973183632,1276,"Michigan",TRUE
2026,"XGBoost",58,1181,"Duke",0.917945683002472,1276,"Michigan",FALSE
2026,"XGBoost",59,1222,"Houston",0.755387187004089,1276,"Michigan",FALSE
2026,"XGBoost",60,1276,"Michigan",0.0497833713889122,1276,"Michigan",TRUE
2026,"XGBoost",61,1276,"Michigan",0.328138828277588,1276,"Michigan",TRUE
2026,"XGBoost",62,1276,"Michigan",0.328138828277588,1276,"Michigan",TRUE
2026,"XGBoost",63,1276,"Michigan",0.347178637981415,1276,"Michigan",TRUE
2026,"XGBoost",64,1181,"Duke",0.598410725593567,1276,"Michigan",FALSE
2026,"XGBoost",65,1181,"Duke",0.917945683002472,1276,"Michigan",FALSE
2026,"XGBoost",66,1181,"Duke",0.917945683002472,1276,"Michigan",FALSE
2026,"XGBoost",67,1222,"Houston",0.61368602514267,1276,"Michigan",FALSE
2026,"XGBoost",68,1276,"Michigan",0.0885818973183632,1276,"Michigan",TRUE
2026,"XGBoost",69,1277,"Michigan St",0.162102997303009,1276,"Michigan",FALSE
2026,"XGBoost",70,1345,"Purdue",0.598410725593567,1276,"Michigan",FALSE
2026,"XGBoost",71,1196,"Florida",0.718427658081055,1276,"Michigan",FALSE
2026,"XGBoost",72,1345,"Purdue",0.0474570021033287,1276,"Michigan",FALSE
2026,"XGBoost",73,1276,"Michigan",0.328138828277588,1276,"Michigan",TRUE
2026,"XGBoost",74,1345,"Purdue",0.61368602514267,1276,"Michigan",FALSE
2026,"XGBoost",75,1345,"Purdue",0.61368602514267,1276,"Michigan",FALSE
2026,"XGBoost",76,1345,"Purdue",0.162102997303009,1276,"Michigan",FALSE
2026,"XGBoost",77,1196,"Florida",0.718427658081055,1276,"Michigan",FALSE
2026,"XGBoost",78,1222,"Houston",0.755387187004089,1276,"Michigan",FALSE
2026,"XGBoost",79,1222,"Houston",0.61368602514267,1276,"Michigan",FALSE
2026,"XGBoost",80,1345,"Purdue",0.598410725593567,1276,"Michigan",FALSE
2026,"XGBoost",81,1112,"Arizona",0.440710186958313,1276,"Michigan",FALSE
2026,"XGBoost",82,1181,"Duke",0.960413634777069,1276,"Michigan",FALSE
2026,"XGBoost",83,1181,"Duke",0.598410725593567,1276,"Michigan",FALSE
2026,"XGBoost",84,1345,"Purdue",0.162102997303009,1276,"Michigan",FALSE
2026,"XGBoost",85,1181,"Duke",0.917945683002472,1276,"Michigan",FALSE
2026,"XGBoost",86,1222,"Houston",0.654057562351227,1276,"Michigan",FALSE
2026,"XGBoost",87,1222,"Houston",0.61368602514267,1276,"Michigan",FALSE
2026,"XGBoost",88,1222,"Houston",0.654057562351227,1276,"Michigan",FALSE
2026,"XGBoost",89,1112,"Arizona",0.135470762848854,1276,"Michigan",FALSE
2026,"XGBoost",90,1181,"Duke",0.598410725593567,1276,"Michigan",FALSE
2026,"XGBoost",91,1435,"Vanderbilt",0.637675702571869,1276,"Michigan",FALSE
2026,"XGBoost",92,1181,"Duke",0.598410725593567,1276,"Michigan",FALSE
2026,"XGBoost",93,1181,"Duke",0.917945683002472,1276,"Michigan",FALSE
2026,"XGBoost",94,1345,"Purdue",0.448414087295532,1276,"Michigan",FALSE
2026,"XGBoost",95,1181,"Duke",0.960413634777069,1276,"Michigan",FALSE
2026,"XGBoost",96,1196,"Florida",0.891025900840759,1276,"Michigan",FALSE
2026,"XGBoost",97,1196,"Florida",0.718427658081055,1276,"Michigan",FALSE
2026,"XGBoost",98,1276,"Michigan",0.654057562351227,1276,"Michigan",TRUE
2026,"XGBoost",99,1345,"Purdue",0.162102997303009,1276,"Michigan",FALSE
2026,"XGBoost",100,1345,"Purdue",0.718427658081055,1276,"Michigan",FALSE
2026,"Consensus",1,1181,"Duke",0.915190808316568,1276,"Michigan",FALSE
2026,"Consensus",2,1276,"Michigan",0.648258190452749,1276,"Michigan",TRUE
2026,"Consensus",3,1112,"Arizona",0.561960704799653,1276,"Michigan",FALSE
2026,"Consensus",4,1181,"Duke",0.915190808316568,1276,"Michigan",FALSE
2026,"Consensus",5,1181,"Duke",0.648258190452749,1276,"Michigan",FALSE
2026,"Consensus",6,1222,"Houston",0.21860637089114,1276,"Michigan",FALSE
2026,"Consensus",7,1181,"Duke",0.648258190452749,1276,"Michigan",FALSE
2026,"Consensus",8,1181,"Duke",0.648258190452749,1276,"Michigan",FALSE
2026,"Consensus",9,1181,"Duke",0.561960704799653,1276,"Michigan",FALSE
2026,"Consensus",10,1196,"Florida",0.322325121182849,1276,"Michigan",FALSE
2026,"Consensus",11,1181,"Duke",0.561960704799653,1276,"Michigan",FALSE
2026,"Consensus",12,1112,"Arizona",0.113852757662769,1276,"Michigan",FALSE
2026,"Consensus",13,1181,"Duke",0.648258190452749,1276,"Michigan",FALSE
2026,"Consensus",14,1276,"Michigan",0.648258190452749,1276,"Michigan",TRUE
2026,"Consensus",15,1181,"Duke",0.561960704799653,1276,"Michigan",FALSE
2026,"Consensus",16,1181,"Duke",0.561960704799653,1276,"Michigan",FALSE
2026,"Consensus",17,1112,"Arizona",0.21860637089114,1276,"Michigan",FALSE
2026,"Consensus",18,1112,"Arizona",0.248734088712982,1276,"Michigan",FALSE
2026,"Consensus",19,1276,"Michigan",0.648258190452749,1276,"Michigan",TRUE
2026,"Consensus",20,1112,"Arizona",0.561960704799653,1276,"Michigan",FALSE
2026,"Consensus",21,1276,"Michigan",0.322325121182849,1276,"Michigan",TRUE
2026,"Consensus",22,1181,"Duke",0.561960704799653,1276,"Michigan",FALSE
2026,"Consensus",23,1181,"Duke",0.561960704799653,1276,"Michigan",FALSE
2026,"Consensus",24,1112,"Arizona",0.561960704799653,1276,"Michigan",FALSE
2026,"Consensus",25,1181,"Duke",0.648258190452749,1276,"Michigan",FALSE
2026,"Consensus",26,1196,"Florida",0.322325121182849,1276,"Michigan",FALSE
2026,"Consensus",27,1112,"Arizona",0.561960704799653,1276,"Michigan",FALSE
2026,"Consensus",28,1181,"Duke",0.648258190452749,1276,"Michigan",FALSE
2026,"Consensus",29,1196,"Florida",0.248734088712982,1276,"Michigan",FALSE
2026,"Consensus",30,1181,"Duke",0.648258190452749,1276,"Michigan",FALSE
2026,"Consensus",31,1181,"Duke",0.561960704799653,1276,"Michigan",FALSE
2026,"Consensus",32,1181,"Duke",0.561960704799653,1276,"Michigan",FALSE
2026,"Consensus",33,1276,"Michigan",0.648258190452749,1276,"Michigan",TRUE
2026,"Consensus",34,1181,"Duke",0.648258190452749,1276,"Michigan",FALSE
2026,"Consensus",35,1181,"Duke",0.648258190452749,1276,"Michigan",FALSE
2026,"Consensus",36,1276,"Michigan",0.648258190452749,1276,"Michigan",TRUE
2026,"Consensus",37,1181,"Duke",0.561960704799653,1276,"Michigan",FALSE
2026,"Consensus",38,1181,"Duke",0.648258190452749,1276,"Michigan",FALSE
2026,"Consensus",39,1112,"Arizona",0.248734088712982,1276,"Michigan",FALSE
2026,"Consensus",40,1181,"Duke",0.561960704799653,1276,"Michigan",FALSE
2026,"Consensus",41,1276,"Michigan",0.648258190452749,1276,"Michigan",TRUE
2026,"Consensus",42,1112,"Arizona",0.561960704799653,1276,"Michigan",FALSE
2026,"Consensus",43,1112,"Arizona",0.561960704799653,1276,"Michigan",FALSE
2026,"Consensus",44,1181,"Duke",0.648258190452749,1276,"Michigan",FALSE
2026,"Consensus",45,1181,"Duke",0.561960704799653,1276,"Michigan",FALSE
2026,"Consensus",46,1112,"Arizona",0.248734088712982,1276,"Michigan",FALSE
2026,"Consensus",47,1276,"Michigan",0.648258190452749,1276,"Michigan",TRUE
2026,"Consensus",48,1181,"Duke",0.648258190452749,1276,"Michigan",FALSE
2026,"Consensus",49,1276,"Michigan",0.648258190452749,1276,"Michigan",TRUE
2026,"Consensus",50,1276,"Michigan",0.322325121182849,1276,"Michigan",TRUE
2026,"Consensus",51,1276,"Michigan",0.648258190452749,1276,"Michigan",TRUE
2026,"Consensus",52,1181,"Duke",0.906300273724328,1276,"Michigan",FALSE
2026,"Consensus",53,1112,"Arizona",0.561960704799653,1276,"Michigan",FALSE
2026,"Consensus",54,1181,"Duke",0.561960704799653,1276,"Michigan",FALSE
2026,"Consensus",55,1112,"Arizona",0.561960704799653,1276,"Michigan",FALSE
2026,"Consensus",56,1112,"Arizona",0.561960704799653,1276,"Michigan",FALSE
2026,"Consensus",57,1276,"Michigan",0.322325121182849,1276,"Michigan",TRUE
2026,"Consensus",58,1276,"Michigan",0.648258190452749,1276,"Michigan",TRUE
2026,"Consensus",59,1112,"Arizona",0.561960704799653,1276,"Michigan",FALSE
2026,"Consensus",60,1276,"Michigan",0.648258190452749,1276,"Michigan",TRUE
2026,"Consensus",61,1276,"Michigan",0.648258190452749,1276,"Michigan",TRUE
2026,"Consensus",62,1181,"Duke",0.648258190452749,1276,"Michigan",FALSE
2026,"Consensus",63,1276,"Michigan",0.155814143808395,1276,"Michigan",TRUE
2026,"Consensus",64,1181,"Duke",0.561960704799653,1276,"Michigan",FALSE
2026,"Consensus",65,1181,"Duke",0.648258190452749,1276,"Michigan",FALSE
2026,"Consensus",66,1181,"Duke",0.648258190452749,1276,"Michigan",FALSE
2026,"Consensus",67,1181,"Duke",0.648258190452749,1276,"Michigan",FALSE
2026,"Consensus",68,1276,"Michigan",0.648258190452749,1276,"Michigan",TRUE
2026,"Consensus",69,1181,"Duke",0.561960704799653,1276,"Michigan",FALSE
2026,"Consensus",70,1181,"Duke",0.906300273724328,1276,"Michigan",FALSE
2026,"Consensus",71,1112,"Arizona",0.21860637089114,1276,"Michigan",FALSE
2026,"Consensus",72,1276,"Michigan",0.286685224635435,1276,"Michigan",TRUE
2026,"Consensus",73,1181,"Duke",0.648258190452749,1276,"Michigan",FALSE
2026,"Consensus",74,1112,"Arizona",0.561960704799653,1276,"Michigan",FALSE
2026,"Consensus",75,1276,"Michigan",0.648258190452749,1276,"Michigan",TRUE
2026,"Consensus",76,1112,"Arizona",0.561960704799653,1276,"Michigan",FALSE
2026,"Consensus",77,1112,"Arizona",0.21860637089114,1276,"Michigan",FALSE
2026,"Consensus",78,1181,"Duke",0.561960704799653,1276,"Michigan",FALSE
2026,"Consensus",79,1196,"Florida",0.248734088712982,1276,"Michigan",FALSE
2026,"Consensus",80,1112,"Arizona",0.561960704799653,1276,"Michigan",FALSE
2026,"Consensus",81,1112,"Arizona",0.561960704799653,1276,"Michigan",FALSE
2026,"Consensus",82,1181,"Duke",0.561960704799653,1276,"Michigan",FALSE
2026,"Consensus",83,1112,"Arizona",0.561960704799653,1276,"Michigan",FALSE
2026,"Consensus",84,1276,"Michigan",0.648258190452749,1276,"Michigan",TRUE
2026,"Consensus",85,1181,"Duke",0.561960704799653,1276,"Michigan",FALSE
2026,"Consensus",86,1181,"Duke",0.648258190452749,1276,"Michigan",FALSE
2026,"Consensus",87,1181,"Duke",0.561960704799653,1276,"Michigan",FALSE
2026,"Consensus",88,1181,"Duke",0.648258190452749,1276,"Michigan",FALSE
2026,"Consensus",89,1112,"Arizona",0.561960704799653,1276,"Michigan",FALSE
2026,"Consensus",90,1181,"Duke",0.648258190452749,1276,"Michigan",FALSE
2026,"Consensus",91,1181,"Duke",0.561960704799653,1276,"Michigan",FALSE
2026,"Consensus",92,1181,"Duke",0.648258190452749,1276,"Michigan",FALSE
2026,"Consensus",93,1181,"Duke",0.648258190452749,1276,"Michigan",FALSE
2026,"Consensus",94,1112,"Arizona",0.561960704799653,1276,"Michigan",FALSE
2026,"Consensus",95,1181,"Duke",0.561960704799653,1276,"Michigan",FALSE
2026,"Consensus",96,1181,"Duke",0.648258190452749,1276,"Michigan",FALSE
2026,"Consensus",97,1181,"Duke",0.561960704799653,1276,"Michigan",FALSE
2026,"Consensus",98,1276,"Michigan",0.648258190452749,1276,"Michigan",TRUE
2026,"Consensus",99,1181,"Duke",0.561960704799653,1276,"Michigan",FALSE
2026,"Consensus",100,1112,"Arizona",0.561960704799653,1276,"Michigan",FALSE
2026,"linear_pca",1,1222,"Houston",0.57156175234634,1276,"Michigan",FALSE
2026,"linear_pca",2,1387,"St Louis",0.79376922514972,1276,"Michigan",FALSE
2026,"linear_pca",3,1345,"Purdue",0.446382423277226,1276,"Michigan",FALSE
2026,"linear_pca",4,1304,"Nebraska",0.455122754453024,1276,"Michigan",FALSE
2026,"linear_pca",5,1228,"Illinois",0.442779557596676,1276,"Michigan",FALSE
2026,"linear_pca",6,1222,"Houston",0.501612369077638,1276,"Michigan",FALSE
2026,"linear_pca",7,1181,"Duke",0.710045402672365,1276,"Michigan",FALSE
2026,"linear_pca",8,1385,"St John's",0.470935476877223,1276,"Michigan",FALSE
2026,"linear_pca",9,1222,"Houston",0.594434133869975,1276,"Michigan",FALSE
2026,"linear_pca",10,1304,"Nebraska",0.477995135976659,1276,"Michigan",FALSE
2026,"linear_pca",11,1181,"Duke",0.647080186744864,1276,"Michigan",FALSE
2026,"linear_pca",12,1417,"UCLA",0.549340120011983,1276,"Michigan",FALSE
2026,"linear_pca",13,1181,"Duke",0.695037232644637,1276,"Michigan",FALSE
2026,"linear_pca",14,1438,"Virginia",0.604112773004855,1276,"Michigan",FALSE
2026,"linear_pca",15,1417,"UCLA",0.324655468862503,1276,"Michigan",FALSE
2026,"linear_pca",16,1181,"Duke",0.554258421952527,1276,"Michigan",FALSE
2026,"linear_pca",17,1403,"Texas Tech",0.625621855237271,1276,"Michigan",FALSE
2026,"linear_pca",18,1112,"Arizona",0.263081166607841,1276,"Michigan",FALSE
2026,"linear_pca",19,1276,"Michigan",0.373930776687765,1276,"Michigan",TRUE
2026,"linear_pca",20,1112,"Arizona",0.553793418512552,1276,"Michigan",FALSE
2026,"linear_pca",21,1235,"Iowa St",0.356255123348344,1276,"Michigan",FALSE
2026,"linear_pca",22,1181,"Duke",0.554258421952527,1276,"Michigan",FALSE
2026,"linear_pca",23,1345,"Purdue",0.29503818787868,1276,"Michigan",FALSE
2026,"linear_pca",24,1235,"Iowa St",0.539784257786135,1276,"Michigan",FALSE
2026,"linear_pca",25,1388,"St Mary's CA",0.309956220358518,1276,"Michigan",FALSE
2026,"linear_pca",26,1222,"Houston",0.474557052156881,1276,"Michigan",FALSE
2026,"linear_pca",27,1235,"Iowa St",0.539784257786135,1276,"Michigan",FALSE
2026,"linear_pca",28,1242,"Kansas",0.541221851094496,1276,"Michigan",FALSE
2026,"linear_pca",29,1196,"Florida",0.463333962312745,1276,"Michigan",FALSE
2026,"linear_pca",30,1397,"Tennessee",0.507760018397944,1276,"Michigan",FALSE
2026,"linear_pca",31,1395,"TCU",0.247839219789149,1276,"Michigan",FALSE
2026,"linear_pca",32,1222,"Houston",0.501612369077638,1276,"Michigan",FALSE
2026,"linear_pca",33,1403,"Texas Tech",0.710045402672365,1276,"Michigan",FALSE
2026,"linear_pca",34,1181,"Duke",0.600250712468158,1276,"Michigan",FALSE
2026,"linear_pca",35,1435,"Vanderbilt",0.504573443006036,1276,"Michigan",FALSE
2026,"linear_pca",36,1387,"St Louis",0.661913356627871,1276,"Michigan",FALSE
2026,"linear_pca",37,1181,"Duke",0.553793418512552,1276,"Michigan",FALSE
2026,"linear_pca",38,1163,"Connecticut",0.563181364122788,1276,"Michigan",FALSE
2026,"linear_pca",39,1345,"Purdue",0.469834874517433,1276,"Michigan",FALSE
2026,"linear_pca",40,1181,"Duke",0.553793418512552,1276,"Michigan",FALSE
2026,"linear_pca",41,1276,"Michigan",0.436278645391989,1276,"Michigan",TRUE
2026,"linear_pca",42,1112,"Arizona",0.553793418512552,1276,"Michigan",FALSE
2026,"linear_pca",43,1211,"Gonzaga",0.515827165033064,1276,"Michigan",FALSE
2026,"linear_pca",44,1228,"Illinois",0.442779557596676,1276,"Michigan",FALSE
2026,"linear_pca",45,1196,"Florida",0.615428438664052,1276,"Michigan",FALSE
2026,"linear_pca",46,1458,"Wisconsin",0.574497029781984,1276,"Michigan",FALSE
2026,"linear_pca",47,1276,"Michigan",0.527203105031771,1276,"Michigan",TRUE
2026,"linear_pca",48,1222,"Houston",0.753066532943904,1276,"Michigan",FALSE
2026,"linear_pca",49,1276,"Michigan",0.395347236509921,1276,"Michigan",TRUE
2026,"linear_pca",50,1276,"Michigan",0.23649085312706,1276,"Michigan",TRUE
2026,"linear_pca",51,1403,"Texas Tech",0.556773074328359,1276,"Michigan",FALSE
2026,"linear_pca",52,1345,"Purdue",0.248304223229124,1276,"Michigan",FALSE
2026,"linear_pca",53,1235,"Iowa St",0.539784257786135,1276,"Michigan",FALSE
2026,"linear_pca",54,1222,"Houston",0.474557052156881,1276,"Michigan",FALSE
2026,"linear_pca",55,1235,"Iowa St",0.624207805221229,1276,"Michigan",FALSE
2026,"linear_pca",56,1276,"Michigan",0.527203105031771,1276,"Michigan",TRUE
2026,"linear_pca",57,1196,"Florida",0.619120943032583,1276,"Michigan",FALSE
2026,"linear_pca",58,1397,"Tennessee",0.507760018397944,1276,"Michigan",FALSE
2026,"linear_pca",59,1235,"Iowa St",0.455122754453024,1276,"Michigan",FALSE
2026,"linear_pca",60,1276,"Michigan",0.373930776687765,1276,"Michigan",TRUE
2026,"linear_pca",61,1438,"Virginia",0.695037232644637,1276,"Michigan",FALSE
2026,"linear_pca",62,1181,"Duke",0.600250712468158,1276,"Michigan",FALSE
2026,"linear_pca",63,1104,"Alabama",0.418847616864449,1276,"Michigan",FALSE
2026,"linear_pca",64,1112,"Arizona",0.3365465338393,1276,"Michigan",FALSE
2026,"linear_pca",65,1276,"Michigan",0.442779557596676,1276,"Michigan",TRUE
2026,"linear_pca",66,1222,"Houston",0.642391179769748,1276,"Michigan",FALSE
2026,"linear_pca",67,1222,"Houston",0.474557052156881,1276,"Michigan",FALSE
2026,"linear_pca",68,1276,"Michigan",0.358118054263565,1276,"Michigan",TRUE
2026,"linear_pca",69,1181,"Duke",0.553793418512552,1276,"Michigan",FALSE
2026,"linear_pca",70,1345,"Purdue",0.385173371184322,1276,"Michigan",FALSE
2026,"linear_pca",71,1228,"Illinois",0.515827165033064,1276,"Michigan",FALSE
2026,"linear_pca",72,1235,"Iowa St",0.406960920547977,1276,"Michigan",FALSE
2026,"linear_pca",73,1277,"Michigan St",0.540109567839198,1276,"Michigan",FALSE
2026,"linear_pca",74,1345,"Purdue",0.400986093608521,1276,"Michigan",FALSE
2026,"linear_pca",75,1235,"Iowa St",0.57156175234634,1276,"Michigan",FALSE
2026,"linear_pca",76,1211,"Gonzaga",0.446435330918017,1276,"Michigan",FALSE
2026,"linear_pca",77,1196,"Florida",0.436278645391989,1276,"Michigan",FALSE
2026,"linear_pca",78,1112,"Arizona",0.306373549369721,1276,"Michigan",FALSE
2026,"linear_pca",79,1163,"Connecticut",0.422402553430677,1276,"Michigan",FALSE
2026,"linear_pca",80,1211,"Gonzaga",0.600250712468158,1276,"Michigan",FALSE
2026,"linear_pca",81,1116,"Arkansas",0.647080186744864,1276,"Michigan",FALSE
2026,"linear_pca",82,1181,"Duke",0.553793418512552,1276,"Michigan",FALSE
2026,"linear_pca",83,1345,"Purdue",0.325120472302478,1276,"Michigan",FALSE
2026,"linear_pca",84,1276,"Michigan",0.527203105031771,1276,"Michigan",TRUE
2026,"linear_pca",85,1385,"St John's",0.400521090168546,1276,"Michigan",FALSE
2026,"linear_pca",86,1163,"Connecticut",0.395347236509921,1276,"Michigan",FALSE
2026,"linear_pca",87,1163,"Connecticut",0.422402553430677,1276,"Michigan",FALSE
2026,"linear_pca",88,1385,"St John's",0.508303071604079,1276,"Michigan",FALSE
2026,"linear_pca",89,1112,"Arizona",0.445917419837251,1276,"Michigan",FALSE
2026,"linear_pca",90,1276,"Michigan",0.527203105031771,1276,"Michigan",TRUE
2026,"linear_pca",91,1345,"Purdue",0.422402553430677,1276,"Michigan",FALSE
2026,"linear_pca",92,1181,"Duke",0.624207805221229,1276,"Michigan",FALSE
2026,"linear_pca",93,1181,"Duke",0.661575399948085,1276,"Michigan",FALSE
2026,"linear_pca",94,1345,"Purdue",0.422402553430677,1276,"Michigan",FALSE
2026,"linear_pca",95,1181,"Duke",0.624207805221229,1276,"Michigan",FALSE
2026,"linear_pca",96,1181,"Duke",0.600250712468158,1276,"Michigan",FALSE
2026,"linear_pca",97,1222,"Houston",0.501612369077638,1276,"Michigan",FALSE
2026,"linear_pca",98,1104,"Alabama",0.49098360957245,1276,"Michigan",FALSE
2026,"linear_pca",99,1181,"Duke",0.554258421952527,1276,"Michigan",FALSE
2026,"linear_pca",100,1112,"Arizona",0.501147365637662,1276,"Michigan",FALSE
