"Season","TeamName","AdjEM","RankAdjEM","AdjOE","AdjDE","AdjTempo","TeamID","method"
2001,"air force",-5.36745,208,103.455,108.823,56.5365,1102,"exact"
2001,"akron",-4.28147,198,104.107,108.389,66.0571,1103,"exact"
2001,"alabama",14.9256,39,109.165,94.2399,69.5947,1104,"exact"
2001,"alabama a&m",-11.2575,260,89.984,101.242,74.7798,1105,"exact"
2001,"alabama st.",-4.46782,202,94.6376,99.1054,64.3766,1106,"exact"
2001,"albany",-22.8065,318,90.7054,113.512,69.4511,1107,"exact"
2001,"alcorn st.",-10.3994,249,97.1753,107.575,73.166,1108,"exact"
2001,"american",-11.0498,256,91.9337,102.984,64.0913,1110,"exact"
2001,"appalachian st.",-14.2484,276,93.542,107.79,66.5914,1111,"exact"
2001,"arizona",29.8902,4,116.469,86.5783,71.0643,1112,"exact"
2001,"arizona st.",11.117,65,104.783,93.6656,71.2475,1113,"exact"
2001,"arkansas little rock",1.31208,142,101.429,100.117,67.7204,1114,"manual"
2001,"arkansas pine bluff",-30.4409,321,79.2674,109.708,73.0572,1115,"manual"
2001,"arkansas",17.2374,27,109.839,92.602,71.3952,1116,"exact"
2001,"arkansas st.",-3.03736,188,104.114,107.151,68.9115,1117,"exact"
2001,"army",-17.4597,301,93.4244,110.884,71.3481,1119,"exact"
2001,"auburn",12.8286,52,111.533,98.7046,68.4937,1120,"exact"
2001,"austin peay",3.83979,115,112.454,108.614,65.4662,1122,"exact"
2001,"ball st.",3.65488,117,105.27,101.615,65.9181,1123,"exact"
2001,"baylor",8.87503,84,103.706,94.831,66.7962,1124,"exact"
2001,"belmont",-7.69128,228,106.48,114.171,67.4682,1125,"exact"
2001,"bethune cookman",-19.006,308,85.23,104.236,67.0391,1126,"fuzzy"
2001,"boise st.",0.00746589,157,101.665,101.658,68.8165,1129,"exact"
2001,"boston college",23.4121,11,117.542,94.1297,68.5354,1130,"exact"
2001,"boston university",-4.08302,195,102.208,106.291,63.257,1131,"exact"
2001,"bowling green",3.36985,119,106.098,102.728,70.369,1132,"exact"
2001,"bradley",5.4879,106,102.793,97.3049,64.0815,1133,"exact"
2001,"brown",-7.69787,229,100.25,107.948,72.6602,1135,"exact"
2001,"bucknell",-11.0982,258,91.8354,102.934,67.2712,1137,"exact"
2001,"buffalo",-11.8846,266,95.5395,107.424,68.1464,1138,"exact"
2001,"butler",17.6478,25,111.709,94.0611,62.9005,1139,"exact"
2001,"byu",15.5326,36,109.436,93.9034,66.0401,1140,"exact"
2001,"central michigan",1.46391,138,105.378,103.914,66.4821,1141,"exact"
2001,"cal poly",-7.99267,234,104.551,112.544,73.5813,1142,"exact"
2001,"california",17.8195,24,112.692,94.8721,67.2696,1143,"exact"
2001,"campbell",-18.5513,306,95.3572,113.909,65.9056,1144,"exact"
2001,"canisius",-0.650689,162,105.605,106.255,69.6719,1145,"exact"
2001,"centenary",-12.6252,268,97.369,109.994,65.0252,1147,"exact"
2001,"central connecticut",-9.56292,244,99.9465,109.509,67.6568,1148,"exact"
2001,"charleston southern",-17.3872,300,90.4705,107.858,67.545,1149,"exact"
2001,"charlotte",15.5448,35,113.864,98.3191,70.7922,1150,"exact"
2001,"chattanooga",0.717255,150,105.03,104.312,66.1298,1151,"exact"
2001,"chicago st.",-16.5818,290,91.3978,107.98,68.2563,1152,"exact"
2001,"cincinnati",17.1324,28,113.23,96.0976,64.7578,1153,"exact"
2001,"the citadel",-5.07889,206,97.8212,102.9,66.0404,1154,"exact"
2001,"clemson",2.71559,124,105.577,102.861,71.7301,1155,"exact"
2001,"cleveland st.",3.77521,116,103.207,99.4315,66.9118,1156,"exact"
2001,"coastal carolina",-14.6027,278,96.5152,111.118,71.6589,1157,"exact"
2001,"college of charleston",5.38615,108,104.524,99.138,60.6723,1158,"exact"
2001,"colgate",-11.2733,261,96.0176,107.291,68.7279,1159,"exact"
2001,"colorado",11.3474,64,109.259,97.9114,73.6976,1160,"exact"
2001,"colorado st.",7.31031,93,106.178,98.8675,63.1824,1161,"exact"
2001,"columbia",-11.2529,259,89.2381,100.491,60.3896,1162,"exact"
2001,"connecticut",11.8841,60,109.155,97.2708,66.8354,1163,"exact"
2001,"coppin st.",-10.5022,251,94.0599,104.562,65.3508,1164,"exact"
2001,"cornell",-16.8274,294,91.9567,108.784,65.5523,1165,"exact"
2001,"creighton",16.8632,29,108.619,91.7553,67.7704,1166,"exact"
2001,"cal st. fullerton",-16.8778,296,91.7808,108.659,64.3558,1168,"exact"
2001,"cal st. northridge",8.93691,83,110.923,101.986,72.3423,1169,"exact"
2001,"sacramento st.",-16.8781,297,93.5022,110.38,71.6047,1170,"exact"
2001,"dartmouth",-16.658,291,93.6235,110.282,66.0279,1171,"exact"
2001,"davidson",-7.90708,230,94.1768,102.084,69.8964,1172,"exact"
2001,"dayton",11.5947,62,112.786,101.191,64.9439,1173,"exact"
2001,"delaware",5.81219,104,104.126,98.3134,68.4098,1174,"exact"
2001,"delaware st.",-14.3344,277,97.6099,111.944,61.9338,1175,"exact"
2001,"denver",-8.76665,239,91.3583,100.125,70.9797,1176,"exact"
2001,"depaul",3.23359,120,106.576,103.343,67.9924,1177,"exact"
2001,"detroit",10.4453,70,111.453,101.008,63.3708,1178,"exact"
2001,"drake",0.415262,152,105.863,105.448,65.7813,1179,"exact"
2001,"drexel",-1.39327,170,103.683,105.076,69.7092,1180,"exact"
2001,"duke",37.5678,1,124.098,86.5298,75.0153,1181,"exact"
2001,"duquesne",-4.34851,199,102.106,106.454,70.3881,1182,"exact"
2001,"eastern illinois",4.35337,112,110.402,106.049,71.8547,1183,"exact"
2001,"eastern kentucky",-13.76,273,95.2333,108.993,73.1157,1184,"exact"
2001,"eastern michigan",-16.9603,298,90.394,107.354,64.9609,1185,"exact"
2001,"eastern washington",1.74235,137,100.15,98.4076,67.7101,1186,"exact"
2001,"east carolina",-2.79957,183,102.259,105.059,69.9354,1187,"exact"
2001,"elon",-19.5466,311,93.6954,113.242,65.1085,1189,"exact"
2001,"east tennessee st.",-0.735214,163,97.5858,98.321,68.5861,1190,"exact"
2001,"evansville",-1.691,174,103.227,104.918,66.3417,1191,"exact"
2001,"fairleigh dickinson",-11.343,263,96.3531,107.696,65.7077,1192,"exact"
2001,"fairfield",-5.71252,213,99.8714,105.584,70.1756,1193,"exact"
2001,"florida atlantic",-16.6934,292,95.4324,112.126,72.4776,1194,"exact"
2001,"florida",24.2775,8,115.141,90.8637,70.7712,1196,"exact"
2001,"florida a&m",-23.6627,319,90.0514,113.714,72.5729,1197,"exact"
2001,"fiu",-11.732,264,96.9984,108.73,59.9485,1198,"exact"
2001,"florida st.",2.98707,121,105.9,102.913,65.5249,1199,"exact"
2001,"fordham",0.0696324,155,102.009,101.94,74.0905,1200,"exact"
2001,"fresno st.",15.3086,38,106.935,91.6262,75.7883,1201,"exact"
2001,"furman",-6.98826,224,96.5444,103.533,64.507,1202,"exact"
2001,"george washington",9.36001,77,107.89,98.5299,71.3044,1203,"exact"
2001,"georgia southern",-4.1217,197,101.803,105.924,73.8139,1204,"exact"
2001,"george mason",8.04444,89,104.101,96.0561,68.4282,1206,"exact"
2001,"georgetown",13.8542,46,106.771,92.917,72.2004,1207,"exact"
2001,"georgia",14.5452,42,110.996,96.4504,67.6317,1208,"exact"
2001,"georgia st.",9.18199,80,110.314,101.132,71.2505,1209,"exact"
2001,"georgia tech",16.6979,30,106.589,89.8913,72.3612,1210,"exact"
2001,"gonzaga",14.1747,44,117.007,102.832,69.4903,1211,"exact"
2001,"grambling st.",-18.286,305,95.0059,113.292,75.6169,1212,"exact"
2001,"hampton",0.0437103,156,106.158,106.114,70.0956,1214,"exact"
2001,"hartford",-20.5885,314,92.1285,112.717,65.5814,1216,"exact"
2001,"harvard",-6.68068,221,95.0181,101.699,73.3235,1217,"exact"
2001,"hawaii",6.99157,97,106.449,99.4574,67.8793,1218,"exact"
2001,"high point",-19.5171,310,87.7711,107.288,65.3675,1219,"exact"
2001,"hofstra",10.6791,67,101.433,90.7535,68.2637,1220,"exact"
2001,"holy cross",2.21637,130,100.116,97.8997,63.4726,1221,"exact"
2001,"houston",-3.2199,189,100.337,103.557,67.294,1222,"exact"
2001,"howard",-18.9566,307,93.2693,112.226,69.1024,1224,"exact"
2001,"idaho",-14.0909,275,91.6617,105.753,68.739,1225,"exact"
2001,"idaho st.",-2.98472,187,104.03,107.014,67.4291,1226,"exact"
2001,"illinois chicago",0.967834,146,101.22,100.252,67.7246,1227,"manual"
2001,"illinois",27.4282,5,115.464,88.0356,68.5154,1228,"exact"
2001,"illinois st.",7.32495,92,106.296,98.9715,70.0484,1229,"exact"
2001,"indiana",21.0867,14,106.223,85.1362,69.1179,1231,"exact"
2001,"indiana st.",9.75204,72,110.164,100.412,67.3778,1232,"exact"
2001,"iona",0.954416,147,101.958,101.004,72.8067,1233,"exact"
2001,"iowa",16.2015,32,112.761,96.5592,68.8137,1234,"exact"
2001,"iowa st.",20.2903,15,114.3,94.0101,68.5303,1235,"exact"
2001,"iupui",-4.70377,204,99.0124,103.716,67.8347,1237,"exact"
2001,"jackson st.",-16.8595,295,90.3788,107.238,69.5954,1238,"exact"
2001,"jacksonville",-3.9517,191,98.0843,102.036,66.0184,1239,"exact"
2001,"jacksonville st.",-14.6826,280,91.7223,106.405,67.9321,1240,"exact"
2001,"james madison",-5.11149,207,98.1076,103.219,66.3669,1241,"exact"
2001,"kansas",22.5899,13,114.403,91.8136,72.898,1242,"exact"
2001,"kansas st.",3.98509,113,97.3969,93.4118,66.3953,1243,"exact"
2001,"kent st.",12.6284,54,108.776,96.1478,64.1481,1245,"exact"
2001,"kentucky",25.1357,7,116.905,91.769,70.3902,1246,"exact"
2001,"la salle",2.85478,122,103.724,100.869,66.3921,1247,"exact"
2001,"lafayette",-8.55044,237,101.888,110.439,70.5046,1248,"exact"
2001,"lamar",-16.7873,293,92.7445,109.532,64.0848,1249,"exact"
2001,"lehigh",-10.3789,248,91.2498,101.629,71.8306,1250,"exact"
2001,"liberty",-13.8395,274,88.038,101.878,69.3016,1251,"exact"
2001,"long beach st.",-1.57365,172,102.43,104.004,71.9602,1253,"exact"
2001,"liu brooklyn",-14.8064,281,91.8105,106.617,69.5447,1254,"exact"
2001,"louisiana tech",0.078308,154,100.021,99.943,64.4659,1256,"exact"
2001,"louisville",1.23713,143,104.113,102.876,67.2831,1257,"exact"
2001,"loyola marymount",-8.75951,238,96.5461,105.306,67.2185,1258,"exact"
2001,"loyola md",-15.7685,286,90.488,106.257,64.9262,1259,"exact"
2001,"loyola chicago",-7.57498,227,99.1713,106.746,69.6527,1260,"exact"
2001,"lsu",9.22928,79,104.474,95.2444,67.7158,1261,"exact"
2001,"maine",-1.95459,177,105.298,107.253,69.9139,1263,"exact"
2001,"manhattan",1.17232,144,102.298,101.125,67.7594,1264,"exact"
2001,"marist",-1.02561,166,98.1103,99.1359,67.5294,1265,"exact"
2001,"marquette",7.20082,94,106.78,99.5792,61.7526,1266,"exact"
2001,"marshall",7.13062,95,107.203,100.072,69.4091,1267,"exact"
2001,"maryland",26.3333,6,117.431,91.0978,72.057,1268,"exact"
2001,"massachusetts",11.0841,66,103.733,92.6485,68.0019,1269,"exact"
2001,"mcneese st.",3.38983,118,106.018,102.629,75.6154,1270,"exact"
2001,"maryland eastern shore",-17.2031,299,92.0741,109.277,66.9031,1271,"exact"
2001,"memphis",11.4797,63,105.731,94.2511,70.988,1272,"exact"
2001,"mercer",-7.05804,225,99.4361,106.494,66.5415,1273,"exact"
2001,"miami fl",9.72599,74,104.884,95.1581,67.1977,1274,"exact"
2001,"miami oh",5.76222,105,103.642,97.8796,58.3845,1275,"exact"
2001,"michigan",1.09694,145,107.293,106.196,68.9082,1276,"exact"
2001,"michigan st.",30.9283,3,120.101,89.173,65.2918,1277,"exact"
2001,"minnesota",8.77421,86,106.734,97.9596,69.1296,1278,"exact"
2001,"mississippi",18.9024,17,107.852,88.9492,66.6392,1279,"exact"
2001,"mississippi st.",13.8654,45,110.366,96.5004,69.111,1280,"exact"
2001,"missouri",12.2158,59,109.241,97.0248,68.7011,1281,"exact"
2001,"umkc",-0.496951,160,99.9996,100.497,60.8093,1282,"exact"
2001,"southwest missouri st.",0.934494,148,102.916,101.981,63.5802,1283,"manual"
2001,"monmouth",-1.21212,168,97.3611,98.5732,67.2067,1284,"exact"
2001,"montana",-6.35871,217,103.282,109.64,65.3996,1285,"exact"
2001,"montana st.",-1.45901,171,103.635,105.094,67.9411,1286,"exact"
2001,"morehead st.",-7.94396,231,98.2572,106.201,67.0314,1287,"exact"
2001,"morgan st.",-17.7409,302,93.7757,111.517,68.8954,1288,"exact"
2001,"morris brown",-17.9746,304,92.1006,110.075,69.9052,1289,"exact"
2001,"mississippi valley st.",-6.09531,216,106.85,112.945,69.1242,1290,"manual"
2001,"mount st. mary's",-19.424,309,84.2184,103.642,69.7019,1291,"exact"
2001,"middle tennessee st.",-16.3022,288,95.4904,111.793,66.5116,1292,"exact"
2001,"murray st.",0.454372,151,105.914,105.46,71.4673,1293,"exact"
2001,"northern illinois",-14.9244,282,97.2381,112.162,67.4997,1296,"exact"
2001,"navy",-0.0940548,158,98.1935,98.2875,74.7454,1298,"exact"
2001,"north carolina a&t",-12.6836,269,91.7589,104.443,71.2019,1299,"exact"
2001,"nc state",0.38131,153,102.067,101.686,68.4537,1301,"exact"
2001,"nebraska",9.10812,81,108.763,99.6553,65.9739,1304,"exact"
2001,"nevada",-0.817592,164,97.5042,98.3218,70.7894,1305,"exact"
2001,"new hampshire",-13.4572,271,91.8957,105.353,76.3501,1306,"exact"
2001,"new mexico",8.53881,87,104.344,95.8053,66.4859,1307,"exact"
2001,"new mexico st.",1.82844,135,103.863,102.034,67.1468,1308,"exact"
2001,"new orleans",-1.73012,175,99.9456,101.676,64.3118,1309,"exact"
2001,"niagara",-3.88284,190,102.392,106.274,69.6288,1310,"exact"
2001,"nicholls st.",-10.1041,246,96.3911,106.495,68.1568,1311,"exact"
2001,"norfolk st.",-11.062,257,97.3515,108.413,72.9843,1313,"exact"
2001,"north carolina",23.871,10,114.169,90.2976,72.3051,1314,"exact"
2001,"north texas",-19.8236,313,96.1107,115.934,75.4871,1317,"exact"
2001,"northeastern",-10.982,255,99.784,110.766,72.0527,1318,"exact"
2001,"northern arizona",-2.03846,178,103.659,105.698,64.2414,1319,"exact"
2001,"northern iowa",-6.78052,223,91.3434,98.1239,66.4515,1320,"exact"
2001,"northwestern",1.83341,134,99.2358,97.4023,61.7295,1321,"exact"
2001,"northwestern st.",-6.57108,219,94.6194,101.19,73.9304,1322,"exact"
2001,"notre dame",14.6856,41,110.982,96.296,70.7683,1323,"exact"
2001,"oakland",-6.39306,218,104.911,111.304,71.244,1324,"exact"
2001,"ohio",6.60016,100,105.828,99.228,70.6409,1325,"exact"
2001,"ohio st.",17.5611,26,110.968,93.4065,66.3464,1326,"exact"
2001,"oklahoma",19.1183,16,112.972,93.8535,64.7456,1328,"exact"
2001,"oklahoma st.",13.5392,48,104.36,90.8206,68.4174,1329,"exact"
2001,"old dominion",1.34647,141,99.3413,97.9948,68.1386,1330,"exact"
2001,"oral roberts",-12.012,267,101.036,113.048,68.5111,1331,"exact"
2001,"oregon",9.72914,73,108.743,99.0137,72.1721,1332,"exact"
2001,"oregon st.",2.02184,132,105.122,103.101,58.6648,1333,"exact"
2001,"pacific",1.45916,139,99.9979,98.5387,65.937,1334,"exact"
2001,"penn",-2.20871,180,100.333,102.541,65.5546,1335,"exact"
2001,"penn st.",14.7022,40,114.163,99.4609,71.7623,1336,"exact"
2001,"pepperdine",12.2898,57,108.87,96.5802,69.4764,1337,"exact"
2001,"pittsburgh",8.21095,88,103.392,95.1813,65.2154,1338,"exact"
2001,"portland",-7.46172,226,97.3025,104.764,67.7355,1339,"exact"
2001,"portland st.",-10.4968,250,95.0839,105.581,71.0349,1340,"exact"
2001,"prairie view a&m",-23.893,320,90.3754,114.268,73.0982,1341,"exact"
2001,"princeton",-0.414098,159,101.763,102.177,56.0627,1343,"exact"
2001,"providence",16.3536,31,107.553,91.1996,70.6588,1344,"exact"
2001,"purdue",14.4029,43,109.077,94.6744,70.16,1345,"exact"
2001,"quinnipiac",-19.8151,312,89.4853,109.3,72.8353,1346,"exact"
2001,"radford",-5.67338,212,97.494,103.167,72.4644,1347,"exact"
2001,"rhode island",-8.90399,242,95.6623,104.566,71.8263,1348,"exact"
2001,"rice",0.771561,149,98.1174,97.3459,62.621,1349,"exact"
2001,"richmond",13.2614,50,110.778,97.5171,62.5684,1350,"exact"
2001,"rider",-3.98771,192,102.334,106.321,67.1239,1351,"exact"
2001,"robert morris",-17.8657,303,91.8411,109.707,70.6531,1352,"exact"
2001,"rutgers",5.48135,107,106.555,101.073,62.8738,1353,"exact"
2001,"south carolina st.",-5.5485,211,94.7106,100.259,66.3159,1354,"exact"
2001,"southern illinois",2.62498,126,104.997,102.372,69.432,1356,"exact"
2001,"sacred heart",-22.0503,315,92.5136,114.564,68.8969,1357,"exact"
2001,"sam houston st.",-4.38537,200,98.6359,103.021,72.3745,1358,"exact"
2001,"samford",-1.34616,169,101.111,102.457,59.9192,1359,"exact"
2001,"san diego",6.13565,101,102.857,96.7213,66.5181,1360,"exact"
2001,"san diego st.",2.12861,131,100.632,98.5038,66.6507,1361,"exact"
2001,"san francisco",-4.68602,203,99.893,104.579,67.0474,1362,"exact"
2001,"san jose st.",2.83933,123,101.683,98.8441,61.449,1363,"exact"
2001,"uc santa barbara",-3.99886,193,99.285,103.284,68.2175,1364,"exact"
2001,"santa clara",4.579,111,101.195,96.6164,69.2617,1365,"exact"
2001,"southeastern louisiana",-14.9648,284,89.3052,104.27,60.7035,1368,"exact"
2001,"southeast missouri st.",-0.878333,165,101.307,102.185,65.8077,1369,"manual"
2001,"seton hall",6.80629,99,102.445,95.6383,72.2832,1371,"exact"
2001,"stephen f. austin",-11.8222,265,91.7038,103.526,59.686,1372,"exact"
2001,"siena",2.38813,128,103.434,101.046,70.7824,1373,"exact"
2001,"smu",7.44963,91,108.967,101.517,67.9072,1374,"exact"
2001,"south alabama",3.95535,114,102.811,98.856,65.5605,1375,"exact"
2001,"south carolina",11.8806,61,105.641,93.7602,65.4051,1376,"exact"
2001,"south florida",12.3558,56,104.895,92.5388,71.3235,1378,"exact"
2001,"southern miss",13.6854,47,105.999,92.3133,65.3914,1379,"exact"
2001,"southern",-16.1869,287,92.49,108.677,71.1068,1380,"exact"
2001,"southern utah",6.88624,98,106.458,99.5718,65.9008,1381,"exact"
2001,"st. bonaventure",9.45791,75,109.429,99.9706,66.7364,1382,"exact"
2001,"st. francis ny",-4.43461,201,100.072,104.507,73.5244,1383,"manual"
2001,"st. john's",9.43846,76,105.193,95.7545,69.0028,1385,"exact"
2001,"saint joseph's",16.0738,34,113.295,97.2211,70.8131,1386,"exact"
2001,"saint louis",10.4711,69,103.751,93.28,67.8889,1387,"exact"
2001,"saint mary's",-22.6226,316,86.8489,109.472,70.4243,1388,"exact"
2001,"saint peter's",-16.3158,289,95.4798,111.796,70.7481,1389,"exact"
2001,"stanford",33.231,2,125.409,92.1783,66.6209,1390,"exact"
2001,"stetson",-4.05925,194,101.996,106.056,68.7653,1391,"exact"
2001,"stony brook",-8.41965,235,98.3329,106.753,65.7746,1392,"exact"
2001,"syracuse",12.8705,51,108.368,95.497,67.253,1393,"exact"
2001,"texas a&m corpus chris",-5.04203,205,103.524,108.566,76.8163,1394,"manual"
2001,"tcu",10.6641,68,115.951,105.287,77.7798,1395,"exact"
2001,"temple",18.7866,18,117.975,99.1888,60.046,1396,"exact"
2001,"tennessee",17.9883,21,113.387,95.3984,72.6716,1397,"exact"
2001,"tennessee st.",-5.99129,215,102.855,108.846,73.7726,1398,"exact"
2001,"tennessee tech",2.69849,125,106.82,104.121,68.251,1399,"exact"
2001,"texas",17.9078,23,106.571,88.6629,68.0289,1400,"exact"
2001,"texas a&m",-2.94662,184,102.269,105.216,69.2618,1401,"exact"
2001,"southwest texas st.",-10.0029,245,95.0829,105.086,68.5671,1402,"manual"
2001,"texas tech",-1.61025,173,97.3195,98.9298,70.7498,1403,"exact"
2001,"tennessee martin",-8.84199,241,95.2549,104.097,69.5453,1404,"manual"
2001,"toledo",8.97756,82,103.693,94.7157,68.5543,1405,"exact"
2001,"towson",-10.7415,254,94.6602,105.402,68.7991,1406,"exact"
2001,"troy st.",-1.81496,176,105.671,107.486,67.7716,1407,"exact"
2001,"tulane",-7.9742,233,100.148,108.122,72.6657,1408,"exact"
2001,"tulsa",12.6224,55,111.644,99.0213,65.952,1409,"exact"
2001,"texas pan american",-5.83696,214,103.036,108.873,69.4081,1410,"manual"
2001,"texas southern",-22.7079,317,86.8343,109.542,68.6368,1411,"exact"
2001,"uab",7.67852,90,102.577,94.8984,69.4755,1412,"exact"
2001,"uc irvine",2.60579,127,99.2131,96.6073,67.0266,1414,"exact"
2001,"uc riverside",-13.6295,272,91.0877,104.717,67.4331,1415,"exact"
2001,"ucf",-10.107,247,96.9579,107.065,69.8735,1416,"exact"
2001,"ucla",18.5071,19,113.27,94.7634,73.2723,1417,"exact"
2001,"louisiana lafayette",1.8227,136,103.684,101.861,72.6367,1418,"manual"
2001,"umbc",-5.43661,210,100.784,106.22,71.1121,1420,"exact"
2001,"unc asheville",-8.79562,240,97.852,106.648,67.098,1421,"exact"
2001,"unc greensboro",-2.97309,185,102.724,105.697,69.053,1422,"exact"
2001,"unc wilmington",5.97444,103,99.4099,93.4354,62.1832,1423,"exact"
2001,"unlv",4.80928,109,104.701,99.892,72.9412,1424,"exact"
2001,"usc",17.9665,22,111.746,93.7797,70.4578,1425,"exact"
2001,"ut arlington",-8.54879,236,94.2701,102.819,73.2145,1426,"exact"
2001,"utsa",-6.57293,220,97.1116,103.685,73.8685,1427,"exact"
2001,"utah",13.2951,49,110.861,97.5657,65.1241,1428,"exact"
2001,"utah st.",15.3504,37,108.002,92.6518,63.2194,1429,"exact"
2001,"utep",9.25574,78,107.545,98.2893,72.2691,1431,"exact"
2001,"vcu",1.4519,140,103.838,102.386,68.9589,1433,"exact"
2001,"valparaiso",7.06459,96,104.805,97.7399,65.5923,1434,"exact"
2001,"vanderbilt",8.85739,85,105.788,96.9307,68.2219,1435,"exact"
2001,"vermont",-10.6941,253,100.698,111.392,70.0233,1436,"exact"
2001,"villanova",10.3117,71,109.507,99.1952,70.2708,1437,"exact"
2001,"virginia",22.7553,12,117.511,94.7561,71.329,1438,"exact"
2001,"virginia tech",-7.95959,232,97.7649,105.724,67.0845,1439,"exact"
2001,"vmi",-13.3825,270,89.3347,102.717,73.4412,1440,"exact"
2001,"western carolina",-14.6647,279,93.6051,108.27,68.9827,1441,"exact"
2001,"western illinois",-14.9325,283,98.5392,113.472,68.6445,1442,"exact"
2001,"western kentucky",12.7455,53,105.949,93.2032,67.2937,1443,"exact"
2001,"western michigan",-9.38259,243,98.6199,108.003,66.4902,1444,"exact"
2001,"wagner",-6.7526,222,98.5579,105.311,78.1066,1447,"exact"
2001,"wake forest",23.8805,9,112.417,88.5362,67.5562,1448,"exact"
2001,"washington",-2.97446,186,96.1822,99.1567,72.4419,1449,"exact"
2001,"washington st.",2.26675,129,101.92,99.6536,66.1921,1450,"exact"
2001,"weber st.",-1.19388,167,106.66,107.854,70.8193,1451,"exact"
2001,"west virginia",4.69196,110,105.952,101.26,70.2475,1452,"exact"
2001,"wisconsin green bay",-4.11651,196,98.0839,102.2,61.0823,1453,"manual"
2001,"wisconsin milwaukee",6.00792,102,104.639,98.6306,64.6479,1454,"manual"
2001,"wichita st.",-2.57931,182,98.7674,101.347,64.8537,1455,"exact"
2001,"william & mary",-5.41481,209,96.5304,101.945,64.1747,1456,"exact"
2001,"winthrop",-0.620731,161,97.8645,98.4853,62.5648,1457,"exact"
2001,"wisconsin",18.2483,20,107.565,89.3163,58.3966,1458,"exact"
2001,"wofford",-2.4685,181,102.926,105.394,66.206,1459,"exact"
2001,"wright st.",1.94214,133,102.043,100.101,68.6651,1460,"exact"
2001,"wyoming",12.2642,58,108.783,96.5185,73.1315,1461,"exact"
2001,"xavier",16.1769,33,107.865,91.6881,69.5891,1462,"exact"
2001,"yale",-10.5589,252,93.0278,103.587,67.363,1463,"exact"
2001,"youngstown st.",-2.06074,179,101.748,103.808,66.5711,1464,"exact"
2002,"air force",-1.4906,178,103.496,104.986,53.9623,1102,"exact"
2002,"akron",-6.25413,229,104.752,111.006,65.4218,1103,"exact"
2002,"alabama",20.0181,16,114.177,94.1585,67.8101,1104,"exact"
2002,"alabama a&m",-9.38333,261,91.9307,101.314,78.725,1105,"exact"
2002,"alabama st.",-12.4734,272,89.8764,102.35,62.8315,1106,"exact"
2002,"albany",-20.2647,313,86.6575,106.922,62.3989,1107,"exact"
2002,"alcorn st.",-8.40177,252,99.7682,108.17,72.5438,1108,"exact"
2002,"american",-4.21054,208,100.599,104.809,62.6464,1110,"exact"
2002,"appalachian st.",-6.23985,228,101.762,108.002,72.3922,1111,"exact"
2002,"arizona",21.8199,13,119.212,97.3917,71.2261,1112,"exact"
2002,"arizona st.",11.2611,65,107.742,96.481,71.5405,1113,"exact"
2002,"arkansas little rock",6.01927,98,106.613,100.594,68.863,1114,"manual"
2002,"arkansas pine bluff",-28.7188,324,82.0046,110.723,75.2606,1115,"manual"
2002,"arkansas",12.8838,53,108.63,95.746,71.6216,1116,"exact"
2002,"arkansas st.",2.46831,135,104.991,102.523,63.8642,1117,"exact"
2002,"army",-15.2494,289,94.9466,110.196,67.751,1119,"exact"
2002,"auburn",7.05472,88,98.4477,91.3929,69.8317,1120,"exact"
2002,"austin peay",-3.46529,202,98.7338,102.199,67.0922,1122,"exact"
2002,"ball st.",10.9749,66,112.182,101.207,68.7306,1123,"exact"
2002,"baylor",4.33599,111,107.72,103.384,68.0925,1124,"exact"
2002,"belmont",-5.18423,219,108.354,113.538,64.9185,1125,"exact"
2002,"bethune cookman",-14.5941,285,94.4314,109.026,69.0526,1126,"fuzzy"
2002,"binghamton",-15.372,292,92.2791,107.651,66.9907,1127,"exact"
2002,"birmingham southern",-16.2311,297,94.0161,110.247,62.2009,1128,"exact"
2002,"boise st.",-2.08135,185,97.9888,100.07,64.9102,1129,"exact"
2002,"boston college",10.2439,72,109.516,99.2719,69.027,1130,"exact"
2002,"boston university",-2.19695,186,100.971,103.168,64.2616,1131,"exact"
2002,"bowling green",11.5913,62,110.366,98.7743,66.3528,1132,"exact"
2002,"bradley",-4.74062,214,94.8434,99.584,63.0243,1133,"exact"
2002,"brown",-3.75825,204,105.596,109.354,72.4768,1135,"exact"
2002,"bucknell",-11.4322,269,94.0826,105.515,65.2251,1137,"exact"
2002,"buffalo",-2.20008,187,99.1166,101.317,67.3739,1138,"exact"
2002,"butler",17.0321,30,111.038,94.0056,61.7509,1139,"exact"
2002,"byu",11.4881,63,109.273,97.785,64.6703,1140,"exact"
2002,"central michigan",-3.96405,205,101.053,105.017,67.6574,1141,"exact"
2002,"cal poly",0.753677,150,102.593,101.839,67.9877,1142,"exact"
2002,"california",16.8143,32,109.706,92.8917,66.4567,1143,"exact"
2002,"campbell",-16.9527,301,100.413,117.366,68.1119,1144,"exact"
2002,"canisius",-9.17077,258,96.1188,105.29,65.9503,1145,"exact"
2002,"centenary",-4.31895,209,101.038,105.357,65.3224,1147,"exact"
2002,"central connecticut",0.972884,148,100.112,99.1391,63.7111,1148,"exact"
2002,"charleston southern",-13.5375,281,90.2262,103.764,66.9984,1149,"exact"
2002,"charlotte",16.9942,31,114.501,97.5064,66.7234,1150,"exact"
2002,"chattanooga",2.30608,137,103.28,100.974,68.9485,1151,"exact"
2002,"chicago st.",-24.5812,320,89.1481,113.729,69.2935,1152,"exact"
2002,"cincinnati",30.8442,2,117.448,86.6033,66.9485,1153,"exact"
2002,"the citadel",0.526029,153,104.874,104.348,66.7582,1154,"exact"
2002,"clemson",2.54115,133,106.71,104.169,69.1179,1155,"exact"
2002,"cleveland st.",-2.95329,195,97.2494,100.203,68.4026,1156,"exact"
2002,"coastal carolina",-18.2398,306,95.5427,113.783,71.928,1157,"exact"
2002,"college of charleston",8.29847,80,104.609,96.3101,61.8183,1158,"exact"
2002,"colgate",-5.77304,226,101.33,107.103,66.5969,1159,"exact"
2002,"colorado",6.27778,94,110.734,104.456,71.7006,1160,"exact"
2002,"colorado st.",3.65563,118,103.624,99.9681,66.2909,1161,"exact"
2002,"columbia",-6.92178,237,90.887,97.8088,59.0167,1162,"exact"
2002,"connecticut",18.5499,24,110.579,92.0294,68.9657,1163,"exact"
2002,"coppin st.",-21.0941,315,87.6161,108.71,64.0837,1164,"exact"
2002,"cornell",-17.5558,303,88.7921,106.348,64.7753,1165,"exact"
2002,"creighton",11.3452,64,110.87,99.5253,66.9458,1166,"exact"
2002,"cal st. fullerton",-13.543,282,94.9825,108.526,65.3133,1168,"exact"
2002,"cal st. northridge",-0.945579,172,98.8096,99.7552,69.5261,1169,"exact"
2002,"sacramento st.",-12.6705,274,96.4004,109.071,72.9911,1170,"exact"
2002,"dartmouth",-17.6684,304,99.7496,117.418,62.1684,1171,"exact"
2002,"davidson",3.34606,122,100.838,97.4915,64.8697,1172,"exact"
2002,"dayton",16.5527,34,112.512,95.9593,66.458,1173,"exact"
2002,"delaware",0.252887,156,102.41,102.158,66.2205,1174,"exact"
2002,"delaware st.",-7.44748,242,99.1614,106.609,62.5782,1175,"exact"
2002,"denver",-8.7844,256,98.8318,107.616,65.751,1176,"exact"
2002,"depaul",-0.910175,169,100.196,101.106,71.031,1177,"exact"
2002,"detroit",4.78058,105,102.613,97.8322,63.1539,1178,"exact"
2002,"drake",-1.65975,180,106.577,108.236,64.1316,1179,"exact"
2002,"drexel",-1.48545,177,104.056,105.542,70.1854,1180,"exact"
2002,"duke",34.022,1,121.374,87.3522,73.9016,1181,"exact"
2002,"duquesne",-5.75321,224,98.9721,104.725,66.2452,1182,"exact"
2002,"eastern illinois",-6.88313,236,101.567,108.451,70.3496,1183,"exact"
2002,"eastern kentucky",-16.1358,296,92.7882,108.924,69.9398,1184,"exact"
2002,"eastern michigan",-18.6468,307,96.4763,115.123,67.4732,1185,"exact"
2002,"eastern washington",0.31253,155,100.007,99.694,68.6672,1186,"exact"
2002,"east carolina",-1.46124,176,102.105,103.566,64.6205,1187,"exact"
2002,"elon",-13.6304,283,90.7786,104.409,71.8056,1189,"exact"
2002,"east tennessee st.",6.53627,91,105.738,99.2012,73.3707,1190,"exact"
2002,"evansville",-10.1974,265,97.6082,107.806,68.8249,1191,"exact"
2002,"fairleigh dickinson",-22.8443,318,93.0973,115.942,70.1385,1192,"exact"
2002,"fairfield",-4.42701,210,98.7678,103.195,71.6797,1193,"exact"
2002,"florida atlantic",-3.08732,197,98.4514,101.539,69.8592,1194,"exact"
2002,"florida",25.7176,5,115.387,89.6694,69.5612,1196,"exact"
2002,"florida a&m",-13.5355,280,93.3998,106.935,69.1395,1197,"exact"
2002,"fiu",-6.3485,230,96.1799,102.528,64.126,1198,"exact"
2002,"florida st.",3.05308,128,105.253,102.2,67.9845,1199,"exact"
2002,"fordham",-4.74827,215,98.9744,103.723,74.3723,1200,"exact"
2002,"fresno st.",8.25275,81,103.736,95.4836,72.273,1201,"exact"
2002,"furman",-1.0808,173,99.829,100.91,65.4952,1202,"exact"
2002,"george washington",-3.07225,196,102.511,105.583,70.4234,1203,"exact"
2002,"georgia southern",2.47792,134,106.722,104.244,74.1757,1204,"exact"
2002,"gardner webb",-2.82227,193,101.17,103.992,73.2835,1205,"exact"
2002,"george mason",3.00862,130,104.823,101.814,67.6092,1206,"exact"
2002,"georgetown",15.85,38,110.097,94.247,70.9341,1207,"exact"
2002,"georgia",18.8371,21,116.091,97.2536,69.2028,1208,"exact"
2002,"georgia st.",2.06293,139,107.77,105.707,69.3438,1209,"exact"
2002,"georgia tech",10.0396,73,110.565,100.525,70.2026,1210,"exact"
2002,"gonzaga",19.7952,17,116.295,96.4997,67.9914,1211,"exact"
2002,"grambling st.",-18.8278,309,96.9742,115.802,73.7518,1212,"exact"
2002,"hampton",3.92456,113,109.772,105.848,68.8228,1214,"exact"
2002,"hartford",-12.825,275,91.5772,104.402,65.1985,1216,"exact"
2002,"harvard",-6.75514,235,93.9993,100.754,67.1823,1217,"exact"
2002,"hawaii",13.5696,48,110.916,97.3463,64.9374,1218,"exact"
2002,"high point",-17.0705,302,96.3784,113.449,66.8469,1219,"exact"
2002,"hofstra",-5.5726,222,94.4354,100.008,70.4631,1220,"exact"
2002,"holy cross",-0.667653,167,97.6868,98.3544,62.0567,1221,"exact"
2002,"houston",5.31676,103,109.489,104.172,66.0668,1222,"exact"
2002,"howard",-5.71547,223,101.45,107.165,69.8081,1224,"exact"
2002,"idaho",-12.6052,273,92.4109,105.016,59.0651,1225,"exact"
2002,"idaho st.",-10.3363,266,96.4428,106.779,68.7323,1226,"exact"
2002,"illinois chicago",3.27351,124,108.488,105.214,67.2162,1227,"manual"
2002,"illinois",21.9149,11,114.796,92.8809,68.6908,1228,"exact"
2002,"illinois st.",1.86917,143,102.498,100.629,65.7783,1229,"exact"
2002,"indiana",22.9213,8,112.595,89.6736,64.7779,1231,"exact"
2002,"indiana st.",-6.45161,231,97.8979,104.35,63.7547,1232,"exact"
2002,"iona",-5.19625,220,98.1347,103.331,70.5457,1233,"exact"
2002,"iowa",13.7008,47,110.375,96.6744,68.9745,1234,"exact"
2002,"iowa st.",3.59667,119,107.402,103.805,65.0237,1235,"exact"
2002,"ipfw",-15.2867,290,96.7111,111.998,73.8549,1236,"exact"
2002,"iupui",-0.919856,170,102.016,102.935,69.1125,1237,"exact"
2002,"jackson st.",-15.3961,293,96.605,112.001,69.5481,1238,"exact"
2002,"jacksonville",-2.24001,189,98.255,100.495,66.4649,1239,"exact"
2002,"jacksonville st.",-8.10488,249,101.124,109.229,65.9504,1240,"exact"
2002,"james madison",-1.34185,175,106.1,107.441,65.5657,1241,"exact"
2002,"kansas",27.7883,3,118.1,90.3113,77.6019,1242,"exact"
2002,"kansas st.",3.18239,126,103.328,100.146,65.6621,1243,"exact"
2002,"kent st.",19.3362,18,115.899,96.5628,64.1921,1245,"exact"
2002,"kentucky",22.1792,10,112.536,90.3566,67.6361,1246,"exact"
2002,"la salle",1.36806,146,103.638,102.27,65.666,1247,"exact"
2002,"lafayette",-6.98348,238,102.348,109.331,70.0251,1248,"exact"
2002,"lamar",-7.87887,246,97.9977,105.877,69.3414,1249,"exact"
2002,"lehigh",-16.3166,298,92.7204,109.037,69.8994,1250,"exact"
2002,"liberty",-25.1614,322,85.2835,110.445,72.375,1251,"exact"
2002,"lipscomb",-19.2435,310,93.3988,112.642,68.9373,1252,"exact"
2002,"long beach st.",-0.643714,166,103.079,103.723,69.9581,1253,"exact"
2002,"liu brooklyn",-24.982,321,96.9765,121.959,74.1225,1254,"exact"
2002,"louisiana tech",10.3718,70,109.109,98.7367,65.7087,1256,"exact"
2002,"louisville",12.9047,52,107.797,94.8925,72.9196,1257,"exact"
2002,"loyola marymount",-9.24474,259,99.09,108.335,68.524,1258,"exact"
2002,"loyola md",-20.3513,314,86.391,106.742,65.4248,1259,"exact"
2002,"loyola chicago",2.86282,131,102.929,100.066,69.2176,1260,"exact"
2002,"lsu",11.9689,59,105.517,93.5485,64.6618,1261,"exact"
2002,"maine",-13.8347,284,93.9546,107.789,62.8552,1263,"exact"
2002,"manhattan",4.30997,112,103.727,99.4172,68.5144,1264,"exact"
2002,"marist",3.86646,115,106.409,102.543,68.2341,1265,"exact"
2002,"marquette",22.2615,9,113.298,91.0361,64.5763,1266,"exact"
2002,"marshall",-0.929871,171,109.54,110.47,69.3698,1267,"exact"
2002,"maryland",26.8534,4,118.151,91.2974,73.3263,1268,"exact"
2002,"massachusetts",3.24704,125,101.584,98.3366,63.992,1269,"exact"
2002,"mcneese st.",5.73024,101,103.553,97.8228,65.6792,1270,"exact"
2002,"maryland eastern shore",-16.1004,295,98.3907,114.491,64.0835,1271,"exact"
2002,"memphis",15.9896,37,111.831,95.8415,69.8242,1272,"exact"
2002,"mercer",-15.8227,294,95.6271,111.45,68.2995,1273,"exact"
2002,"miami fl",16.1625,36,110.135,93.973,68.5524,1274,"exact"
2002,"miami oh",1.74931,144,104.952,103.202,60.2778,1275,"exact"
2002,"michigan",3.06195,127,105.079,102.017,65.4078,1276,"exact"
2002,"michigan st.",17.2017,29,113.29,96.0881,62.9567,1277,"exact"
2002,"minnesota",13.9574,46,113.056,99.0985,68.385,1278,"exact"
2002,"mississippi",18.3854,25,114.224,95.8383,64.2148,1279,"exact"
2002,"mississippi st.",18.9632,20,111.797,92.8341,67.6977,1280,"exact"
2002,"missouri",15.1086,44,115.323,100.214,68.7099,1281,"exact"
2002,"umkc",-0.323319,163,100.809,101.132,60.3897,1282,"exact"
2002,"southwest missouri st.",3.9121,114,106.766,102.854,64.7077,1283,"manual"
2002,"monmouth",-6.4984,233,96.1612,102.66,65.4514,1284,"exact"
2002,"montana",-4.18602,207,102.418,106.604,68.3682,1285,"exact"
2002,"montana st.",3.01443,129,106.193,103.178,63.3613,1286,"exact"
2002,"morehead st.",-1.3136,174,104.903,106.217,67.7307,1287,"exact"
2002,"morgan st.",-21.3144,316,89.5688,110.883,69.8156,1288,"exact"
2002,"morris brown",-29.8643,326,84.76,114.624,67.2986,1289,"exact"
2002,"mississippi valley st.",-13.5258,279,100.787,114.312,69.0895,1290,"manual"
2002,"mount st. mary's",-29.4982,325,84.742,114.24,66.741,1291,"exact"
2002,"middle tennessee",-3.15147,199,96.5204,99.6718,65.7946,1292,"exact"
2002,"murray st.",1.07887,147,106.304,105.225,68.8517,1293,"exact"
2002,"northern illinois",-2.41425,191,105.034,107.448,71.8659,1296,"exact"
2002,"navy",-11.6905,270,93.6146,105.305,70.4839,1298,"exact"
2002,"north carolina a&t",-11.9646,271,92.4527,104.417,70.2063,1299,"exact"
2002,"nc state",18.2573,26,112.169,93.9116,67.2156,1301,"exact"
2002,"nebraska",4.48818,107,105.088,100.6,66.2402,1304,"exact"
2002,"nevada",3.5488,120,103.72,100.171,71.387,1305,"exact"
2002,"new hampshire",-14.8404,286,96.5563,111.397,70.297,1306,"exact"
2002,"new mexico",7.63583,84,110.626,102.991,66.0411,1307,"exact"
2002,"new mexico st.",6.31299,93,109.15,102.837,68.1161,1308,"exact"
2002,"new orleans",-0.866409,168,98.2879,99.1543,67.7011,1309,"exact"
2002,"niagara",-1.74218,183,106.217,107.96,69.2566,1310,"exact"
2002,"nicholls st.",-26.0426,323,86.8318,112.874,68.6088,1311,"exact"
2002,"norfolk st.",-15.0502,288,93.3091,108.359,70.2231,1313,"exact"
2002,"north carolina",2.05351,140,105.157,103.104,69.707,1314,"exact"
2002,"north texas",-0.0361164,160,107.742,107.778,71.6761,1317,"exact"
2002,"northeastern",-13.4402,278,97.7198,111.16,72.0446,1318,"exact"
2002,"northern arizona",-5.05074,217,96.2016,101.252,67.0373,1319,"exact"
2002,"northern iowa",-1.72998,181,107.751,109.481,66.5467,1320,"exact"
2002,"northwestern",6.41215,92,99.5016,93.0895,61.3859,1321,"exact"
2002,"northwestern st.",-6.98644,239,100.183,107.169,70.3812,1322,"exact"
2002,"notre dame",17.7678,27,115.319,97.5508,68.1446,1323,"exact"
2002,"oakland",1.92607,142,107.26,105.334,70.0795,1324,"exact"
2002,"ohio",3.71637,117,107.64,103.923,67.6147,1325,"exact"
2002,"ohio st.",20.8285,15,116.892,96.0636,66.4133,1326,"exact"
2002,"oklahoma",24.8637,6,113.306,88.4422,65.8584,1328,"exact"
2002,"oklahoma st.",15.6932,39,107.591,91.8978,65.7045,1329,"exact"
2002,"old dominion",-0.508974,164,102.082,102.591,64.5926,1330,"exact"
2002,"oral roberts",4.34616,110,105.081,100.735,69.1284,1331,"exact"
2002,"oregon",24.1236,7,119.924,95.8006,70.5594,1332,"exact"
2002,"oregon st.",3.8283,116,103.264,99.4353,60.979,1333,"exact"
2002,"pacific",6.54657,90,109.715,103.168,64.9865,1334,"exact"
2002,"penn",12.3806,57,109.308,96.9278,65.1685,1335,"exact"
2002,"penn st.",-3.40807,200,98.8516,102.26,67.5138,1336,"exact"
2002,"pepperdine",12.7171,55,110.976,98.2587,72.4766,1337,"exact"
2002,"pittsburgh",19.2728,19,111.804,92.5312,63.3188,1338,"exact"
2002,"portland",-8.61513,254,97.2251,105.84,72.7343,1339,"exact"
2002,"portland st.",-7.72304,244,104.473,112.196,68.7575,1340,"exact"
2002,"prairie view a&m",-23.2322,319,89.3506,112.583,73.5943,1341,"exact"
2002,"princeton",0.810205,149,102.408,101.598,57.4964,1343,"exact"
2002,"providence",6.04949,96,102.455,96.4059,70.8607,1344,"exact"
2002,"purdue",7.56393,85,109.392,101.828,67.6846,1345,"exact"
2002,"quinnipiac",-9.4054,262,100.471,109.876,74.2191,1346,"exact"
2002,"radford",-2.92595,194,97.6595,100.585,69.5446,1347,"exact"
2002,"rhode island",-6.73299,234,97.0822,103.815,64.3993,1348,"exact"
2002,"rice",-3.45632,201,97.7057,101.162,67.4724,1349,"exact"
2002,"richmond",8.64692,77,103.978,95.3315,60.8721,1350,"exact"
2002,"rider",0.220261,157,99.8064,99.5861,68.1981,1351,"exact"
2002,"robert morris",-15.3019,291,98.9721,114.274,65.4737,1352,"exact"
2002,"rutgers",5.05279,104,97.7671,92.7143,69.4732,1353,"exact"
2002,"south carolina st.",-10.6233,267,95.8219,106.445,67.8538,1354,"exact"
2002,"southern illinois",12.7039,56,108.06,95.3563,70.9955,1356,"exact"
2002,"sacred heart",-16.7015,300,95.9471,112.649,71.3716,1357,"exact"
2002,"sam houston st.",-3.11255,198,99.8157,102.928,72.4872,1358,"exact"
2002,"samford",-1.65338,179,102.208,103.862,56.5419,1359,"exact"
2002,"san diego",5.86745,100,107.712,101.844,68.655,1360,"exact"
2002,"san diego st.",10.3606,71,106.815,96.454,69.7602,1361,"exact"
2002,"san francisco",0.739271,152,102.851,102.112,67.522,1362,"exact"
2002,"san jose st.",-8.41071,253,98.3811,106.792,62.9676,1363,"exact"
2002,"uc santa barbara",9.59321,74,107.66,98.0668,63.1683,1364,"exact"
2002,"santa clara",-3.98528,206,100.998,104.983,66.0224,1365,"exact"
2002,"savannah st.",-31.1818,327,77.6672,108.849,66.1503,1366,"exact"
2002,"southeastern louisiana",-16.4995,299,88.9728,105.472,60.2557,1368,"exact"
2002,"southeast missouri st.",-13.1504,277,100.661,113.811,67.0878,1369,"manual"
2002,"seton hall",6.87884,89,104.402,97.5232,68.3068,1371,"exact"
2002,"stephen f. austin",-9.24635,260,93.6528,102.899,62.8739,1372,"exact"
2002,"siena",-1.73585,182,100.099,101.835,66.0443,1373,"exact"
2002,"smu",4.44113,108,107.363,102.922,67.4831,1374,"exact"
2002,"south alabama",-8.67767,255,95.8905,104.568,66.4832,1375,"exact"
2002,"south carolina",18.7782,22,106.859,88.081,64.6221,1376,"exact"
2002,"south florida",9.52547,75,106.712,97.1866,71.4525,1378,"exact"
2002,"southern miss",-0.216105,162,97.3988,97.6149,64.0496,1379,"exact"
2002,"southern",-21.4424,317,93.6612,115.104,72.2757,1380,"exact"
2002,"southern utah",-4.63521,213,100.135,104.77,63.2513,1381,"exact"
2002,"st. bonaventure",8.62493,78,116.442,107.817,70.9686,1382,"exact"
2002,"st. francis ny",-9.08573,257,100.009,109.095,73.3415,1383,"manual"
2002,"st. john's",9.28117,76,101.956,92.6749,68.7905,1385,"exact"
2002,"saint joseph's",11.8368,61,115.564,103.727,67.5958,1386,"exact"
2002,"saint louis",7.17046,87,98.0038,90.8334,65.0029,1387,"exact"
2002,"saint mary's",-5.23924,221,91.2355,96.4747,64.9242,1388,"exact"
2002,"saint peter's",-18.6728,308,92.6896,111.362,70.9242,1389,"exact"
2002,"stanford",21.0509,14,116.857,95.8058,69.5528,1390,"exact"
2002,"stetson",-11.2286,268,97.5655,108.794,72.0652,1391,"exact"
2002,"stony brook",-19.9943,312,91.1887,111.183,65.5349,1392,"exact"
2002,"syracuse",11.9358,60,106.711,94.7752,69.3366,1393,"exact"
2002,"texas a&m corpus chris",-7.95178,247,100.952,108.904,73.1832,1394,"manual"
2002,"tcu",4.38144,109,109.793,105.411,76.1432,1395,"exact"
2002,"temple",12.1072,58,112.162,100.055,62.5342,1396,"exact"
2002,"tennessee",12.9607,50,110.649,97.6883,66.3958,1397,"exact"
2002,"tennessee st.",-7.18747,240,102.539,109.727,72.54,1398,"exact"
2002,"tennessee tech",7.17945,86,110.158,102.978,66.711,1399,"exact"
2002,"texas",16.5086,35,116.036,99.5269,68.8534,1400,"exact"
2002,"texas a&m",-5.05127,218,96.9866,102.038,67.766,1401,"exact"
2002,"southwest texas st.",-6.09749,227,99.9417,106.039,70.1662,1402,"manual"
2002,"texas tech",17.3249,28,114.262,96.9368,69.7493,1403,"exact"
2002,"tennessee martin",-8.35879,251,98.735,107.094,71.0493,1404,"manual"
2002,"toledo",0.00379349,158,98.7004,98.6966,65.9994,1405,"exact"
2002,"towson",-12.9909,276,90.051,103.042,66.4495,1406,"exact"
2002,"troy st.",-0.0321845,159,103.792,103.824,68.8556,1407,"exact"
2002,"tulane",3.31249,123,104.454,101.141,68.915,1408,"exact"
2002,"tulsa",15.2246,43,114.383,99.1584,69.5823,1409,"exact"
2002,"texas pan american",-0.582234,165,100.64,101.223,71.3986,1410,"manual"
2002,"texas southern",-19.4124,311,94.309,113.721,67.56,1411,"exact"
2002,"uab",6.26371,95,102.306,96.0427,67.4179,1412,"exact"
2002,"uc irvine",7.91547,82,108.662,100.746,64.4614,1414,"exact"
2002,"uc riverside",-8.08681,248,99.2104,107.297,67.0567,1415,"exact"
2002,"ucf",0.748672,151,103.889,103.14,69.4677,1416,"exact"
2002,"ucla",15.3217,40,113.259,97.9373,67.0304,1417,"exact"
2002,"louisiana lafayette",5.39163,102,99.7008,94.3092,70.0638,1418,"manual"
2002,"umbc",-7.47509,243,95.6381,103.113,70.3916,1420,"exact"
2002,"unc asheville",-9.724,264,98.5089,108.233,68.2651,1421,"exact"
2002,"unc greensboro",4.50641,106,102.976,98.4701,68.2655,1422,"exact"
2002,"unc wilmington",10.7173,69,106.032,95.3145,63.0568,1423,"exact"
2002,"unlv",8.38683,79,109.109,100.722,71.8283,1424,"exact"
2002,"usc",21.8232,12,112.82,90.9967,69.4315,1425,"exact"
2002,"ut arlington",-8.25485,250,101.911,110.166,71.8556,1426,"exact"
2002,"utsa",-0.0554349,161,102.694,102.75,71.9704,1427,"exact"
2002,"utah",15.2805,42,111.442,96.1611,61.8472,1428,"exact"
2002,"utah st.",10.933,67,106.4,95.4668,62.9324,1429,"exact"
2002,"utep",-2.21686,188,101.15,103.367,67.3848,1431,"exact"
2002,"vcu",3.43053,121,102.512,99.0815,70.5893,1433,"exact"
2002,"valparaiso",14.1322,45,111.344,97.2123,68.1911,1434,"exact"
2002,"vanderbilt",7.64667,83,108.097,100.45,69.0307,1435,"exact"
2002,"vermont",-2.38935,190,105.47,107.859,67.7378,1436,"exact"
2002,"villanova",12.9447,51,106.134,93.1889,66.8941,1437,"exact"
2002,"virginia",12.7582,54,111.248,98.4898,69.2617,1438,"exact"
2002,"virginia tech",2.00594,141,103.904,101.898,66.9733,1439,"exact"
2002,"vmi",-7.30886,241,98.8798,106.189,77.4368,1440,"exact"
2002,"western carolina",-6.49674,232,99.6781,106.175,71.3707,1441,"exact"
2002,"western illinois",-9.40954,263,102.125,111.535,68.4089,1442,"exact"
2002,"western kentucky",15.3154,41,110.535,95.2192,67.0926,1443,"exact"
2002,"western michigan",2.66625,132,107.091,104.425,66.6159,1444,"exact"
2002,"wagner",-3.56842,203,102.622,106.191,73.1798,1447,"exact"
2002,"wake forest",16.6817,33,117.448,100.767,69.4424,1448,"exact"
2002,"washington",6.00863,99,105.267,99.2579,71.1087,1449,"exact"
2002,"washington st.",-4.45072,211,104.183,108.633,69.5722,1450,"exact"
2002,"weber st.",2.09548,138,106.071,103.976,67.8494,1451,"exact"
2002,"west virginia",-2.76093,192,102.885,105.646,71.7237,1452,"exact"
2002,"green bay",-4.51443,212,104.865,109.379,62.0467,1453,"exact"
2002,"milwaukee",6.02016,97,104.368,98.3483,71.2646,1454,"exact"
2002,"wichita st.",0.400417,154,107.365,106.965,66.6215,1455,"exact"
2002,"william & mary",-5.76537,225,96.1788,101.944,65.1629,1456,"exact"
2002,"winthrop",-5.04399,216,97.1532,102.197,65.6142,1457,"exact"
2002,"wisconsin",13.2916,49,109.705,96.4136,63.0111,1458,"exact"
2002,"wofford",-7.81997,245,93.6118,101.432,67.0229,1459,"exact"
2002,"wright st.",2.42918,136,110.621,108.192,64.9572,1460,"exact"
2002,"wyoming",10.8511,68,108.19,97.3391,69.059,1461,"exact"
2002,"xavier",18.7095,23,111.243,92.5336,66.4403,1462,"exact"
2002,"yale",1.43824,145,103.296,101.858,73.0403,1463,"exact"
2002,"youngstown st.",-14.9443,287,95.2466,110.191,67.308,1464,"exact"
2003,"air force",1.61821,152,105.34,103.722,52.9909,1102,"exact"
2003,"akron",-0.729852,174,110.167,110.896,67.0447,1103,"exact"
2003,"alabama",15.468,33,110.57,95.1017,65.5541,1104,"exact"
2003,"alabama a&m",-18.0084,307,90.2282,108.237,72.3632,1105,"exact"
2003,"alabama st.",-9.68419,255,91.1769,100.861,64.3257,1106,"exact"
2003,"albany",-18.5659,311,94.8536,113.42,66.0018,1107,"exact"
2003,"alcorn st.",-11.5407,276,92.727,104.268,70.5744,1108,"exact"
2003,"american",1.87115,146,103.707,101.836,62.9563,1110,"exact"
2003,"appalachian st.",-1.07929,179,103.46,104.54,76.2347,1111,"exact"
2003,"arizona",26.4243,4,115.311,88.8866,73.0165,1112,"exact"
2003,"arizona st.",16.7407,29,113.116,96.3758,66.8633,1113,"exact"
2003,"arkansas little rock",1.62778,151,102.482,100.854,66.1084,1114,"manual"
2003,"arkansas pine bluff",-25.3529,321,77.5325,102.885,67.8508,1115,"manual"
2003,"arkansas",3.47722,123,98.372,94.8948,65.8679,1116,"exact"
2003,"arkansas st.",0.502675,162,107.819,107.317,66.5387,1117,"exact"
2003,"army",-25.7098,323,85.7084,111.418,62.3014,1119,"exact"
2003,"auburn",12.8881,49,107.32,94.4324,66.7988,1120,"exact"
2003,"austin peay",3.16008,129,101.166,98.0055,64.2385,1122,"exact"
2003,"ball st.",-0.126444,168,106.689,106.816,70.1456,1123,"exact"
2003,"baylor",5.97579,101,106.542,100.566,65.783,1124,"exact"
2003,"belmont",0.0944686,166,103.178,103.084,67.3033,1125,"exact"
2003,"bethune cookman",-22.488,314,89.4864,111.974,67.1178,1126,"fuzzy"
2003,"binghamton",-3.58918,198,96.75,100.339,66.1739,1127,"exact"
2003,"birmingham southern",-6.81917,230,100.469,107.288,63.5021,1128,"exact"
2003,"boise st.",-2.01083,186,95.9641,97.9749,66.8024,1129,"exact"
2003,"boston college",13.3094,47,117.913,104.603,67.911,1130,"exact"
2003,"boston university",3.5351,122,102.761,99.2264,64.4276,1131,"exact"
2003,"bowling green",-1.66152,183,98.8259,100.487,66.2091,1132,"exact"
2003,"bradley",2.09811,142,103.349,101.251,68.7345,1133,"exact"
2003,"brown",1.2177,153,105.936,104.718,70.6025,1135,"exact"
2003,"bucknell",-5.80861,220,91.1532,96.9618,63.4128,1137,"exact"
2003,"buffalo",-10.1372,261,95.6086,105.746,66.8919,1138,"exact"
2003,"butler",15.3765,34,115.085,99.7088,58.7876,1139,"exact"
2003,"byu",18.2088,24,110.537,92.3283,65.663,1140,"exact"
2003,"central michigan",10.3641,68,109.867,99.5025,71.9146,1141,"exact"
2003,"cal poly",-1.52285,182,98.2943,99.8171,69.265,1142,"exact"
2003,"california",13.5863,45,109.401,95.8149,66.1487,1143,"exact"
2003,"campbell",-24.6134,318,92.2432,116.857,66.5347,1144,"exact"
2003,"canisius",-3.91186,203,99.281,103.193,68.6271,1145,"exact"
2003,"centenary",-8.35974,244,103.302,111.662,68.9452,1147,"exact"
2003,"central connecticut",-8.03403,237,101.261,109.295,61.6797,1148,"exact"
2003,"charleston southern",-9.36369,252,94.1634,103.527,65.0919,1149,"exact"
2003,"charlotte",6.27427,99,104.798,98.5239,65.8984,1150,"exact"
2003,"chattanooga",2.99013,133,110.525,107.535,69.3471,1151,"exact"
2003,"chicago st.",-18.1464,309,93.3801,111.527,65.7999,1152,"exact"
2003,"cincinnati",15.3334,35,105.459,90.1252,66.3686,1153,"exact"
2003,"the citadel",-14.6473,291,89.6567,104.304,66.202,1154,"exact"
2003,"clemson",5.53681,107,107.367,101.831,63.6906,1155,"exact"
2003,"cleveland st.",-8.20924,243,97.6923,105.901,66.2006,1156,"exact"
2003,"coastal carolina",-10.8344,268,98.2842,109.119,65.4484,1157,"exact"
2003,"college of charleston",2.86759,135,102.821,99.9538,66.7468,1158,"exact"
2003,"colgate",-7.79173,236,97.5213,105.313,66.2481,1159,"exact"
2003,"colorado",15.8705,31,109.283,93.4129,69.8746,1160,"exact"
2003,"colorado st.",6.27421,100,111.597,105.323,67.1579,1161,"exact"
2003,"columbia",-22.7977,315,82.9693,105.767,60.0506,1162,"exact"
2003,"connecticut",18.3956,22,111.73,93.3341,71.1085,1163,"exact"
2003,"coppin st.",-13.2526,286,94.2891,107.542,59.5495,1164,"exact"
2003,"cornell",-14.9724,293,92.7032,107.676,64.9623,1165,"exact"
2003,"creighton",18.3096,23,113.03,94.7202,68.4145,1166,"exact"
2003,"cal st. fullerton",-7.64485,234,101.429,109.074,59.917,1168,"exact"
2003,"cal st. northridge",-2.69278,191,100.562,103.255,67.8891,1169,"exact"
2003,"sacramento st.",-8.97105,248,94.2364,103.207,69.271,1170,"exact"
2003,"dartmouth",-12.3011,281,95.8343,108.135,60.5454,1171,"exact"
2003,"davidson",1.73974,149,103.063,101.324,70.386,1172,"exact"
2003,"dayton",15.8425,32,116.878,101.035,64.3077,1173,"exact"
2003,"delaware",-0.422855,172,99.7174,100.14,69.0084,1174,"exact"
2003,"delaware st.",-10.7369,266,98.1624,108.899,59.2699,1175,"exact"
2003,"denver",2.57123,139,102.524,99.9524,67.3454,1176,"exact"
2003,"depaul",10.6752,63,105.344,94.6692,65.672,1177,"exact"
2003,"detroit",10.4934,66,109.555,99.062,64.4842,1178,"exact"
2003,"drake",-6.07562,224,101.844,107.919,62.3695,1179,"exact"
2003,"drexel",5.20964,110,102.084,96.8739,67.5887,1180,"exact"
2003,"duke",22.8018,10,116.213,93.4116,71.0877,1181,"exact"
2003,"duquesne",-3.78403,201,99.6501,103.434,68.0355,1182,"exact"
2003,"eastern illinois",-1.14427,180,107.085,108.229,69.8432,1183,"exact"
2003,"eastern kentucky",-10.7459,267,99.6893,110.435,71.3781,1184,"exact"
2003,"eastern michigan",-3.6701,200,104.116,107.786,72.8703,1185,"exact"
2003,"eastern washington",5.38983,108,102.673,97.2832,68.087,1186,"exact"
2003,"east carolina",0.570946,161,99.7587,99.1878,65.266,1187,"exact"
2003,"elon",-14.6939,292,92.9476,107.642,63.3257,1189,"exact"
2003,"east tennessee st.",0.744035,160,101.21,100.466,75.186,1190,"exact"
2003,"evansville",-1.34491,181,106.105,107.45,67.6024,1191,"exact"
2003,"fairleigh dickinson",-11.8722,280,97.3218,109.194,68.0748,1192,"exact"
2003,"fairfield",1.11225,155,99.1574,98.0451,69.0316,1193,"exact"
2003,"florida atlantic",-13.4206,288,92.0855,105.506,72.1914,1194,"exact"
2003,"florida",23.6341,7,117.327,93.6932,65.2411,1196,"exact"
2003,"florida a&m",-11.01,269,98.1501,109.16,67.5303,1197,"exact"
2003,"fiu",-6.24604,226,95.1589,101.405,61.6371,1198,"exact"
2003,"florida st.",8.65528,77,100.869,92.2138,67.5312,1199,"exact"
2003,"fordham",-9.96932,259,97.3978,107.367,69.7204,1200,"exact"
2003,"fresno st.",5.83418,102,105.122,99.2881,65.8013,1201,"exact"
2003,"furman",-7.67309,235,97.7712,105.444,63.0077,1202,"exact"
2003,"george washington",5.60481,106,107.556,101.951,68.599,1203,"exact"
2003,"georgia southern",-7.33336,232,102.096,109.43,71.7445,1204,"exact"
2003,"gardner webb",-11.7311,278,90.7322,102.463,70.8899,1205,"exact"
2003,"george mason",4.26715,115,98.2072,93.94,64.9384,1206,"exact"
2003,"georgetown",11.7906,53,105.452,93.6615,70.6919,1207,"exact"
2003,"georgia",21.2649,15,121.297,100.032,67.1798,1208,"exact"
2003,"georgia st.",-6.17239,225,101.551,107.723,66.738,1209,"exact"
2003,"georgia tech",13.6113,44,107.696,94.085,69.0609,1210,"exact"
2003,"gonzaga",14.9545,37,112.337,97.3823,67.2433,1211,"exact"
2003,"grambling st.",-15.8085,296,95.9773,111.786,72.0256,1212,"exact"
2003,"hampton",-8.20612,242,94.8483,103.054,69.9351,1214,"exact"
2003,"hartford",-3.66967,199,98.2584,101.928,64.2099,1216,"exact"
2003,"harvard",-5.49157,216,98.5393,104.031,71.9645,1217,"exact"
2003,"hawaii",2.90871,134,101.293,98.3842,65.9876,1218,"exact"
2003,"high point",-18.0336,308,95.5848,113.618,68.3012,1219,"exact"
2003,"hofstra",-9.74367,257,95.137,104.881,68.4034,1220,"exact"
2003,"holy cross",10.1775,69,105.034,94.8568,65.3578,1221,"exact"
2003,"houston",-4.47502,210,93.3523,97.8273,63.3394,1222,"exact"
2003,"howard",-11.7623,279,97.5908,109.353,69.8891,1224,"exact"
2003,"idaho",-4.79813,211,96.4094,101.208,62.3703,1225,"exact"
2003,"idaho st.",-2.23565,188,99.7639,102,70.4516,1226,"exact"
2003,"illinois chicago",10.4982,65,111.072,100.573,68.2501,1227,"manual"
2003,"illinois",24.9472,5,114.14,89.1932,68.2411,1228,"exact"
2003,"illinois st.",-5.28973,213,99.5638,104.854,65.2906,1229,"exact"
2003,"indiana",14.5633,40,113.046,98.4831,63.9859,1231,"exact"
2003,"indiana st.",-10.6278,264,91.1101,101.738,62.2324,1232,"exact"
2003,"iona",0.469685,163,102.353,101.883,69.0262,1233,"exact"
2003,"iowa",7.97277,84,106.781,98.8086,67.3565,1234,"exact"
2003,"iowa st.",10.8017,62,107.576,96.7748,66.3442,1235,"exact"
2003,"ipfw",-11.0155,270,95.9266,106.942,68.6793,1236,"exact"
2003,"iupui",0.761365,159,103.059,102.298,66.9628,1237,"exact"
2003,"jackson st.",-10.5496,262,94.2622,104.812,71.9606,1238,"exact"
2003,"jacksonville",-10.5783,263,93.5259,104.104,66.3272,1239,"exact"
2003,"jacksonville st.",-2.78291,194,103.528,106.311,68.5116,1240,"exact"
2003,"james madison",-5.74706,218,99.6251,105.372,66.2563,1241,"exact"
2003,"kansas",27.1016,3,114.003,86.9009,72.6511,1242,"exact"
2003,"kansas st.",10.9177,61,107.958,97.0406,65.828,1243,"exact"
2003,"kent st.",7.23638,89,112.452,105.216,66.3505,1245,"exact"
2003,"kentucky",29.7672,1,116.802,87.0347,67.5518,1246,"exact"
2003,"la salle",0.761555,158,102.745,101.983,67.6151,1247,"exact"
2003,"lafayette",-8.94794,247,101.518,110.466,66.4691,1248,"exact"
2003,"lamar",-8.11249,238,93.0743,101.187,66.2359,1249,"exact"
2003,"lehigh",-5.95926,222,98.4145,104.374,65.2788,1250,"exact"
2003,"liberty",-15.9308,297,88.9233,104.854,68.6115,1251,"exact"
2003,"lipscomb",-16.2512,300,98.974,115.225,69.9431,1252,"exact"
2003,"long beach st.",-15.5633,295,96.8216,112.385,65.7177,1253,"exact"
2003,"liu brooklyn",-12.877,285,97.9477,110.825,73.3302,1254,"exact"
2003,"louisiana tech",-2.76122,192,101.685,104.446,67.7035,1256,"exact"
2003,"louisville",23.6507,6,116.078,92.4271,72.419,1257,"exact"
2003,"loyola marymount",-4.18272,204,98.5093,102.692,69.8869,1258,"exact"
2003,"loyola md",-22.8047,316,87.7474,110.552,63.9815,1259,"exact"
2003,"loyola chicago",3.72678,121,105.737,102.01,70.1748,1260,"exact"
2003,"lsu",20.0374,19,111.998,91.9602,67.5469,1261,"exact"
2003,"maine",-3.31308,197,99.6451,102.958,68.396,1263,"exact"
2003,"manhattan",10.0239,70,105.641,95.6169,68.2203,1264,"exact"
2003,"marist",-5.42551,215,101.492,106.917,68.589,1265,"exact"
2003,"marquette",21.2188,16,118.833,97.6141,65.6828,1266,"exact"
2003,"marshall",-0.574899,173,102.275,102.85,67.5974,1267,"exact"
2003,"maryland",21.493,14,110.916,89.4227,71.7698,1268,"exact"
2003,"massachusetts",-2.90833,196,96.7137,99.622,64.9507,1269,"exact"
2003,"mcneese st.",-4.23951,206,100.765,105.005,67.9876,1270,"exact"
2003,"maryland eastern shore",-24.7588,319,91.5135,116.272,64.1089,1271,"exact"
2003,"memphis",17.8261,25,111.304,93.4775,68.3304,1272,"exact"
2003,"mercer",-0.914825,175,106.471,107.385,69.603,1273,"exact"
2003,"miami fl",5.6289,105,103.042,97.4135,65.963,1274,"exact"
2003,"miami oh",2.62754,138,101.255,98.6279,56.7825,1275,"exact"
2003,"michigan",10.4419,67,108.913,98.4713,65.0658,1276,"exact"
2003,"michigan st.",17.7907,26,108.72,90.9288,63.6011,1277,"exact"
2003,"minnesota",8.45661,79,106.671,98.2144,71.2095,1278,"exact"
2003,"mississippi",11.464,59,111.595,100.131,62.8732,1279,"exact"
2003,"mississippi st.",22.4034,11,108.501,86.098,65.1241,1280,"exact"
2003,"missouri",17.6329,27,111.397,93.7637,66.5071,1281,"exact"
2003,"umkc",-11.3137,274,101.971,113.284,64.7232,1282,"exact"
2003,"southwest missouri st.",8.19454,82,100.667,92.4722,63.5846,1283,"manual"
2003,"monmouth",-8.14196,240,92.0607,100.203,66.8956,1284,"exact"
2003,"montana",-2.88525,195,104.467,107.352,66.161,1285,"exact"
2003,"montana st.",-5.79491,219,100.306,106.101,61.9546,1286,"exact"
2003,"morehead st.",1.75207,148,109.886,108.134,67.7038,1287,"exact"
2003,"morgan st.",-25.4336,322,92.1541,117.588,68.8253,1288,"exact"
2003,"morris brown",-27.5167,325,87.0584,114.575,65.5157,1289,"exact"
2003,"mississippi valley st.",-7.5966,233,104.384,111.981,67.6756,1290,"manual"
2003,"mount st. mary's",-16.1539,299,90.699,106.853,64.3357,1291,"exact"
2003,"middle tennessee st.",3.39343,124,103.976,100.582,66.0682,1292,"exact"
2003,"murray st.",5.73905,103,107.54,101.801,65.6146,1293,"exact"
2003,"northern illinois",2.73458,136,104.724,101.99,64.9406,1296,"exact"
2003,"navy",-14.1706,289,90.6677,104.838,65.6314,1298,"exact"
2003,"north carolina a&t",-35.4911,327,84.0977,119.589,68.7554,1299,"exact"
2003,"nc state",13.034,48,111.017,97.9831,65.1859,1301,"exact"
2003,"nebraska",2.49726,140,97.5296,95.0323,66.6857,1304,"exact"
2003,"nevada",7.87096,85,108.812,100.941,68.8696,1305,"exact"
2003,"new hampshire",-18.5142,310,94.0297,112.544,70.5299,1306,"exact"
2003,"new mexico",-1.87262,184,107.787,109.66,65.7337,1307,"exact"
2003,"new mexico st.",7.49266,88,107.729,100.236,67.2807,1308,"exact"
2003,"new orleans",-0.373537,171,101.874,102.247,66.3671,1309,"exact"
2003,"niagara",-1.003,176,109.553,110.556,66.5662,1310,"exact"
2003,"nicholls st.",-25.0499,320,87.8174,112.867,62.1745,1311,"exact"
2003,"norfolk st.",-15.3662,294,88.2014,103.568,65.8314,1313,"exact"
2003,"north carolina",11.5667,57,106.834,95.2674,67.9297,1314,"exact"
2003,"north texas",-7.29968,231,99.4771,106.777,70.2433,1317,"exact"
2003,"northeastern",-5.31103,214,98.9386,104.25,70.1595,1318,"exact"
2003,"northern arizona",-2.638,189,99.6673,102.305,68.1929,1319,"exact"
2003,"northern iowa",-2.65168,190,102.125,104.777,64.6581,1320,"exact"
2003,"northwestern",-0.280601,170,104.901,105.182,60.3566,1321,"exact"
2003,"northwestern st.",-16.4551,303,85.5723,102.027,70.6883,1322,"exact"
2003,"notre dame",19.6817,21,117.565,97.8837,69.2334,1323,"exact"
2003,"oakland",-1.96913,185,103.851,105.821,71.3787,1324,"exact"
2003,"ohio",0.0203452,167,104.625,104.604,65.7686,1325,"exact"
2003,"ohio st.",8.85695,75,103.055,94.1978,64.406,1326,"exact"
2003,"oklahoma",23.4861,8,112.913,89.4266,62.6863,1328,"exact"
2003,"oklahoma st.",17.3367,28,106.039,88.7021,66.5752,1329,"exact"
2003,"old dominion",0.358639,165,99.4097,99.051,66.6621,1330,"exact"
2003,"oral roberts",1.18509,154,104.788,103.603,68.1522,1331,"exact"
2003,"oregon",14.3485,42,112.498,98.1497,71.0944,1332,"exact"
2003,"oregon st.",3.22962,126,100.971,97.7411,66.9351,1333,"exact"
2003,"pacific",-1.00948,177,99.8515,100.861,66.3806,1334,"exact"
2003,"penn",14.2661,43,110.324,96.0575,63.312,1335,"exact"
2003,"penn st.",-4.91682,212,98.5847,103.502,67.6682,1336,"exact"
2003,"pepperdine",1.70539,150,110.235,108.53,70.918,1337,"exact"
2003,"pittsburgh",27.1788,2,113.295,86.1165,64.8023,1338,"exact"
2003,"portland",-4.34226,209,98.7379,103.08,68.2476,1339,"exact"
2003,"portland st.",-11.4877,275,87.3526,98.8403,65.5374,1340,"exact"
2003,"prairie view a&m",-8.78529,245,97.72,106.505,67.3835,1341,"exact"
2003,"princeton",3.1674,128,109.42,106.253,60.0507,1343,"exact"
2003,"providence",13.387,46,108.812,95.4253,66.7617,1344,"exact"
2003,"purdue",15.962,30,106.758,90.7963,69.1792,1345,"exact"
2003,"quinnipiac",-6.72872,229,99.2197,105.948,71.0524,1346,"exact"
2003,"radford",-19.8277,313,88.5673,108.395,68.6474,1347,"exact"
2003,"rhode island",5.10491,112,102.335,97.2302,68.9526,1348,"exact"
2003,"rice",4.28864,114,105.804,101.516,69.2778,1349,"exact"
2003,"richmond",7.7319,87,102.348,94.6164,62.1741,1350,"exact"
2003,"rider",-5.87617,221,99.2538,105.13,63.2296,1351,"exact"
2003,"robert morris",-12.7857,284,103.718,116.504,65.0741,1352,"exact"
2003,"rutgers",5.20632,111,100.5,95.2938,68.8356,1353,"exact"
2003,"south carolina st.",-8.91754,246,96.5201,105.438,71.7419,1354,"exact"
2003,"southern illinois",11.8425,52,110.795,98.9527,67.6276,1356,"exact"
2003,"sacred heart",-16.7908,304,94.0248,110.816,70.0152,1357,"exact"
2003,"sam houston st.",1.93338,144,102.171,100.238,67.1342,1358,"exact"
2003,"samford",-4.18952,205,101.061,105.25,58.8926,1359,"exact"
2003,"san diego",8.36166,81,104.732,96.3702,70.81,1360,"exact"
2003,"san diego st.",6.97353,92,110.373,103.399,66.5455,1361,"exact"
2003,"san francisco",4.09893,118,109.187,105.088,63.2949,1362,"exact"
2003,"san jose st.",-12.3088,282,96.0232,108.332,65.3035,1363,"exact"
2003,"uc santa barbara",6.35061,97,104.899,98.5487,61.2877,1364,"exact"
2003,"santa clara",-6.30232,227,97.0419,103.344,65.1357,1365,"exact"
2003,"savannah st.",-26.9617,324,78.3273,105.289,73.2237,1366,"exact"
2003,"southeastern louisiana",-10.0892,260,96.0205,106.11,65.9872,1368,"exact"
2003,"southeast missouri st.",-9.033,249,102.249,111.282,65.3554,1369,"manual"
2003,"seton hall",11.6433,55,104.373,92.7299,65.9828,1371,"exact"
2003,"stephen f. austin",2.66227,137,105.991,103.329,62.729,1372,"exact"
2003,"siena",3.07882,132,104.733,101.654,69.4642,1373,"exact"
2003,"smu",1.96134,143,103.469,101.507,68.2323,1374,"exact"
2003,"south alabama",0.983481,157,105.58,104.596,65.7433,1375,"exact"
2003,"south carolina",8.59916,78,103.312,94.7123,65.5871,1376,"exact"
2003,"south florida",4.76152,113,101.582,96.82,67.9684,1378,"exact"
2003,"southern miss",0.456723,164,99.1819,98.7252,67.5153,1379,"exact"
2003,"southern",-18.7058,312,90.3384,109.044,69.0552,1380,"exact"
2003,"southern utah",-10.7157,265,101.279,111.994,64.2362,1381,"exact"
2003,"st. bonaventure",8.3802,80,112.928,104.548,71.3771,1382,"exact"
2003,"st. francis ny",-8.14663,241,100.623,108.769,70.8167,1383,"manual"
2003,"st. john's",9.0482,73,105.408,96.3601,66.9934,1385,"exact"
2003,"saint joseph's",21.5962,13,109.41,87.8141,64.4667,1386,"exact"
2003,"saint louis",9.47351,72,105.358,95.8844,59.0469,1387,"exact"
2003,"saint mary's",2.14674,141,98.6561,96.5094,65.6523,1388,"exact"
2003,"saint peter's",-8.12492,239,100.37,108.495,71.2654,1389,"exact"
2003,"stanford",14.8974,38,109.838,94.9404,65.4887,1390,"exact"
2003,"stetson",-16.3565,302,95.5288,111.885,72.0132,1391,"exact"
2003,"stony brook",-11.0881,271,95.5607,106.649,65.2547,1392,"exact"
2003,"syracuse",19.9564,20,113.951,93.9947,70.5221,1393,"exact"
2003,"texas a&m corpus chris",-9.20737,251,99.213,108.42,72.8476,1394,"manual"
2003,"tcu",-0.135908,169,106.347,106.483,71.395,1395,"exact"
2003,"temple",8.97542,74,109.509,100.533,63.1208,1396,"exact"
2003,"tennessee",12.0262,51,109.162,97.1354,64.5772,1397,"exact"
2003,"tennessee st.",-27.6569,326,91.2322,118.889,75.8219,1398,"exact"
2003,"tennessee tech",4.03531,119,103.057,99.0218,68.8299,1399,"exact"
2003,"texas",23.3866,9,118.524,95.1369,69.0435,1400,"exact"
2003,"texas a&m",7.10401,91,104.351,97.247,70.6143,1401,"exact"
2003,"southwest texas st.",-2.76762,193,101.777,104.545,67.5136,1402,"manual"
2003,"texas tech",15.3219,36,111.058,95.7364,66.1474,1403,"exact"
2003,"tennessee martin",-6.58553,228,100.696,107.282,69.6025,1404,"manual"
2003,"toledo",3.12962,130,103.68,100.55,67.334,1405,"exact"
2003,"towson",-23.8695,317,84.6938,108.563,66.4626,1406,"exact"
2003,"troy st.",6.29692,98,107.4,101.103,70.603,1407,"exact"
2003,"tulane",5.72525,104,107.195,101.469,65.5936,1408,"exact"
2003,"tulsa",11.4437,60,107.114,95.67,67.3935,1409,"exact"
2003,"texas pan american",-16.2918,301,89.7178,106.01,64.8929,1410,"manual"
2003,"texas southern",-9.73895,256,98.706,108.445,68.023,1411,"exact"
2003,"uab",9.62815,71,105.467,95.8387,73.8093,1412,"exact"
2003,"uc irvine",3.954,120,103.64,99.6859,65.5636,1414,"exact"
2003,"uc riverside",-11.1064,272,98.8397,109.946,67.5392,1415,"exact"
2003,"ucf",3.11729,131,102.966,99.8488,65.5123,1416,"exact"
2003,"ucla",5.27343,109,107.204,101.931,69.4145,1417,"exact"
2003,"louisiana lafayette",10.5578,64,108.126,97.5681,69.6731,1418,"manual"
2003,"umbc",-16.8278,305,90.1144,106.942,64.9429,1420,"exact"
2003,"unc asheville",-13.3682,287,100.943,114.311,67.655,1421,"exact"
2003,"unc greensboro",-9.4802,254,97.61,107.09,67.5733,1422,"exact"
2003,"unc wilmington",14.4278,41,108.916,94.4886,64.3593,1423,"exact"
2003,"unlv",11.4864,58,108.416,96.9296,70.3588,1424,"exact"
2003,"usc",6.9413,93,105.466,98.5249,73.4241,1425,"exact"
2003,"ut arlington",-2.23526,187,98.133,100.368,62.2958,1426,"exact"
2003,"utsa",-11.5728,277,94.2171,105.79,69.7213,1427,"exact"
2003,"utah",14.8447,39,107.925,93.0806,61.9372,1428,"exact"
2003,"utah st.",6.73911,95,106.86,100.121,61.232,1429,"exact"
2003,"utep",-16.0527,298,93.2721,109.325,66.3518,1431,"exact"
2003,"vcu",4.12004,117,103.564,99.4436,69.1841,1433,"exact"
2003,"valparaiso",6.43507,96,103.791,97.3561,66.0647,1434,"exact"
2003,"vanderbilt",7.11673,90,103.933,96.816,69.4221,1435,"exact"
2003,"vermont",1.8376,147,101.723,99.8857,64.3012,1436,"exact"
2003,"villanova",11.7212,54,106.716,94.9948,69.2851,1437,"exact"
2003,"virginia",7.73251,86,108.806,101.074,68.4263,1438,"exact"
2003,"virginia tech",1.92613,145,106.107,104.181,66.8757,1439,"exact"
2003,"vmi",-14.5478,290,91.3338,105.882,65.662,1440,"exact"
2003,"western carolina",-12.363,283,98.675,111.038,67.4156,1441,"exact"
2003,"western illinois",-17.1818,306,93.6198,110.802,67.0349,1442,"exact"
2003,"western kentucky",11.5715,56,108.073,96.5019,67.5481,1443,"exact"
2003,"western michigan",8.10809,83,102.958,94.8495,65.0118,1444,"exact"
2003,"wagner",-1.04621,178,104.796,105.842,67.6016,1447,"exact"
2003,"wake forest",20.8361,18,115.774,94.9376,67.6965,1448,"exact"
2003,"washington",3.206,127,102.884,99.678,70.2217,1449,"exact"
2003,"washington st.",-4.3054,208,101.641,105.947,68.8084,1450,"exact"
2003,"weber st.",8.7425,76,111.03,102.287,66.2827,1451,"exact"
2003,"west virginia",4.1287,116,104.368,100.239,65.1098,1452,"exact"
2003,"green bay",-3.83002,202,103.401,107.231,65.0005,1453,"exact"
2003,"milwaukee",12.6377,50,109.433,96.795,71.2184,1454,"exact"
2003,"wichita st.",3.306,125,108.089,104.783,67.727,1455,"exact"
2003,"william & mary",-11.1921,273,100.869,112.061,62.067,1456,"exact"
2003,"winthrop",-6.07152,223,97.0663,103.138,67.5263,1457,"exact"
2003,"wisconsin",22.3863,12,114.658,92.2715,61.8275,1458,"exact"
2003,"wofford",-4.25889,207,104.044,108.303,68.4443,1459,"exact"
2003,"wright st.",-5.72594,217,102.142,107.868,66.023,1460,"exact"
2003,"wyoming",6.81953,94,107.939,101.12,67.9739,1461,"exact"
2003,"xavier",20.8379,17,114.503,93.665,68.1862,1462,"exact"
2003,"yale",1.06647,156,100.325,99.2589,68.804,1463,"exact"
2003,"youngstown st.",-9.41041,253,93.127,102.537,65.8578,1464,"exact"
2004,"air force",16.1376,33,111.859,95.7219,52.0301,1102,"exact"
2004,"akron",-0.0932922,158,105.989,106.082,65.1241,1103,"exact"
2004,"alabama",16.4613,31,113.39,96.9288,64.999,1104,"exact"
2004,"alabama a&m",-16.2941,301,94.9177,111.212,69.89,1105,"exact"
2004,"alabama st.",-10.6902,266,93.281,103.971,61.5326,1106,"exact"
2004,"albany",-19.5901,309,87.2097,106.8,62.8276,1107,"exact"
2004,"alcorn st.",-20.9209,312,91.4637,112.385,67.7798,1108,"exact"
2004,"american",-2.92887,183,102.309,105.238,63.7286,1110,"exact"
2004,"appalachian st.",-5.13126,216,95.0754,100.207,70.1609,1111,"exact"
2004,"arizona",16.6199,29,117.959,101.339,73.5393,1112,"exact"
2004,"arizona st.",1.52099,138,107.249,105.728,68.7643,1113,"exact"
2004,"arkansas little rock",0.740112,149,100.615,99.875,65.9336,1114,"manual"
2004,"arkansas pine bluff",-36.3163,326,75.7064,112.023,67.5798,1115,"manual"
2004,"arkansas",6.3863,94,104.319,97.9332,66.3429,1116,"exact"
2004,"arkansas st.",-0.328523,160,105.434,105.762,66.2877,1117,"exact"
2004,"army",-30.2102,325,77.6038,107.814,62.1441,1119,"exact"
2004,"auburn",10.7193,65,106.189,95.4699,66.7657,1120,"exact"
2004,"austin peay",5.7957,100,99.8518,94.0561,62.0137,1122,"exact"
2004,"ball st.",1.72196,135,103.038,101.316,67.4137,1123,"exact"
2004,"baylor",-7.3654,246,101.186,108.551,61.3079,1124,"exact"
2004,"belmont",5.3873,103,105.493,100.105,64.0002,1125,"exact"
2004,"bethune cookman",-22.2905,313,89.5442,111.835,63.7077,1126,"fuzzy"
2004,"binghamton",-9.50193,258,91.0429,100.545,64.2398,1127,"exact"
2004,"birmingham southern",-1.1641,171,107.021,108.185,63.8591,1128,"exact"
2004,"boise st.",13.6487,47,110.567,96.9182,66.9534,1129,"exact"
2004,"boston college",14.6068,42,110.115,95.5084,63.1579,1130,"exact"
2004,"boston university",4.16018,116,102.477,98.3173,63.5037,1131,"exact"
2004,"bowling green",-1.39746,175,104.328,105.726,65.9,1132,"exact"
2004,"bradley",-0.608967,162,98.2145,98.8235,67.092,1133,"exact"
2004,"brown",-4.23536,198,101.468,105.703,70.7196,1135,"exact"
2004,"bucknell",-4.50166,207,96.2303,100.732,64.8524,1137,"exact"
2004,"buffalo",4.99547,107,107.239,102.244,69.8042,1138,"exact"
2004,"butler",2.62721,131,106.921,104.293,56.7091,1139,"exact"
2004,"byu",16.3472,32,111.734,95.3868,66.4998,1140,"exact"
2004,"central michigan",-11.4609,271,97.2019,108.663,70.9463,1141,"exact"
2004,"cal poly",-4.32421,202,100.864,105.188,70.1783,1142,"exact"
2004,"california",5.80537,99,103.289,97.4838,64.1886,1143,"exact"
2004,"campbell",-22.5442,314,91.2834,113.828,73.3695,1144,"exact"
2004,"canisius",-7.14917,240,99.7977,106.947,66.7743,1145,"exact"
2004,"centenary",-1.4512,176,102.167,103.618,64.0616,1147,"exact"
2004,"central connecticut",-6.44484,229,101.425,107.87,64.5554,1148,"exact"
2004,"charleston southern",-18.2083,308,90.1033,108.312,61.6459,1149,"exact"
2004,"charlotte",14.6558,41,112.766,98.11,70.0671,1150,"exact"
2004,"chattanooga",0.983491,145,110.644,109.66,67.1592,1151,"exact"
2004,"chicago st.",-6.59311,232,101.19,107.783,63.5116,1152,"exact"
2004,"cincinnati",23.8562,11,115.74,91.8837,67.1173,1153,"exact"
2004,"the citadel",-24.1349,318,86.1761,110.311,63.5002,1154,"exact"
2004,"clemson",5.07024,106,101.673,96.6026,65.1394,1155,"exact"
2004,"cleveland st.",-12.604,284,92.9113,105.515,69.655,1156,"exact"
2004,"coastal carolina",-7.19668,243,97.839,105.036,66.9545,1157,"exact"
2004,"college of charleston",3.82559,119,104.979,101.153,68.064,1158,"exact"
2004,"colgate",-12.0697,278,98.8499,110.92,64.4955,1159,"exact"
2004,"colorado",11.0658,60,110.722,99.6564,68.7532,1160,"exact"
2004,"colorado st.",2.92501,128,103.887,100.962,68.6678,1161,"exact"
2004,"columbia",-10.6204,265,94.799,105.419,67.8185,1162,"exact"
2004,"connecticut",25.8489,5,116.176,90.3272,68.4832,1163,"exact"
2004,"coppin st.",-7.44439,247,94.3389,101.783,61.9756,1164,"exact"
2004,"cornell",-6.36783,228,99.7318,106.1,68.61,1165,"exact"
2004,"creighton",10.5594,67,107.617,97.058,63.5485,1166,"exact"
2004,"cal st. fullerton",-4.4518,205,102.651,107.102,66.7884,1168,"exact"
2004,"cal st. northridge",-1.84498,178,99.479,101.324,68.4316,1169,"exact"
2004,"sacramento st.",-4.2833,200,98.2938,102.577,69.5441,1170,"exact"
2004,"dartmouth",-24.2992,319,87.4667,111.766,62.3299,1171,"exact"
2004,"davidson",1.33734,142,103.081,101.744,66.5683,1172,"exact"
2004,"dayton",9.7763,72,108.6,98.8232,62.4162,1173,"exact"
2004,"delaware",0.669713,151,98.7725,98.1028,69.1984,1174,"exact"
2004,"delaware st.",-8.85908,253,99.2461,108.105,59.0059,1175,"exact"
2004,"denver",-1.79902,177,103.488,105.287,65.1366,1176,"exact"
2004,"depaul",11.8121,53,113.921,102.109,63.3915,1177,"exact"
2004,"detroit",9.09955,76,105.81,96.7107,59.4334,1178,"exact"
2004,"drake",-0.0473645,157,100.516,100.563,68.5482,1179,"exact"
2004,"drexel",6.17232,95,106.119,99.947,67.9086,1180,"exact"
2004,"duke",31.7279,1,120.027,88.299,67.6352,1181,"exact"
2004,"duquesne",0.698018,150,103.9,103.202,67.8371,1182,"exact"
2004,"eastern illinois",-12.1265,280,95.2478,107.374,68.4985,1183,"exact"
2004,"eastern kentucky",-3.86105,192,101.986,105.847,67.4865,1184,"exact"
2004,"eastern michigan",-4.83245,212,98.9035,103.736,68.3146,1185,"exact"
2004,"eastern washington",3.42788,125,105.382,101.954,64.715,1186,"exact"
2004,"east carolina",4.69921,111,104.561,99.8622,65.7328,1187,"exact"
2004,"elon",-8.83869,252,98.571,107.41,65.6597,1189,"exact"
2004,"east tennessee st.",8.12644,85,103.458,95.3316,73.587,1190,"exact"
2004,"evansville",-4.66681,210,104.251,108.918,67.836,1191,"exact"
2004,"fairleigh dickinson",-6.15276,226,99.7261,105.879,64.4121,1192,"exact"
2004,"fairfield",4.41068,114,101.496,97.0849,62.5302,1193,"exact"
2004,"florida atlantic",-7.19429,242,99.4579,106.652,71.433,1194,"exact"
2004,"florida",19.9244,19,117.63,97.7056,66.1367,1196,"exact"
2004,"florida a&m",-10.7325,267,97.7465,108.479,71.1206,1197,"exact"
2004,"fiu",-20.7474,311,83.5565,104.304,62.3938,1198,"exact"
2004,"florida st.",17.9796,25,108.641,90.6609,64.8146,1199,"exact"
2004,"fordham",-10.1373,263,95.9926,106.13,66.6968,1200,"exact"
2004,"fresno st.",7.06035,90,106.165,99.1044,59.0863,1201,"exact"
2004,"furman",-0.969308,166,101.047,102.016,66.8632,1202,"exact"
2004,"george washington",13.1486,48,112.737,99.5886,68.5947,1203,"exact"
2004,"georgia southern",1.17968,144,100.46,99.2806,72.818,1204,"exact"
2004,"gardner webb",-11.9478,277,96.7432,108.691,66.0995,1205,"exact"
2004,"george mason",6.59608,93,103.739,97.1426,68.0182,1206,"exact"
2004,"georgetown",2.62527,132,98.4675,95.8422,68.7125,1207,"exact"
2004,"georgia",10.4149,69,107.374,96.9594,62.565,1208,"exact"
2004,"georgia st.",2.01286,134,103.992,101.979,65.8652,1209,"exact"
2004,"georgia tech",24.8537,6,114.16,89.3063,69.8395,1210,"exact"
2004,"gonzaga",26.7299,3,121.485,94.7555,66.7071,1211,"exact"
2004,"grambling st.",-15.4342,299,92.9541,108.388,69.4353,1212,"exact"
2004,"hampton",-11.2407,269,97.6421,108.883,68.6188,1214,"exact"
2004,"hartford",-13.9159,294,95.2003,109.116,64.2856,1216,"exact"
2004,"harvard",-17.9329,307,89.5937,107.527,71.1203,1217,"exact"
2004,"hawaii",8.51204,83,107.861,99.3491,64.5465,1218,"exact"
2004,"high point",-9.3362,256,97.3231,106.659,69.6035,1219,"exact"
2004,"hofstra",1.4148,140,105.212,103.798,67.7066,1220,"exact"
2004,"holy cross",-1.02515,167,96.4742,97.4993,63.7354,1221,"exact"
2004,"houston",-5.22404,218,93.6727,98.8968,61.3111,1222,"exact"
2004,"howard",-19.789,310,86.818,106.607,66.1917,1224,"exact"
2004,"idaho",0.112626,154,99.3672,99.2545,63.7008,1225,"exact"
2004,"idaho st.",-9.9301,261,101.104,111.034,69.7665,1226,"exact"
2004,"illinois chicago",10.8768,62,107.751,96.8741,64.6261,1227,"manual"
2004,"illinois",19.1845,20,115.417,96.2329,64.2481,1228,"exact"
2004,"illinois st.",-1.97441,179,101,102.975,61.8342,1229,"exact"
2004,"indiana",5.93458,96,104.479,98.5445,64.3313,1231,"exact"
2004,"indiana st.",-3.60037,190,96.5928,100.193,60.2543,1232,"exact"
2004,"iona",-4.47455,206,100.859,105.334,69.5587,1233,"exact"
2004,"iowa",8.98917,78,105.132,96.1427,68.8537,1234,"exact"
2004,"iowa st.",8.51297,82,107.823,99.3105,69.9383,1235,"exact"
2004,"ipfw",-12.8125,286,97.3411,110.154,64.7067,1236,"exact"
2004,"iupui",3.85281,118,110.289,106.436,64.8655,1237,"exact"
2004,"jackson st.",-13.8046,292,87.9477,101.752,68.5012,1238,"exact"
2004,"jacksonville",-13.042,287,96.6614,109.703,67.9777,1239,"exact"
2004,"jacksonville st.",-6.74288,235,104.41,111.153,67.6435,1240,"exact"
2004,"james madison",-10.2092,264,99.3352,109.544,64.6545,1241,"exact"
2004,"kansas",18.1966,24,110.65,92.4539,69.4727,1242,"exact"
2004,"kansas st.",7.98827,87,103.813,95.8247,65.2101,1243,"exact"
2004,"kent st.",10.9827,61,107.706,96.7233,65.6365,1245,"exact"
2004,"kentucky",24.6321,9,112.747,88.1148,66.439,1246,"exact"
2004,"la salle",-3.32472,187,102.509,105.834,64.4189,1247,"exact"
2004,"lafayette",-5.01086,215,106.302,111.313,68.5077,1248,"exact"
2004,"lamar",-12.5891,283,96.7719,109.361,73.824,1249,"exact"
2004,"lehigh",-5.7816,224,98.2109,103.992,63.7282,1250,"exact"
2004,"liberty",-2.70715,182,97.9283,100.635,67.5344,1251,"exact"
2004,"lipscomb",-17.4865,306,96.2912,113.778,66.5935,1252,"exact"
2004,"long beach st.",-13.7193,291,95.9271,109.646,65.6607,1253,"exact"
2004,"liu brooklyn",-16.5067,303,92.3507,108.857,71.2781,1254,"exact"
2004,"louisiana tech",3.72406,123,102.214,98.4895,65.3383,1256,"exact"
2004,"louisville",21.6473,16,106.419,84.7716,67.6995,1257,"exact"
2004,"loyola marymount",-2.46676,181,97.0523,99.519,66.6029,1258,"exact"
2004,"loyola md",-23.8232,316,88.8821,112.705,66.3009,1259,"exact"
2004,"loyola chicago",-3.95157,194,100.463,104.414,70.1715,1260,"exact"
2004,"lsu",10.8761,63,106.946,96.0697,63.7304,1261,"exact"
2004,"maine",-4.34351,203,98.616,102.96,65.7383,1263,"exact"
2004,"manhattan",11.6168,55,107.701,96.0844,65.3023,1264,"exact"
2004,"marist",-14.2739,295,92.4773,106.751,64.3642,1265,"exact"
2004,"marquette",5.92477,97,111.754,105.829,64.3426,1266,"exact"
2004,"marshall",-2.03264,180,100.903,102.936,68.558,1267,"exact"
2004,"maryland",20.2142,18,110.26,90.0455,71.3662,1268,"exact"
2004,"massachusetts",-3.39878,188,102.474,105.873,66.8371,1269,"exact"
2004,"mcneese st.",-6.80971,236,99.0559,105.866,71.4442,1270,"exact"
2004,"maryland eastern shore",-25.2284,322,90.3559,115.584,61.7481,1271,"exact"
2004,"memphis",15.9997,35,111.955,95.9555,67.7079,1272,"exact"
2004,"mercer",-7.3624,245,102.532,109.894,67.5617,1273,"exact"
2004,"miami fl",4.20266,115,106.867,102.665,65.5082,1274,"exact"
2004,"miami oh",3.79743,120,104.16,100.363,58.9805,1275,"exact"
2004,"michigan",11.3416,56,106.279,94.9372,66.6911,1276,"exact"
2004,"michigan st.",14.9366,39,116.84,101.904,64.2907,1277,"exact"
2004,"minnesota",1.5412,137,104.431,102.89,67.642,1278,"exact"
2004,"mississippi",3.47961,124,102.569,99.089,63.1819,1279,"exact"
2004,"mississippi st.",22.6715,14,114.667,91.9956,67.9987,1280,"exact"
2004,"missouri",11.8502,52,112.59,100.74,66.0689,1281,"exact"
2004,"umkc",0.749041,148,105.26,104.511,66.067,1282,"exact"
2004,"southwest missouri st.",6.64523,92,105.191,98.5461,63.4879,1283,"manual"
2004,"monmouth",-3.56253,189,98.0355,101.598,66.2199,1284,"exact"
2004,"montana",-7.02136,238,98.6797,105.701,67.6399,1285,"exact"
2004,"montana st.",-5.44848,221,96.7443,102.193,66.3433,1286,"exact"
2004,"morehead st.",-4.26112,199,106.792,111.053,66.9213,1287,"exact"
2004,"morgan st.",-15.1551,297,95.797,110.952,68.5481,1288,"exact"
2004,"mississippi valley st.",-1.11983,169,98.9998,100.12,64.0834,1290,"manual"
2004,"mount st. mary's",-11.5176,272,96.2574,107.775,64.8863,1291,"exact"
2004,"middle tennessee",2.01301,133,103.04,101.027,65.5934,1292,"exact"
2004,"murray st.",11.6398,54,110.548,98.9077,69.3823,1293,"exact"
2004,"northern illinois",-5.60516,222,100.289,105.894,64.8366,1296,"exact"
2004,"navy",-26.8927,323,81.5669,108.46,66.4142,1298,"exact"
2004,"north carolina a&t",-27.0074,324,76.1602,103.168,73.432,1299,"exact"
2004,"nc state",24.3286,10,118.121,93.7927,62.8842,1301,"exact"
2004,"nebraska",13.9471,46,112.183,98.2363,61.5105,1304,"exact"
2004,"nevada",18.8308,22,111.833,93.0023,68.5767,1305,"exact"
2004,"new hampshire",-13.8359,293,93.132,106.968,64.4198,1306,"exact"
2004,"new mexico",4.52278,113,110.031,105.509,61.8953,1307,"exact"
2004,"new mexico st.",-4.07097,196,97.9693,102.04,64.0075,1308,"exact"
2004,"new orleans",-0.937696,165,102.244,103.182,65.102,1309,"exact"
2004,"niagara",4.77914,109,111.1,106.321,69.8853,1310,"exact"
2004,"nicholls st.",-23.9173,317,89.7013,113.619,66.281,1311,"exact"
2004,"norfolk st.",-16.4018,302,91.6957,108.098,63.4883,1313,"exact"
2004,"north carolina",23.0232,13,116.966,93.943,71.131,1314,"exact"
2004,"north texas",-4.98197,214,100.638,105.62,69.271,1317,"exact"
2004,"northeastern",-4.10205,197,102.644,106.746,73.254,1318,"exact"
2004,"northern arizona",-3.07278,185,101.757,104.83,69.7764,1319,"exact"
2004,"northern iowa",8.4316,84,106.972,98.5408,65.2729,1320,"exact"
2004,"northwestern",4.84485,108,105.814,100.969,59.6116,1321,"exact"
2004,"northwestern st.",-9.58421,259,95.2437,104.828,72.7809,1322,"exact"
2004,"notre dame",12.3928,49,112.655,100.262,64.8325,1323,"exact"
2004,"oakland",-1.0658,168,103.783,104.849,69.2568,1324,"exact"
2004,"ohio",-3.06681,184,100.807,103.874,64.6024,1325,"exact"
2004,"ohio st.",-0.0117253,156,107.134,107.145,63.1336,1326,"exact"
2004,"oklahoma",10.7342,64,103.913,93.1792,63.7432,1328,"exact"
2004,"oklahoma st.",24.7896,7,117.359,92.5691,65.9003,1329,"exact"
2004,"old dominion",5.57829,101,104.068,98.4902,69.3775,1330,"exact"
2004,"oral roberts",1.29844,143,108.918,107.62,68.4001,1331,"exact"
2004,"oregon",9.41757,74,111.82,102.403,68.702,1332,"exact"
2004,"oregon st.",0.847862,147,102.38,101.533,67.8763,1333,"exact"
2004,"pacific",8.74172,80,108.144,99.4025,63.9397,1334,"exact"
2004,"penn",9.74418,73,108.539,98.7952,63.9131,1335,"exact"
2004,"penn st.",-7.12743,239,96.3156,103.443,63.0878,1336,"exact"
2004,"pepperdine",3.15291,127,113.292,110.139,69.6139,1337,"exact"
2004,"pittsburgh",26.1303,4,115.248,89.1178,59.5043,1338,"exact"
2004,"portland",-0.329148,161,104.532,104.861,66.2205,1339,"exact"
2004,"portland st.",-4.65617,209,96.2603,100.916,65.5929,1340,"exact"
2004,"prairie view a&m",-24.6588,320,88.7002,113.359,66.7428,1341,"exact"
2004,"princeton",5.49455,102,106.042,100.548,56.7748,1343,"exact"
2004,"providence",18.6645,23,112.317,93.6525,65.2472,1344,"exact"
2004,"purdue",11.1933,58,104.185,92.9921,62.8526,1345,"exact"
2004,"quinnipiac",-15.4993,300,97.8116,113.311,70.1502,1346,"exact"
2004,"radford",-13.046,288,95.5533,108.599,66.221,1347,"exact"
2004,"rhode island",7.59794,89,103.81,96.2118,64.33,1348,"exact"
2004,"rice",10.6212,66,109.226,98.605,68.4843,1349,"exact"
2004,"richmond",15.0585,38,104.896,89.8371,62.8739,1350,"exact"
2004,"rider",-6.52855,231,99.333,105.862,64.1638,1351,"exact"
2004,"robert morris",-11.3993,270,100.987,112.386,63.1446,1352,"exact"
2004,"rutgers",9.07519,77,104.682,95.6071,66.2091,1353,"exact"
2004,"south carolina st.",-5.65376,223,100.344,105.998,65.801,1354,"exact"
2004,"southern illinois",14.3539,45,108.685,94.3307,65.7203,1356,"exact"
2004,"sacred heart",-12.3673,282,97.471,109.838,72.243,1357,"exact"
2004,"sam houston st.",-11.5194,273,96.9491,108.469,70.9232,1358,"exact"
2004,"samford",-9.30799,255,98.4126,107.721,59.0464,1359,"exact"
2004,"san diego",-12.1213,279,99.6493,111.771,70.2544,1360,"exact"
2004,"san diego st.",4.77217,110,104.755,99.9828,67.203,1361,"exact"
2004,"san francisco",-1.29388,172,99.7956,101.089,65.4185,1362,"exact"
2004,"san jose st.",-7.20263,244,98.6931,105.896,61.3293,1363,"exact"
2004,"uc santa barbara",3.72753,122,101.667,97.9395,63.4679,1364,"exact"
2004,"santa clara",0.161605,153,101.509,101.348,61.7873,1365,"exact"
2004,"savannah st.",-23.7577,315,84.7866,108.544,71.1914,1366,"exact"
2004,"southeastern louisiana",-3.89843,193,100.931,104.829,66.4917,1368,"exact"
2004,"southeast missouri st.",-5.38933,219,107.067,112.456,63.8499,1369,"manual"
2004,"seton hall",17.629,27,111.199,93.5699,66.1769,1371,"exact"
2004,"stephen f. austin",1.47013,139,99.1463,97.6762,63.6961,1372,"exact"
2004,"siena",-5.43175,220,100,105.432,67.4699,1373,"exact"
2004,"smu",1.55252,136,104.682,103.13,62.8054,1374,"exact"
2004,"south alabama",-3.17552,186,102.739,105.914,63.3102,1375,"exact"
2004,"south carolina",16.596,30,110.845,94.2486,66.1339,1376,"exact"
2004,"south florida",-4.91892,213,99.3889,104.308,63.8918,1378,"exact"
2004,"southern miss",-1.33758,174,100.306,101.643,64.4191,1379,"exact"
2004,"southern",-13.4795,290,96.1117,109.591,68.3772,1380,"exact"
2004,"southern utah",-9.71085,260,100.264,109.975,62.783,1381,"exact"
2004,"st. bonaventure",-9.28675,254,100.249,109.535,69.4538,1382,"exact"
2004,"st. francis ny",-7.18234,241,97.5265,104.709,68.8963,1383,"manual"
2004,"st. john's",-4.81464,211,98.097,102.912,65.3351,1385,"exact"
2004,"saint joseph's",27.8057,2,118.522,90.716,66.7822,1386,"exact"
2004,"saint louis",8.93797,79,102.275,93.3367,61.5383,1387,"exact"
2004,"saint mary's",11.3365,57,110.253,98.9165,66.5902,1388,"exact"
2004,"saint peter's",-0.932732,164,107.428,108.36,68.1246,1389,"exact"
2004,"stanford",23.0568,12,112.228,89.1711,64.4998,1390,"exact"
2004,"stetson",-11.6305,274,95.1976,106.828,65.4444,1391,"exact"
2004,"stony brook",-14.3976,296,95.1059,109.504,64.2978,1392,"exact"
2004,"syracuse",15.6907,36,111.069,95.3779,66.2186,1393,"exact"
2004,"texas a&m corpus chris",-5.13477,217,101.875,107.01,67.868,1394,"manual"
2004,"tcu",0.230992,152,102.428,102.197,66.3699,1395,"exact"
2004,"temple",6.83116,91,108.373,101.541,60.4371,1396,"exact"
2004,"tennessee",7.89502,88,108.839,100.944,66.7057,1397,"exact"
2004,"tennessee st.",-10.0463,262,103.211,113.257,66.5693,1398,"exact"
2004,"tennessee tech",-6.48403,230,103.935,110.419,67.9992,1399,"exact"
2004,"texas",20.3341,17,113.481,93.1471,65.1866,1400,"exact"
2004,"texas a&m",-4.31545,201,104.807,109.122,67.1056,1401,"exact"
2004,"texas st.",-9.43326,257,101.22,110.653,63.3553,1402,"exact"
2004,"texas tech",16.0926,34,110.153,94.0599,67.144,1403,"exact"
2004,"tennessee martin",-8.60105,251,99.24,107.841,69.1596,1404,"manual"
2004,"toledo",5.1777,104,108.757,103.579,69.8624,1405,"exact"
2004,"towson",-12.1528,281,94.2902,106.443,64.5854,1406,"exact"
2004,"troy st.",8.02236,86,113.387,105.364,68.0826,1407,"exact"
2004,"tulane",-5.82211,225,97.6307,103.453,67.1115,1408,"exact"
2004,"tulsa",0.105145,155,101.729,101.623,67.3568,1409,"exact"
2004,"texas pan american",-8.20564,250,94.7784,102.984,68.293,1410,"manual"
2004,"texas southern",-15.3969,298,87.4435,102.84,69.5066,1411,"exact"
2004,"uab",14.4594,44,106.371,91.9116,70.7046,1412,"exact"
2004,"uc irvine",-4.373,204,101.14,105.513,61.8833,1414,"exact"
2004,"uc riverside",-3.723,191,101.656,105.379,65.1164,1415,"exact"
2004,"ucf",5.82918,98,103.633,97.8035,62.721,1416,"exact"
2004,"ucla",1.38067,141,102.25,100.87,63.4999,1417,"exact"
2004,"louisiana lafayette",10.4304,68,109.42,98.9893,69.6882,1418,"manual"
2004,"umbc",-12.6634,285,93.7291,106.393,63.3356,1420,"exact"
2004,"unc asheville",-17.2265,305,92.9555,110.182,65.4036,1421,"exact"
2004,"unc greensboro",-6.71311,234,101.679,108.392,67.3086,1422,"exact"
2004,"unc wilmington",3.73198,121,98.2089,94.4769,60.1105,1423,"exact"
2004,"unlv",9.98586,70,110.351,100.365,69.1613,1424,"exact"
2004,"usc",2.66533,130,104.277,101.612,70.611,1425,"exact"
2004,"ut arlington",-4.59051,208,103.488,108.078,65.722,1426,"exact"
2004,"utsa",-7.53956,248,98.0201,105.56,68.8797,1427,"exact"
2004,"utah",14.839,40,110.026,95.1873,59.267,1428,"exact"
2004,"utah st.",15.2032,37,115.84,100.636,58.063,1429,"exact"
2004,"utep",14.5091,43,111.176,96.667,68.6573,1431,"exact"
2004,"vcu",8.73412,81,104.824,96.0897,64.642,1433,"exact"
2004,"valparaiso",0.881225,146,100.308,99.4266,69.4589,1434,"exact"
2004,"vanderbilt",18.9602,21,112.729,93.7684,65.74,1435,"exact"
2004,"vermont",-1.29931,173,100.742,102.041,64.3586,1436,"exact"
2004,"villanova",11.8881,50,110.268,98.3796,65.334,1437,"exact"
2004,"virginia",9.91389,71,109.412,99.4978,68.8402,1438,"exact"
2004,"virginia tech",2.67382,129,101.221,98.5473,66.6382,1439,"exact"
2004,"vmi",-24.666,321,82.8124,107.478,64.421,1440,"exact"
2004,"western carolina",-6.98911,237,97.5289,104.518,68.2344,1441,"exact"
2004,"western illinois",-17.1207,304,95.3241,112.445,67.6581,1442,"exact"
2004,"western kentucky",4.0527,117,110.839,106.786,66.5311,1443,"exact"
2004,"western michigan",17.4602,28,114.773,97.3126,65.955,1444,"exact"
2004,"wagner",-11.7886,275,95.2664,107.055,66.1731,1447,"exact"
2004,"wake forest",22.3686,15,120.827,98.4588,70.5763,1448,"exact"
2004,"washington",11.1048,59,111.976,100.871,73.6356,1449,"exact"
2004,"washington st.",3.35734,126,100.58,97.2225,56.7658,1450,"exact"
2004,"weber st.",-0.908412,163,105.527,106.435,62.0455,1451,"exact"
2004,"west virginia",5.09749,105,105.308,100.21,62.2442,1452,"exact"
2004,"green bay",-0.199307,159,101.134,101.333,63.4494,1453,"exact"
2004,"milwaukee",9.14577,75,111.45,102.304,70.6859,1454,"exact"
2004,"wichita st.",11.8874,51,109.211,97.3239,66.2193,1455,"exact"
2004,"william & mary",-6.66115,233,104.812,111.473,68.0578,1456,"exact"
2004,"winthrop",-6.28999,227,99.4368,105.727,63.1718,1457,"exact"
2004,"wisconsin",24.6539,8,114.662,90.0084,60.4638,1458,"exact"
2004,"wofford",-13.1813,289,98.1244,111.306,71.0386,1459,"exact"
2004,"wright st.",-1.16184,170,103.685,104.847,63.4202,1460,"exact"
2004,"wyoming",4.67053,112,104.484,99.8136,68.2696,1461,"exact"
2004,"xavier",17.837,26,110.761,92.9239,64.1432,1462,"exact"
2004,"yale",-4.0097,195,99.315,103.325,63.1637,1463,"exact"
2004,"youngstown st.",-8.16652,249,97.1036,105.27,67.6942,1464,"exact"
2005,"air force",13.4169,44,112.101,98.6841,54.4186,1102,"exact"
2005,"akron",10.0417,74,105.751,95.7094,66.265,1103,"exact"
2005,"alabama",21.4752,15,118.554,97.0791,62.9331,1104,"exact"
2005,"alabama a&m",-12.2885,275,90.3956,102.684,72.9272,1105,"exact"
2005,"alabama st.",-15.6536,301,87.084,102.738,61.9001,1106,"exact"
2005,"albany",0.598327,152,103.621,103.023,65.1529,1107,"exact"
2005,"alcorn st.",-26.9802,327,78.9786,105.959,68.9452,1108,"exact"
2005,"american",-2.07774,184,101.646,103.724,64.0338,1110,"exact"
2005,"appalachian st.",-2.30283,187,101.646,103.949,67.2077,1111,"exact"
2005,"arizona",20.6464,17,115.596,94.9498,68.981,1112,"exact"
2005,"arizona st.",11.0335,65,111.208,100.174,68.5172,1113,"exact"
2005,"arkansas little rock",1.58886,146,102.54,100.951,63.4505,1114,"manual"
2005,"arkansas pine bluff",-22.8656,322,83.8495,106.715,66.6806,1115,"manual"
2005,"arkansas",12.109,53,106.25,94.1413,65.493,1116,"exact"
2005,"arkansas st.",0.192575,161,105.7,105.508,68.5268,1117,"exact"
2005,"army",-26.453,325,88.5435,114.997,61.5036,1119,"exact"
2005,"auburn",1.646,145,106.793,105.147,67.6813,1120,"exact"
2005,"austin peay",-2.22043,186,99.6018,101.822,64.5555,1122,"exact"
2005,"ball st.",6.53896,99,108.884,102.345,65.8253,1123,"exact"
2005,"baylor",-7.12615,229,103.604,110.73,63.9309,1124,"exact"
2005,"belmont",-6.4041,223,98.4785,104.883,65.976,1125,"exact"
2005,"bethune cookman",-18.4283,314,90.6246,109.053,67.2325,1126,"fuzzy"
2005,"binghamton",-2.3234,189,98.4576,100.781,63.4557,1127,"exact"
2005,"birmingham southern",-6.01684,220,103.339,109.356,59.8102,1128,"exact"
2005,"boise st.",-5.36183,214,104.309,109.671,69.2141,1129,"exact"
2005,"boston college",18.0519,26,113.859,95.8068,64.2996,1130,"exact"
2005,"boston university",8.41456,85,102.156,93.7409,61.8541,1131,"exact"
2005,"bowling green",3.16728,133,107.501,104.334,65.1137,1132,"exact"
2005,"bradley",3.66188,128,102.299,98.6369,70.5843,1133,"exact"
2005,"brown",-7.65212,236,99.1081,106.76,67.8613,1135,"exact"
2005,"bucknell",5.8484,102,101.077,95.2281,63.3119,1137,"exact"
2005,"buffalo",9.87665,76,107.738,97.8614,68.7707,1138,"exact"
2005,"butler",1.37751,148,109.446,108.068,58.206,1139,"exact"
2005,"byu",0.46644,157,101.192,100.726,65.5561,1140,"exact"
2005,"central michigan",-7.77649,239,97.6619,105.438,69.0051,1141,"exact"
2005,"cal poly",-17.9046,311,96.6872,114.592,71.3217,1142,"exact"
2005,"california",1.95353,141,102.108,100.155,66.3084,1143,"exact"
2005,"campbell",-23.7186,323,87.7447,111.463,67.5239,1144,"exact"
2005,"canisius",-9.64659,259,99.6437,109.29,66.7204,1145,"exact"
2005,"centenary",-19.7692,318,93.4963,113.266,66.0845,1147,"exact"
2005,"central connecticut",-8.06563,241,102.23,110.296,63.7258,1148,"exact"
2005,"charleston southern",-13.5671,287,90.2669,103.834,61.4714,1149,"exact"
2005,"charlotte",12.2743,50,112.371,100.097,70.3386,1150,"exact"
2005,"chattanooga",-0.470586,170,99.1811,99.6517,67.6872,1151,"exact"
2005,"chicago st.",-7.93207,240,97.1578,105.09,65.5618,1152,"exact"
2005,"cincinnati",20.1864,21,112.199,92.0126,68.4596,1153,"exact"
2005,"the citadel",-16.4141,305,90.2958,106.71,68.4376,1154,"exact"
2005,"clemson",12.1326,52,105.492,93.3597,69.5357,1155,"exact"
2005,"cleveland st.",-4.61431,206,100.384,104.999,68.289,1156,"exact"
2005,"coastal carolina",-12.0349,273,99.2802,111.315,67.7618,1157,"exact"
2005,"college of charleston",-0.310384,169,100.757,101.068,67.5395,1158,"exact"
2005,"colgate",-8.75437,250,99.834,108.588,64.3321,1159,"exact"
2005,"colorado",5.04289,110,107.531,102.488,69.5389,1160,"exact"
2005,"colorado st.",1.52555,147,103.326,101.801,66.7743,1161,"exact"
2005,"columbia",-8.80881,251,95.4047,104.213,66.2262,1162,"exact"
2005,"connecticut",22.7543,13,112.503,89.7487,70.6715,1163,"exact"
2005,"coppin st.",-8.71048,249,92.7392,101.45,64.1592,1164,"exact"
2005,"cornell",-6.7937,226,101.757,108.551,62.3935,1165,"exact"
2005,"creighton",14.4361,39,114.766,100.33,63.1919,1166,"exact"
2005,"cal st. fullerton",3.54804,129,106.182,102.634,70.4697,1168,"exact"
2005,"cal st. northridge",6.57257,98,103.277,96.7048,68.5923,1169,"exact"
2005,"sacramento st.",-12.4989,278,95.4156,107.914,70.3856,1170,"exact"
2005,"dartmouth",-12.542,280,94.4812,107.023,61.0273,1171,"exact"
2005,"davidson",1.86504,143,107.121,105.256,64.8567,1172,"exact"
2005,"dayton",4.65022,115,102.115,97.4649,63.0889,1173,"exact"
2005,"delaware",-6.1973,221,95.1629,101.36,68.2739,1174,"exact"
2005,"delaware st.",-5.33826,213,102.377,107.716,59.5674,1175,"exact"
2005,"denver",7.90601,87,106.94,99.0339,67.0694,1176,"exact"
2005,"depaul",11.1769,64,110.966,99.7892,62.3549,1177,"exact"
2005,"detroit",3.23105,131,102.94,99.7088,59.7418,1178,"exact"
2005,"drake",2.45875,137,105.282,102.823,67.1098,1179,"exact"
2005,"drexel",5.65796,103,106.106,100.448,65.0493,1180,"exact"
2005,"duke",28.6957,3,117.435,88.7397,68.6081,1181,"exact"
2005,"duquesne",-9.37793,256,102.807,112.185,66.3048,1182,"exact"
2005,"eastern illinois",-7.18406,230,101.559,108.743,66.225,1183,"exact"
2005,"eastern kentucky",1.35916,149,102.465,101.106,66.0513,1184,"exact"
2005,"eastern michigan",-2.64064,191,103.681,106.322,70.198,1185,"exact"
2005,"eastern washington",-9.93468,262,92.4497,102.384,63.3857,1186,"exact"
2005,"east carolina",-3.10176,196,97.1436,100.245,66.4351,1187,"exact"
2005,"elon",-13.1649,285,91.5883,104.753,62.8125,1189,"exact"
2005,"east tennessee st.",-9.80425,261,101.61,111.414,72.4397,1190,"exact"
2005,"evansville",0.488151,156,107.3,106.812,66.7237,1191,"exact"
2005,"fairleigh dickinson",-3.07905,195,102.717,105.796,68.6839,1192,"exact"
2005,"fairfield",-0.786048,173,102.188,102.974,63.2589,1193,"exact"
2005,"florida atlantic",-8.38717,244,100.159,108.546,72.9527,1194,"exact"
2005,"florida",24.8756,7,117.796,92.9202,64.8327,1196,"exact"
2005,"florida a&m",-15.8426,302,95.9197,111.762,67.804,1197,"exact"
2005,"fiu",-3.7625,201,98.1989,101.961,66.6922,1198,"exact"
2005,"florida st.",6.50719,101,105.095,98.5876,65.5429,1199,"exact"
2005,"fordham",-2.31814,188,97.218,99.5361,65.7911,1200,"exact"
2005,"fresno st.",0.0293666,164,101.517,101.487,69.0779,1201,"exact"
2005,"furman",-3.57991,200,101.281,104.861,63.2032,1202,"exact"
2005,"george washington",14.7044,36,110.008,95.3032,70.7679,1203,"exact"
2005,"georgia southern",-1.06622,177,100.486,101.552,75.3717,1204,"exact"
2005,"gardner webb",-5.38996,215,97.6363,103.026,67.9004,1205,"exact"
2005,"george mason",2.25917,139,108.387,106.128,66.0154,1206,"exact"
2005,"georgetown",10.5541,70,111.936,101.382,58.8371,1207,"exact"
2005,"georgia",-4.59551,205,94.3819,98.9774,64.3119,1208,"exact"
2005,"georgia st.",-7.69715,237,101.919,109.616,65.0343,1209,"exact"
2005,"georgia tech",20.3479,18,109.089,88.7409,69.1369,1210,"exact"
2005,"gonzaga",18.4368,25,120.006,101.569,67.1057,1211,"exact"
2005,"grambling st.",-15.3161,300,93.627,108.943,68.3428,1212,"exact"
2005,"hampton",-7.20124,233,94.4542,101.655,66.3062,1214,"exact"
2005,"hartford",-17.1969,309,92.2227,109.42,65.0736,1216,"exact"
2005,"harvard",-5.4722,217,97.5145,102.987,69.1109,1217,"exact"
2005,"hawaii",3.69721,127,105.265,101.568,64.8485,1218,"exact"
2005,"high point",-6.53274,225,97.1992,103.732,72.4733,1219,"exact"
2005,"hofstra",6.51538,100,107.978,101.463,67.1133,1220,"exact"
2005,"holy cross",10.5312,71,103.562,93.0312,63.2439,1221,"exact"
2005,"houston",7.01463,94,105.748,98.733,66.6177,1222,"exact"
2005,"howard",-25.5167,324,89.0202,114.537,68.7906,1224,"exact"
2005,"idaho",-8.54455,245,95.9241,104.469,63.6369,1225,"exact"
2005,"idaho st.",-17.0671,308,90.4871,107.554,65.8961,1226,"exact"
2005,"illinois chicago",2.79324,135,107.502,104.709,65.9365,1227,"manual"
2005,"illinois",33.3107,1,122.18,88.8696,64.8528,1228,"exact"
2005,"illinois st.",4.09135,122,105.86,101.768,63.7605,1229,"exact"
2005,"indiana",11.7692,57,109.834,98.0653,61.7055,1231,"exact"
2005,"indiana st.",0.238914,158,97.3211,97.0822,63.5385,1232,"exact"
2005,"iona",-2.03498,182,100.353,102.387,67.9882,1233,"exact"
2005,"iowa",17.8671,28,112.204,94.3365,68.2558,1234,"exact"
2005,"iowa st.",13.0077,46,103.174,90.1667,66.7132,1235,"exact"
2005,"ipfw",-13.9896,291,94.5499,108.539,65.6479,1236,"exact"
2005,"iupui",2.33784,138,109.575,107.238,63.0131,1237,"exact"
2005,"jackson st.",-15.1732,299,89.5129,104.686,69.7257,1238,"exact"
2005,"jacksonville",-13.8878,290,92.6709,106.559,71.1855,1239,"exact"
2005,"jacksonville st.",-13.6467,288,99.719,113.366,66.5987,1240,"exact"
2005,"james madison",-18.1252,312,92.3056,110.431,64.7846,1241,"exact"
2005,"kansas",23.935,10,116.112,92.1767,66.4302,1242,"exact"
2005,"kansas st.",10.5563,69,110.102,99.5457,63.4817,1243,"exact"
2005,"kent st.",8.80018,84,107,98.2001,65.0398,1245,"exact"
2005,"kentucky",23.9456,9,112.199,88.253,67.1865,1246,"exact"
2005,"la salle",-5.54145,218,99.0645,104.606,63.5526,1247,"exact"
2005,"lafayette",-12.3617,276,95.2171,107.579,71.2372,1248,"exact"
2005,"lamar",-0.626732,172,102.529,103.155,73.9129,1249,"exact"
2005,"lehigh",-5.30413,212,94.892,100.196,64.2301,1250,"exact"
2005,"liberty",-11.4527,272,97.1854,108.638,68.6992,1251,"exact"
2005,"lipscomb",-12.5564,281,95.2829,107.839,64.1287,1252,"exact"
2005,"long beach st.",-7.54095,235,94.0597,101.601,64.1592,1253,"exact"
2005,"liu brooklyn",-12.197,274,93.959,106.156,68.7028,1254,"exact"
2005,"longwood",-27.8469,328,84.2106,112.057,71.0629,1255,"exact"
2005,"louisiana tech",1.11603,150,102.465,101.349,67.3716,1256,"exact"
2005,"louisville",24.7011,8,116.489,91.7883,67.4861,1257,"exact"
2005,"loyola marymount",0.853642,151,98.8999,98.0462,67.7921,1258,"exact"
2005,"loyola md",-16.8783,306,90.4982,107.377,69.8046,1259,"exact"
2005,"loyola chicago",-0.594748,171,100.26,100.855,67.4264,1260,"exact"
2005,"lsu",14.5794,37,114.892,100.313,66.3426,1261,"exact"
2005,"maine",-5.296,211,93.8304,99.1264,67.182,1263,"exact"
2005,"manhattan",0.521645,154,103.828,103.307,65.932,1264,"exact"
2005,"marist",-7.19657,232,101.302,108.498,66.2544,1265,"exact"
2005,"marquette",7.3626,92,111.26,103.898,61.3658,1266,"exact"
2005,"marshall",-3.89202,202,103.756,107.648,65.4171,1267,"exact"
2005,"maryland",14.8544,35,110.66,95.8054,73.886,1268,"exact"
2005,"massachusetts",-1.64683,180,98.8462,100.493,63.637,1269,"exact"
2005,"mcneese st.",-6.83163,228,97.4924,104.324,74.094,1270,"exact"
2005,"maryland eastern shore",-37.9898,330,78.8027,116.792,70.2092,1271,"exact"
2005,"memphis",11.0291,66,106.743,95.7136,66.5775,1272,"exact"
2005,"mercer",-8.56706,246,101.851,110.418,71.2962,1273,"exact"
2005,"miami fl",10.9024,67,110.99,100.088,64.5846,1274,"exact"
2005,"miami oh",11.5489,60,105.907,94.3582,60.9786,1275,"exact"
2005,"michigan",3.92793,125,103.58,99.6518,62.3054,1276,"exact"
2005,"michigan st.",25.6192,6,119.608,93.9891,65.7071,1277,"exact"
2005,"minnesota",15.0549,34,104.448,89.3931,67.5591,1278,"exact"
2005,"mississippi",5.09911,109,102.848,97.7486,63.456,1279,"exact"
2005,"mississippi st.",14.4497,38,108.143,93.6936,68.5911,1280,"exact"
2005,"missouri",7.02281,93,103.896,96.8734,64.1451,1281,"exact"
2005,"umkc",-1.66506,181,106.037,107.702,66.9923,1282,"exact"
2005,"southwest missouri st.",11.8219,56,107.776,95.9538,68.2758,1283,"manual"
2005,"monmouth",-5.55951,219,97.9616,103.521,62.3052,1284,"exact"
2005,"montana",-3.00797,193,99.6469,102.655,68.1769,1285,"exact"
2005,"montana st.",-7.70457,238,95.3055,103.01,67.9952,1286,"exact"
2005,"morehead st.",-14.4525,296,95.5992,110.052,64.9288,1287,"exact"
2005,"morgan st.",-14.4082,294,91.8997,106.308,67.7829,1288,"exact"
2005,"mississippi valley st.",-9.40983,257,97.7468,107.157,65.4438,1290,"manual"
2005,"mount st. mary's",-17.5868,310,94.5661,112.153,64.9225,1291,"exact"
2005,"middle tennessee",4.4412,120,104.624,100.183,65.2293,1292,"exact"
2005,"murray st.",4.53537,117,108.459,103.924,63.55,1293,"exact"
2005,"northern colorado",-16.921,307,95.9428,112.864,67.194,1294,"exact"
2005,"northern illinois",2.77722,136,108.181,105.404,62.6142,1296,"exact"
2005,"navy",-13.119,284,94.6124,107.731,73.4609,1298,"exact"
2005,"north carolina a&t",-20.539,320,82.9418,103.481,73.2352,1299,"exact"
2005,"nc state",19.009,23,116.383,97.3737,62.7547,1301,"exact"
2005,"nebraska",9.55907,79,105.315,95.7564,65.0665,1304,"exact"
2005,"nevada",11.6337,59,104.061,92.4275,65.796,1305,"exact"
2005,"new hampshire",-10.1095,263,97.9084,108.018,66.499,1306,"exact"
2005,"new mexico",15.6566,32,114.069,98.4124,65.5042,1307,"exact"
2005,"new mexico st.",-11.4004,271,96.9163,108.317,68.0074,1308,"exact"
2005,"new orleans",-2.04025,183,102.973,105.013,64.333,1309,"exact"
2005,"niagara",5.48207,105,115.968,110.486,69.6709,1310,"exact"
2005,"nicholls st.",-18.608,317,95.5909,114.199,70.8806,1311,"exact"
2005,"norfolk st.",-11.3752,270,91.4151,102.79,63.8563,1313,"exact"
2005,"north carolina",32.0028,2,121.055,89.0521,73.6909,1314,"exact"
2005,"north texas",-4.85241,207,100.794,105.646,71.1164,1317,"exact"
2005,"northeastern",5.14884,108,106.027,100.878,71.4165,1318,"exact"
2005,"northern arizona",-7.18425,231,102.189,109.374,71.7854,1319,"exact"
2005,"northern iowa",13.3809,45,112.535,99.1544,64.7766,1320,"exact"
2005,"northwestern",4.08498,123,101.87,97.7848,60.6659,1321,"exact"
2005,"northwestern st.",-0.276508,168,103.7,103.977,67.9323,1322,"exact"
2005,"notre dame",12.0075,54,109.508,97.5003,64.046,1323,"exact"
2005,"oakland",-0.980674,175,107.721,108.701,65.4975,1324,"exact"
2005,"ohio",8.03021,86,109.952,101.921,65.7035,1325,"exact"
2005,"ohio st.",16.031,30,109.709,93.6777,65.5455,1326,"exact"
2005,"oklahoma",23.6343,12,115.786,92.1522,64.7668,1328,"exact"
2005,"oklahoma st.",25.7432,5,120.257,94.5142,66.4584,1329,"exact"
2005,"old dominion",10.002,75,104.244,94.2423,65.9978,1330,"exact"
2005,"oral roberts",10.1214,73,107.432,97.3105,69.5419,1331,"exact"
2005,"oregon",7.00506,95,107.136,100.131,66.317,1332,"exact"
2005,"oregon st.",4.53184,118,107.157,102.625,68.4136,1333,"exact"
2005,"pacific",14.1981,40,113.489,99.2906,63.6235,1334,"exact"
2005,"penn",10.2052,72,102.365,92.16,67.7962,1335,"exact"
2005,"penn st.",-5.28703,210,101.151,106.438,65.9908,1336,"exact"
2005,"pepperdine",3.34881,130,107.898,104.549,69.1202,1337,"exact"
2005,"pittsburgh",18.8718,24,114.695,95.8229,63.8867,1338,"exact"
2005,"portland",1.83636,144,104.989,103.153,65.3894,1339,"exact"
2005,"portland st.",-5.22278,209,99.1575,104.38,68.8863,1340,"exact"
2005,"prairie view a&m",-26.6107,326,80.7293,107.34,67.9749,1341,"exact"
2005,"princeton",2.05812,140,105.07,103.012,53.0546,1343,"exact"
2005,"providence",11.1833,63,110.905,99.7217,68.923,1344,"exact"
2005,"purdue",4.15447,121,105.94,101.785,63.4447,1345,"exact"
2005,"quinnipiac",-14.4268,295,100.007,114.434,69.9482,1346,"exact"
2005,"radford",-14.0158,292,98.0295,112.045,65.7159,1347,"exact"
2005,"rhode island",-8.99332,253,95.4193,104.413,62.0498,1348,"exact"
2005,"rice",7.76366,89,106.72,98.9562,66.6174,1349,"exact"
2005,"richmond",0.204421,160,103.944,103.74,65.9899,1350,"exact"
2005,"rider",0.0546384,163,107.195,107.14,66.2881,1351,"exact"
2005,"robert morris",-9.76786,260,103.029,112.797,65.452,1352,"exact"
2005,"rutgers",1.93767,142,106.365,104.427,64.0574,1353,"exact"
2005,"south carolina st.",-3.10188,197,98.624,101.726,65.0043,1354,"exact"
2005,"southern illinois",16.5489,29,108.872,92.3233,63.1371,1356,"exact"
2005,"sacred heart",-18.5427,315,90.2359,108.779,68.8653,1357,"exact"
2005,"sam houston st.",0.0677383,162,97.3766,97.3088,71.4089,1358,"exact"
2005,"samford",-2.64052,190,109.738,112.379,56.0693,1359,"exact"
2005,"san diego",4.5077,119,107.669,103.162,70.5857,1360,"exact"
2005,"san diego st.",0.517666,155,105.707,105.19,66.4877,1361,"exact"
2005,"san francisco",5.02159,111,101.135,96.1137,66.0636,1362,"exact"
2005,"san jose st.",-12.5264,279,94.8169,107.343,64.5271,1363,"exact"
2005,"uc santa barbara",-5.21761,208,96.373,101.591,60.9181,1364,"exact"
2005,"santa clara",3.98075,124,106.569,102.588,68.8735,1365,"exact"
2005,"savannah st.",-37.3952,329,78.484,115.879,70.6548,1366,"exact"
2005,"southeastern louisiana",3.15302,134,97.2565,94.1034,60.1166,1368,"exact"
2005,"southeast missouri st.",-0.0386606,165,103.44,103.478,64.6326,1369,"manual"
2005,"seton hall",4.58632,116,100.064,95.4777,64.3729,1371,"exact"
2005,"stephen f. austin",-10.392,268,97.8864,108.278,59.3318,1372,"exact"
2005,"siena",-13.189,286,92.7868,105.976,66.1602,1373,"exact"
2005,"smu",3.71734,126,104.864,101.146,63.8293,1374,"exact"
2005,"south alabama",-6.3283,222,95.9265,102.255,63.4881,1375,"exact"
2005,"south carolina",12.2274,51,109.847,97.62,63.825,1376,"exact"
2005,"south florida",3.1802,132,103.175,99.9951,66.6532,1378,"exact"
2005,"southern miss",-7.21594,234,102.67,109.886,64.9132,1379,"exact"
2005,"southern",-16.2258,304,90.7252,106.951,67.9688,1380,"exact"
2005,"southern utah",-10.3661,267,101.27,111.636,65.8359,1381,"exact"
2005,"st. bonaventure",-21.3039,321,92.5892,113.893,68.0094,1382,"exact"
2005,"st. francis ny",-8.35487,242,96.6135,104.968,69.8138,1383,"manual"
2005,"st. john's",5.29905,106,101.224,95.9246,66.455,1385,"exact"
2005,"saint joseph's",11.3202,62,106.56,95.2398,62.5338,1386,"exact"
2005,"saint louis",-0.132661,167,94.5904,94.723,59.8499,1387,"exact"
2005,"saint mary's",9.81777,77,107.381,97.5636,64.742,1388,"exact"
2005,"saint peter's",-1.42874,179,104.114,105.542,72.8364,1389,"exact"
2005,"stanford",11.907,55,106.525,94.6177,67.2084,1390,"exact"
2005,"stetson",-13.0605,282,96.2285,109.289,66.0856,1391,"exact"
2005,"stony brook",-8.60578,247,95.8994,104.505,64.744,1392,"exact"
2005,"syracuse",21.3833,16,116.816,95.4331,66.0762,1393,"exact"
2005,"texas a&m corpus chris",-0.131249,166,104.648,104.78,66.5817,1394,"manual"
2005,"tcu",5.54079,104,101.639,96.0985,68.578,1395,"exact"
2005,"temple",9.00376,81,109.326,100.322,60.6958,1396,"exact"
2005,"tennessee",8.99898,82,110.008,101.009,65.0503,1397,"exact"
2005,"tennessee st.",-3.05098,194,105.181,108.232,69.689,1398,"exact"
2005,"tennessee tech",0.221173,159,101.115,100.894,67.6486,1399,"exact"
2005,"texas",17.8724,27,114.706,96.8337,66.8394,1400,"exact"
2005,"texas a&m",14.121,41,112.831,98.7102,64.5173,1401,"exact"
2005,"texas st.",-9.20268,255,102.099,111.302,61.7642,1402,"exact"
2005,"texas tech",15.6457,33,110.917,95.271,69.462,1403,"exact"
2005,"tennessee martin",-15.9922,303,96.5473,112.539,67.1824,1404,"manual"
2005,"toledo",7.83389,88,107.24,99.4056,65.7388,1405,"exact"
2005,"towson",-14.851,298,96.0071,110.858,64.4118,1406,"exact"
2005,"troy",-10.1678,265,104.425,114.593,68.8485,1407,"exact"
2005,"tulane",-8.69056,248,98.834,107.525,67.7924,1408,"exact"
2005,"tulsa",-1.02507,176,99.3954,100.42,69.6229,1409,"exact"
2005,"texas pan american",-12.4073,277,98.0509,110.458,67.5446,1410,"manual"
2005,"texas southern",-18.3167,313,93.753,112.07,67.1339,1411,"exact"
2005,"uab",12.3689,49,110.113,97.7445,70.5468,1412,"exact"
2005,"uc davis",-10.2831,266,101.495,111.778,64.1721,1413,"exact"
2005,"uc irvine",-2.1144,185,102.576,104.69,64.9311,1414,"exact"
2005,"uc riverside",-10.4887,269,93.7893,104.278,64.793,1415,"exact"
2005,"ucf",-3.33956,199,104.404,107.744,59.9809,1416,"exact"
2005,"ucla",11.4675,61,108.287,96.8191,69.3235,1417,"exact"
2005,"louisiana lafayette",9.65038,78,107.206,97.5553,67.7535,1418,"manual"
2005,"umbc",-13.087,283,94.2021,107.289,63.7743,1420,"exact"
2005,"unc asheville",-10.132,264,100.897,111.029,68.7668,1421,"exact"
2005,"unc greensboro",-5.40989,216,97.6809,103.091,69.93,1422,"exact"
2005,"unc wilmington",0.552572,153,100.019,99.466,62.7853,1423,"exact"
2005,"unlv",6.7378,97,106.979,100.242,68.8433,1424,"exact"
2005,"usc",4.7829,114,107.845,103.063,70.3062,1425,"exact"
2005,"ut arlington",-8.91291,252,96.8401,105.753,68.4881,1426,"exact"
2005,"utsa",-3.30007,198,100.395,103.695,72.8741,1427,"exact"
2005,"utah",20.1555,22,113.641,93.4851,59.0106,1428,"exact"
2005,"utah st.",20.2874,20,116.735,96.4473,61.3897,1429,"exact"
2005,"utah valley st.",-6.46514,224,101.086,107.551,62.1413,1430,"exact"
2005,"utep",11.7556,58,113.304,101.548,65.9661,1431,"exact"
2005,"vcu",5.218,107,106.145,100.927,65.6172,1433,"exact"
2005,"valparaiso",-2.87401,192,104.598,107.472,65.6012,1434,"exact"
2005,"vanderbilt",15.6852,31,111.455,95.7701,65.6977,1435,"exact"
2005,"vermont",13.6451,43,112.615,98.97,64.9605,1436,"exact"
2005,"villanova",23.8126,11,115.814,92.0012,67.2118,1437,"exact"
2005,"virginia",7.59414,90,106.953,99.3593,68.1365,1438,"exact"
2005,"virginia tech",6.94054,96,104.774,97.8338,66.0757,1439,"exact"
2005,"vmi",-18.5448,316,91.3111,109.856,66.7496,1440,"exact"
2005,"western carolina",-14.7771,297,92.2758,107.053,70.5088,1441,"exact"
2005,"western illinois",-4.57833,204,99.9945,104.573,64.1555,1442,"exact"
2005,"western kentucky",7.44659,91,112.874,105.428,65.6793,1443,"exact"
2005,"western michigan",10.5791,68,111.739,101.16,65.4725,1444,"exact"
2005,"wagner",-9.17328,254,94.0901,103.263,62.9893,1447,"exact"
2005,"wake forest",25.8856,4,125.004,99.1181,68.7048,1448,"exact"
2005,"washington",22.6814,14,119.924,97.2424,71.8909,1449,"exact"
2005,"washington st.",9.45317,80,96.2526,86.7994,57.8394,1450,"exact"
2005,"weber st.",-8.38306,243,101.129,109.512,62.9932,1451,"exact"
2005,"west virginia",13.8568,42,112.738,98.8811,63.8385,1452,"exact"
2005,"green bay",-1.20062,178,104.117,105.318,65.977,1453,"exact"
2005,"milwaukee",12.9683,47,108.035,95.0665,68.9088,1454,"exact"
2005,"wichita st.",12.7387,48,112.776,100.037,64.3952,1455,"exact"
2005,"william & mary",-13.6772,289,94.4471,108.124,66.7719,1456,"exact"
2005,"winthrop",5.00565,112,101.652,96.6464,62.9522,1457,"exact"
2005,"wisconsin",20.345,19,111.095,90.7501,62.9376,1458,"exact"
2005,"wofford",-6.81811,227,101.773,108.591,66.7706,1459,"exact"
2005,"wright st.",-0.813049,174,104.431,105.244,61.1822,1460,"exact"
2005,"wyoming",4.78468,113,105.064,100.279,68.8339,1461,"exact"
2005,"xavier",8.90748,83,111.357,102.45,63.0721,1462,"exact"
2005,"yale",-4.0093,203,98.6658,102.675,67.2679,1463,"exact"
2005,"youngstown st.",-19.7942,319,92.0362,111.83,64.3116,1464,"exact"
2006,"air force",15.2867,40,112.446,97.1596,53.9138,1102,"exact"
2006,"akron",8.75932,86,110.373,101.614,63.6255,1103,"exact"
2006,"alabama",11.0491,68,110.562,99.5129,63.0621,1104,"exact"
2006,"alabama a&m",-9.7408,267,94.3436,104.084,72.888,1105,"exact"
2006,"alabama st.",-13.6234,290,93.7378,107.361,65.6719,1106,"exact"
2006,"albany",2.38435,139,105.901,103.517,63.6591,1107,"exact"
2006,"alcorn st.",-16.5193,310,92.6748,109.194,67.9581,1108,"exact"
2006,"american",-8.79715,257,98.1042,106.901,63.3223,1110,"exact"
2006,"appalachian st.",-7.23921,237,100.282,107.521,63.6284,1111,"exact"
2006,"arizona",15.7758,32,109.387,93.6111,67.3457,1112,"exact"
2006,"arizona st.",1.7616,144,104.293,102.531,64.3488,1113,"exact"
2006,"arkansas little rock",-4.97936,209,95.5241,100.503,64.2642,1114,"manual"
2006,"arkansas pine bluff",-12.4618,285,84.8754,97.3373,66.4067,1115,"manual"
2006,"arkansas",18.107,19,111.988,93.8808,65.6813,1116,"exact"
2006,"arkansas st.",-5.13746,212,104.409,109.546,66.8863,1117,"exact"
2006,"army",-26.5982,331,87.7031,114.301,59.9378,1119,"exact"
2006,"auburn",4.81044,123,103.596,98.786,64.7176,1120,"exact"
2006,"austin peay",-3.15851,194,102.606,105.765,66.301,1122,"exact"
2006,"ball st.",-3.49864,199,97.9562,101.455,62.8205,1123,"exact"
2006,"baylor",0.801783,148,102.726,101.924,65.0023,1124,"exact"
2006,"belmont",0.328042,154,107.963,107.635,68.5983,1125,"exact"
2006,"bethune cookman",-14.0468,294,95.1284,109.175,65.9959,1126,"fuzzy"
2006,"binghamton",-3.24797,196,95.6401,98.8881,62.8433,1127,"exact"
2006,"birmingham southern",-2.48932,187,108.765,111.254,57.8214,1128,"exact"
2006,"boise st.",2.18913,140,101.824,99.6348,69.4236,1129,"exact"
2006,"boston college",18.1943,18,118.48,100.286,61.3466,1130,"exact"
2006,"boston university",-3.9536,202,96.8305,100.784,58.8295,1131,"exact"
2006,"bowling green",-8.81256,259,97.3722,106.185,65.9026,1132,"exact"
2006,"bradley",16.3566,28,106.52,90.1637,69.0639,1133,"exact"
2006,"brown",-14.3155,296,91.0755,105.391,63.2901,1135,"exact"
2006,"bucknell",12.6066,57,105.571,92.9644,61.6852,1137,"exact"
2006,"buffalo",2.48783,138,105.782,103.294,66.9151,1138,"exact"
2006,"butler",12.4706,59,116.22,103.749,57.5698,1139,"exact"
2006,"byu",8.24327,93,110.542,102.298,70.0627,1140,"exact"
2006,"central michigan",-15.043,300,88.8618,103.905,65.8262,1141,"exact"
2006,"cal poly",-7.72235,244,99.6444,107.367,62.2701,1142,"exact"
2006,"california",13.3727,50,110.331,96.9581,61.715,1143,"exact"
2006,"campbell",-12.1439,282,101.002,113.146,74.6534,1144,"exact"
2006,"canisius",-5.23453,214,103.296,108.531,64.1513,1145,"exact"
2006,"centenary",-18.6351,318,93.8611,112.496,65.8818,1147,"exact"
2006,"central connecticut",-0.453272,163,109.13,109.584,61.6082,1148,"exact"
2006,"charleston southern",-8.8102,258,99.4241,108.234,65.1776,1149,"exact"
2006,"charlotte",7.23172,96,107.725,100.493,64.3887,1150,"exact"
2006,"chattanooga",-7.15759,236,98.6261,105.784,66.7069,1151,"exact"
2006,"chicago st.",-6.7103,233,101.191,107.901,64.8582,1152,"exact"
2006,"cincinnati",14.1134,46,110.262,96.1488,67.8694,1153,"exact"
2006,"the citadel",-24.4327,330,90.7561,115.189,64.3654,1154,"exact"
2006,"clemson",12.3386,60,105.741,93.4026,67.9508,1155,"exact"
2006,"cleveland st.",-7.61204,242,91.5363,99.1484,67.7521,1156,"exact"
2006,"coastal carolina",-0.928196,171,106.29,107.218,61.186,1157,"exact"
2006,"college of charleston",-1.95789,181,99.4448,101.403,67.4718,1158,"exact"
2006,"colgate",-12.7064,287,92.3793,105.086,61.7969,1159,"exact"
2006,"colorado",11.9359,63,109.774,97.8384,69.6243,1160,"exact"
2006,"colorado st.",4.34271,127,107.641,103.299,67.78,1161,"exact"
2006,"columbia",-14.791,298,96.8203,111.611,64.28,1162,"exact"
2006,"connecticut",25.9129,3,116.671,90.7579,68.0475,1163,"exact"
2006,"coppin st.",-11.7412,281,95.2012,106.942,65.2201,1164,"exact"
2006,"cornell",-6.82187,234,98.6329,105.455,61.6195,1165,"exact"
2006,"creighton",13.4804,49,107.593,94.1128,62.3563,1166,"exact"
2006,"cal st. fullerton",-0.610159,166,107.235,107.846,67.7635,1168,"exact"
2006,"cal st. northridge",-9.04162,263,95.4754,104.517,68.814,1169,"exact"
2006,"sacramento st.",0.195569,156,106.585,106.39,67.4473,1170,"exact"
2006,"dartmouth",-15.9398,308,94.5392,110.479,61.7678,1171,"exact"
2006,"davidson",4.83337,122,110.122,105.288,65.5271,1172,"exact"
2006,"dayton",3.21042,131,102.526,99.3156,61.9722,1173,"exact"
2006,"delaware",-6.03774,222,96.5386,102.576,67.1351,1174,"exact"
2006,"delaware st.",-4.03457,203,101.539,105.573,54.232,1175,"exact"
2006,"denver",-0.794327,168,98.3665,99.1608,63.795,1176,"exact"
2006,"depaul",8.35492,88,109.957,101.602,60.8986,1177,"exact"
2006,"detroit",-1.23026,175,103.95,105.18,59.563,1178,"exact"
2006,"drake",3.20914,132,106.963,103.754,63.9881,1179,"exact"
2006,"drexel",6.61662,100,99.6946,93.078,62.0556,1180,"exact"
2006,"duke",28.5656,1,121.189,92.6239,69.6792,1181,"exact"
2006,"duquesne",-15.1598,301,99.5007,114.661,66.6779,1182,"exact"
2006,"eastern illinois",-16.9189,312,91.8553,108.774,60.7381,1183,"exact"
2006,"eastern kentucky",-8.88062,260,104.884,113.765,62.8318,1184,"exact"
2006,"eastern michigan",-9.35843,264,99.8603,109.219,64.9061,1185,"exact"
2006,"eastern washington",0.882778,146,106.548,105.665,65.3295,1186,"exact"
2006,"east carolina",-10.8317,273,95.4274,106.259,62.866,1187,"exact"
2006,"elon",-6.18556,226,97.3809,103.566,63.548,1189,"exact"
2006,"east tennessee st.",-5.34548,216,99.7028,105.048,72.5749,1190,"exact"
2006,"evansville",-2.0435,182,100.4,102.443,67.03,1191,"exact"
2006,"fairleigh dickinson",-1.59747,177,100.59,102.187,68.8816,1192,"exact"
2006,"fairfield",-6.34416,228,106.019,112.363,65.1124,1193,"exact"
2006,"florida atlantic",-7.40696,240,102.37,109.777,64.6426,1194,"exact"
2006,"florida",23.9172,6,116.023,92.1054,66.9181,1196,"exact"
2006,"florida a&m",-13.6645,291,97.65,111.315,66.2723,1197,"exact"
2006,"fiu",-10.6893,272,89.5054,100.195,65.2261,1198,"exact"
2006,"florida st.",15.6528,33,110.687,95.0346,67.7128,1199,"exact"
2006,"fordham",4.09605,128,107.345,103.249,62.2589,1200,"exact"
2006,"fresno st.",3.17946,133,105.625,102.446,68.8011,1201,"exact"
2006,"furman",-5.98515,221,102.404,108.389,62.1872,1202,"exact"
2006,"george washington",14.89,41,109.578,94.6878,71.3753,1203,"exact"
2006,"georgia southern",-0.0602373,160,101.884,101.944,71.3885,1204,"exact"
2006,"gardner webb",-8.74216,255,100.452,109.194,62.2658,1205,"exact"
2006,"george mason",16.5044,25,108.235,91.7303,62.191,1206,"exact"
2006,"georgetown",19.7838,14,116.423,96.6387,57.5286,1207,"exact"
2006,"georgia",5.40716,115,102.722,97.3153,68.022,1208,"exact"
2006,"georgia st.",-6.05316,223,101.88,107.933,63.1099,1209,"exact"
2006,"georgia tech",7.00146,99,104.63,97.6281,67.9917,1210,"exact"
2006,"gonzaga",14.6999,45,117.976,103.276,65.6245,1211,"exact"
2006,"grambling st.",-15.7555,306,91.4671,107.223,67.1882,1212,"exact"
2006,"hampton",-9.77332,268,92.2737,102.047,68.0614,1214,"exact"
2006,"hartford",-7.57707,241,101.325,108.902,64.6862,1216,"exact"
2006,"harvard",-8.64446,254,96.4959,105.14,68.6748,1217,"exact"
2006,"hawaii",7.52957,94,107.035,99.5049,62.0081,1218,"exact"
2006,"high point",-5.40081,217,100.382,105.782,69.9341,1219,"exact"
2006,"hofstra",11.5439,65,112.115,100.572,65.6418,1220,"exact"
2006,"holy cross",3.85341,129,100.134,96.2806,64.2064,1221,"exact"
2006,"houston",9.3148,82,103.895,94.5799,66.9108,1222,"exact"
2006,"howard",-17.2736,315,93.4208,110.694,65.6671,1224,"exact"
2006,"idaho",-12.7381,288,97.8365,110.575,61.1565,1225,"exact"
2006,"idaho st.",-3.29213,197,104.573,107.865,70.6203,1226,"exact"
2006,"illinois chicago",-0.797166,169,105.26,106.058,63.4196,1227,"manual"
2006,"illinois",23.7637,7,114.309,90.5453,61.3569,1228,"exact"
2006,"illinois st.",-0.588873,165,92.6436,93.2325,60.8339,1229,"exact"
2006,"indiana",16.6049,24,109.123,92.5182,65.9344,1231,"exact"
2006,"indiana st.",-1.44021,176,101.077,102.517,64.3487,1232,"exact"
2006,"iona",11.4947,66,109.77,98.2748,69.0528,1233,"exact"
2006,"iowa",19.3097,15,104.054,84.7443,64.5806,1234,"exact"
2006,"iowa st.",10.6051,71,111.269,100.664,69.395,1235,"exact"
2006,"ipfw",-10.8477,274,96.9318,107.779,62.3492,1236,"exact"
2006,"iupui",-1.63071,178,105.357,106.988,60.3917,1237,"exact"
2006,"jackson st.",-10.3263,271,95.5381,105.864,69.9104,1238,"exact"
2006,"jacksonville",-22.1156,329,93.1142,115.23,71.7839,1239,"exact"
2006,"jacksonville st.",-4.48882,208,106.405,110.894,69.5475,1240,"exact"
2006,"james madison",-17.0843,314,95.9704,113.055,65.7411,1241,"exact"
2006,"kansas",24.1225,5,110.301,86.1782,67.4558,1242,"exact"
2006,"kansas st.",10.1108,77,105.941,95.8299,62.687,1243,"exact"
2006,"kennesaw st.",-15.5945,304,97.9211,113.516,64.9488,1244,"exact"
2006,"kent st.",10.9348,69,107.72,96.7855,65.4147,1245,"exact"
2006,"kentucky",15.943,30,113.522,97.5788,63.6485,1246,"exact"
2006,"la salle",7.52233,95,107.186,99.6635,63.8604,1247,"exact"
2006,"lafayette",-13.9101,292,97.2626,111.173,67.4657,1248,"exact"
2006,"lamar",-4.47308,207,103.516,107.99,71.746,1249,"exact"
2006,"lehigh",-3.17009,195,96.4704,99.6405,63.2127,1250,"exact"
2006,"liberty",-20.3249,323,90.9005,111.225,64.5917,1251,"exact"
2006,"lipscomb",-0.891269,170,99.7397,100.631,63.9847,1252,"exact"
2006,"long beach st.",1.62244,145,107.512,105.889,73.7681,1253,"exact"
2006,"liu brooklyn",-12.3233,284,96.7163,109.04,67.1745,1254,"exact"
2006,"longwood",-16.6854,311,96.702,113.387,70.6617,1255,"exact"
2006,"louisiana tech",8.24659,92,101.565,93.3185,64.3057,1256,"exact"
2006,"louisville",13.6913,47,107.186,93.4947,64.0921,1257,"exact"
2006,"loyola marymount",2.83444,136,100.056,97.2214,70.3242,1258,"exact"
2006,"loyola md",-2.36351,186,104.974,107.337,68.3802,1259,"exact"
2006,"loyola chicago",1.81384,143,107.415,105.602,65.4946,1260,"exact"
2006,"lsu",20.2666,13,111.476,91.2092,67.0837,1261,"exact"
2006,"maine",-14.0372,293,95.0144,109.052,65.0713,1263,"exact"
2006,"manhattan",1.93923,142,106.959,105.02,66.9354,1264,"exact"
2006,"marist",5.8684,111,112.692,106.824,64.4842,1265,"exact"
2006,"marquette",15.573,35,111.896,96.3234,67.6202,1266,"exact"
2006,"marshall",-6.17993,225,97.8652,104.045,64.7506,1267,"exact"
2006,"maryland",13.6419,48,107.754,94.1124,71.6183,1268,"exact"
2006,"massachusetts",6.59361,101,101.016,94.4228,65.0309,1269,"exact"
2006,"mcneese st.",-5.67301,219,97.5451,103.218,69.5724,1270,"exact"
2006,"maryland eastern shore",-21.2416,325,90.5334,111.775,69.197,1271,"exact"
2006,"memphis",22.2972,10,112.334,90.0369,71.0562,1272,"exact"
2006,"mercer",-18.2691,317,97.1813,115.45,66.8531,1273,"exact"
2006,"miami fl",12.6574,56,111.566,98.9083,60.6127,1274,"exact"
2006,"miami oh",6.377,105,104.474,98.0972,59.5231,1275,"exact"
2006,"michigan",15.6382,34,113.712,98.074,66.2266,1276,"exact"
2006,"michigan st.",17.0338,21,116.81,99.7762,63.6938,1277,"exact"
2006,"minnesota",9.58428,81,104.351,94.7667,63.8929,1278,"exact"
2006,"mississippi",0.138973,157,101.86,101.721,63.2785,1279,"exact"
2006,"mississippi st.",4.60457,126,102.133,97.5285,66.2185,1280,"exact"
2006,"missouri",0.745363,149,103.988,103.242,64.1894,1281,"exact"
2006,"umkc",-11.1089,276,101.952,113.061,65.1948,1282,"exact"
2006,"missouri st.",16.9584,22,112.645,95.6866,68.0389,1283,"exact"
2006,"monmouth",-1.88684,179,95.639,97.5258,64.2233,1284,"exact"
2006,"montana",8.81599,85,111.157,102.341,65.7503,1285,"exact"
2006,"montana st.",-5.03619,210,103.365,108.401,66.268,1286,"exact"
2006,"morehead st.",-21.5589,327,91.0346,112.593,63.5128,1287,"exact"
2006,"morgan st.",-30.9993,333,79.2489,110.248,64.6045,1288,"exact"
2006,"mississippi valley st.",-20.0762,322,93.7275,113.804,60.6236,1290,"manual"
2006,"mount st. mary's",-7.90618,249,96.3725,104.279,63.0091,1291,"exact"
2006,"middle tennessee",0.0438914,158,105.007,104.963,64.0084,1292,"exact"
2006,"murray st.",8.28998,91,104.196,95.9061,62.8848,1293,"exact"
2006,"northern colorado",-15.2094,302,100.356,115.565,64.6987,1294,"exact"
2006,"north dakota st.",-0.445127,161,103.805,104.25,64.5327,1295,"exact"
2006,"northern illinois",5.13825,118,112.67,107.532,61.3901,1296,"exact"
2006,"navy",-15.6531,305,93.4726,109.126,69.358,1298,"exact"
2006,"north carolina a&t",-19.4682,320,85.9012,105.369,66.4983,1299,"exact"
2006,"nc state",16.6834,23,113.287,96.6036,63.9921,1301,"exact"
2006,"nebraska",6.54601,102,103.226,96.6798,64.0976,1304,"exact"
2006,"nevada",16.2837,29,109.514,93.2299,65.4263,1305,"exact"
2006,"new hampshire",-11.2561,278,97.9227,109.179,58.2358,1306,"exact"
2006,"new mexico",5.36208,116,105.341,99.9793,59.8576,1307,"exact"
2006,"new mexico st.",4.61849,125,105.651,101.033,66.5956,1308,"exact"
2006,"new orleans",-6.38978,229,98.9219,105.312,62.636,1309,"exact"
2006,"niagara",-2.1913,184,106.151,108.342,64.8062,1310,"exact"
2006,"nicholls st.",-15.9269,307,96.5451,112.472,68.64,1311,"exact"
2006,"norfolk st.",-12.9679,289,90.8188,103.787,64.8224,1313,"exact"
2006,"north carolina",23.2731,8,116.376,93.1032,69.944,1314,"exact"
2006,"north florida",-20.8121,324,94.5675,115.38,65.1331,1316,"exact"
2006,"north texas",-4.30857,205,102.321,106.629,71.4358,1317,"exact"
2006,"northeastern",5.52112,113,106.576,101.055,68.6279,1318,"exact"
2006,"northern arizona",0.829414,147,104.535,103.705,68.9402,1319,"exact"
2006,"northern iowa",16.3692,27,109.202,92.8333,59.0981,1320,"exact"
2006,"northwestern",5.52807,112,102.971,97.4425,57.8551,1321,"exact"
2006,"northwestern st.",7.21097,98,106.895,99.6838,67.2275,1322,"exact"
2006,"notre dame",15.4416,37,117.369,101.927,63.5631,1323,"exact"
2006,"oakland",-10.2252,270,103.905,114.13,67.3448,1324,"exact"
2006,"ohio",5.89849,110,106.283,100.385,63.9839,1325,"exact"
2006,"ohio st.",22.7439,9,114.312,91.568,64.7814,1326,"exact"
2006,"oklahoma",14.8143,42,113.21,98.3959,61.5858,1328,"exact"
2006,"oklahoma st.",13.0555,52,108.191,95.1355,64.2696,1329,"exact"
2006,"old dominion",10.2811,76,107.904,97.6231,64.9468,1330,"exact"
2006,"oral roberts",6.0496,109,106.189,100.139,66.538,1331,"exact"
2006,"oregon",10.6872,70,111.312,100.625,63.3064,1332,"exact"
2006,"oregon st.",-0.00829304,159,103.803,103.811,64.1412,1333,"exact"
2006,"pacific",11.3464,67,109.809,98.4624,62.4608,1334,"exact"
2006,"penn",7.22088,97,101.536,94.3154,64.1402,1335,"exact"
2006,"penn st.",6.25909,107,110.039,103.78,63.0411,1336,"exact"
2006,"pepperdine",-4.28414,204,96.9547,101.239,66.3483,1337,"exact"
2006,"pittsburgh",21.5662,12,111.569,90.0027,64.3893,1338,"exact"
2006,"portland",-5.24502,215,102.316,107.561,65.2177,1339,"exact"
2006,"portland st.",-0.449785,162,101.885,102.335,65.1575,1340,"exact"
2006,"prairie view a&m",-27.8659,332,86.644,114.51,70.8746,1341,"exact"
2006,"princeton",-9.50218,265,96.7231,106.225,52.4688,1343,"exact"
2006,"providence",9.10894,83,111.872,102.763,68.3132,1344,"exact"
2006,"purdue",0.738118,150,102.005,101.267,65.0736,1345,"exact"
2006,"quinnipiac",-8.55706,253,98.3034,106.86,69.5426,1346,"exact"
2006,"radford",-6.6281,231,103.848,110.476,66.5905,1347,"exact"
2006,"rhode island",0.53294,152,103.777,103.244,61.8735,1348,"exact"
2006,"rice",-5.60249,218,99.9014,105.504,64.8182,1349,"exact"
2006,"richmond",-7.72679,245,93.4462,101.173,54.7707,1350,"exact"
2006,"rider",-6.67218,232,100.534,107.206,67.1301,1351,"exact"
2006,"robert morris",-7.66263,243,103.762,111.424,66.2185,1352,"exact"
2006,"rutgers",10.2984,74,109.535,99.2362,63.1102,1353,"exact"
2006,"south carolina st.",-11.1468,277,92.1655,103.312,64.0203,1354,"exact"
2006,"south dakota st.",-14.9048,299,91.5009,106.406,66.7815,1355,"exact"
2006,"southern illinois",14.7533,44,103.568,88.8149,60.1962,1356,"exact"
2006,"sacred heart",-8.91603,262,97.1884,106.104,65.0924,1357,"exact"
2006,"sam houston st.",-2.16123,183,101.185,103.346,67.5541,1358,"exact"
2006,"samford",3.10448,134,109.839,106.735,55.3282,1359,"exact"
2006,"san diego",5.08153,119,106.722,101.64,69.1504,1360,"exact"
2006,"san diego st.",13.0107,53,111.97,98.9596,65.6456,1361,"exact"
2006,"san francisco",0.223915,155,103.232,103.008,63.7989,1362,"exact"
2006,"san jose st.",-3.10449,193,95.829,98.9335,67.4616,1363,"exact"
2006,"uc santa barbara",-0.929929,172,102.134,103.063,61.56,1364,"exact"
2006,"santa clara",-0.48075,164,100.519,100.999,64.4167,1365,"exact"
2006,"savannah st.",-38.01,334,80.1921,118.202,67.3533,1366,"exact"
2006,"southeastern louisiana",-2.80824,189,100.645,103.453,61.0595,1368,"exact"
2006,"southeast missouri st.",-16.2861,309,92.8607,109.147,64.1675,1369,"manual"
2006,"seton hall",9.75889,79,106.434,96.6752,65.0036,1371,"exact"
2006,"stephen f. austin",-2.27389,185,102.572,104.846,62.9703,1372,"exact"
2006,"siena",2.88424,135,104.569,101.685,66.6,1373,"exact"
2006,"smu",-2.53509,188,98.1367,100.672,64.1766,1374,"exact"
2006,"south alabama",9.98002,78,109.629,99.6493,65.275,1375,"exact"
2006,"south carolina",15.393,39,112.97,97.5766,58.7168,1376,"exact"
2006,"south florida",-1.07489,174,95.3902,96.4651,61.2855,1378,"exact"
2006,"southern miss",-11.4216,279,97.2677,108.689,59.4906,1379,"exact"
2006,"southern",-3.64127,201,96.2068,99.848,64.5164,1380,"exact"
2006,"southern utah",-7.79179,247,101.52,109.312,64.1472,1381,"exact"
2006,"st. bonaventure",-7.27499,238,100.14,107.415,67.1273,1382,"exact"
2006,"st. francis ny",-9.90435,269,92.7858,102.69,64.4603,1383,"manual"
2006,"st. john's",5.16773,117,97.3136,92.1459,62.0577,1385,"exact"
2006,"saint joseph's",15.4098,38,110.167,94.7576,61.1971,1386,"exact"
2006,"saint louis",4.75584,124,99.186,94.4302,60.6448,1387,"exact"
2006,"saint mary's",6.46145,104,105.743,99.2817,63.8494,1388,"exact"
2006,"saint peter's",0.669572,151,105.927,105.257,66.1912,1389,"exact"
2006,"stanford",8.31922,90,105.738,97.4186,63.6925,1390,"exact"
2006,"stetson",-11.525,280,95.55,107.075,62.283,1391,"exact"
2006,"stony brook",-16.9864,313,91.9347,108.921,64.0842,1392,"exact"
2006,"syracuse",13.3126,51,109.973,96.6599,68.1385,1393,"exact"
2006,"texas a&m corpus chris",4.91544,121,104.294,99.3784,69.0117,1394,"manual"
2006,"tcu",-7.06028,235,93.9112,100.972,66.051,1395,"exact"
2006,"temple",12.0563,62,108.843,96.7867,59.4868,1396,"exact"
2006,"tennessee",19.1437,16,116.081,96.9371,71.1471,1397,"exact"
2006,"tennessee st.",-4.46953,206,103.994,108.464,64.6181,1398,"exact"
2006,"tennessee tech",-3.62852,200,100.214,103.843,67.956,1399,"exact"
2006,"texas",26.3414,2,118.329,91.9877,63.5205,1400,"exact"
2006,"texas a&m",15.8005,31,106.596,90.7951,62.8202,1401,"exact"
2006,"texas st.",-19.9976,321,92.7451,112.743,65.0528,1402,"exact"
2006,"texas tech",5.45944,114,105.616,100.157,65.5348,1403,"exact"
2006,"tennessee martin",-5.8517,220,103.19,109.042,67.1496,1404,"manual"
2006,"toledo",5.06958,120,101.226,96.1565,67.0858,1405,"exact"
2006,"towson",-8.2528,251,102.749,111.002,67.0488,1406,"exact"
2006,"troy",-0.756213,167,105.295,106.051,64.3125,1407,"exact"
2006,"tulane",-5.13476,211,94.2554,99.3901,65.5008,1408,"exact"
2006,"tulsa",-5.17426,213,94.0832,99.2575,63.9307,1409,"exact"
2006,"texas pan american",-21.4555,326,88.3723,109.828,65.1244,1410,"manual"
2006,"texas southern",-19.2364,319,91.9666,111.203,68.5776,1411,"exact"
2006,"uab",12.5331,58,108.932,96.3991,68.322,1412,"exact"
2006,"uc davis",-12.543,286,98.438,110.981,62.0433,1413,"exact"
2006,"uc irvine",3.46843,130,109.816,106.348,61.2763,1414,"exact"
2006,"uc riverside",-15.4163,303,90.5338,105.95,69.8035,1415,"exact"
2006,"ucf",-3.06223,192,99.5209,102.583,61.5944,1416,"exact"
2006,"ucla",22.2382,11,113.948,91.7094,61.1732,1417,"exact"
2006,"louisiana lafayette",0.392384,153,98.3167,97.9243,65.8251,1418,"manual"
2006,"umbc",-9.61184,266,100.872,110.484,64.5005,1420,"exact"
2006,"unc asheville",-14.1368,295,96.7952,110.932,67.063,1421,"exact"
2006,"unc greensboro",-10.9046,275,99.2635,110.168,65.1616,1422,"exact"
2006,"unc wilmington",14.7547,43,105.965,91.2105,62.4796,1423,"exact"
2006,"unlv",8.75537,87,105.357,96.6016,66.173,1424,"exact"
2006,"usc",6.22693,108,104.461,98.2336,66.2144,1425,"exact"
2006,"ut arlington",-2.88042,190,102.259,105.139,65.7309,1426,"exact"
2006,"utsa",-6.17796,224,99.6553,105.833,69.4861,1427,"exact"
2006,"utah",2.6235,137,104.824,102.2,59.8362,1428,"exact"
2006,"utah st.",11.7478,64,113.98,102.232,60.7302,1429,"exact"
2006,"utah valley st.",-6.27323,227,101.768,108.041,58.8202,1430,"exact"
2006,"utep",8.87415,84,102.228,93.3539,61.3595,1431,"exact"
2006,"vcu",6.31194,106,106.705,100.393,61.6244,1433,"exact"
2006,"valparaiso",-1.00227,173,105.001,106.003,68.8025,1434,"exact"
2006,"vanderbilt",12.7119,55,114.032,101.32,61.2232,1435,"exact"
2006,"vermont",-3.48291,198,98.3633,101.846,64.2559,1436,"exact"
2006,"villanova",25.8328,4,117.412,91.5788,65.8533,1437,"exact"
2006,"virginia",10.3832,73,106.985,96.6017,63.3751,1438,"exact"
2006,"virginia tech",10.5214,72,107.732,97.2105,62.8617,1439,"exact"
2006,"vmi",-18.032,316,91.2053,109.237,70.5686,1440,"exact"
2006,"western carolina",-7.87479,248,99.5324,107.407,63.0611,1441,"exact"
2006,"western illinois",-14.6172,297,94.8464,109.464,64.6859,1442,"exact"
2006,"western kentucky",8.33128,89,111.984,103.653,67.9145,1443,"exact"
2006,"western michigan",-6.59792,230,96.3817,102.98,64.3034,1444,"exact"
2006,"wagner",-8.8939,261,96.97,105.864,64.8762,1447,"exact"
2006,"wake forest",10.2835,75,110.415,100.132,66.551,1448,"exact"
2006,"washington",18.7484,17,114.83,96.082,70.9977,1449,"exact"
2006,"washington st.",6.51848,103,96.9261,90.4076,59.7621,1450,"exact"
2006,"weber st.",-7.74846,246,98.9432,106.692,62.166,1451,"exact"
2006,"west virginia",17.9911,20,115.841,97.8497,61.7855,1452,"exact"
2006,"green bay",-2.88301,191,102.637,105.52,62.738,1453,"exact"
2006,"milwaukee",12.1486,61,107.832,95.6839,67.03,1454,"exact"
2006,"wichita st.",15.4525,36,111.041,95.5888,61.8931,1455,"exact"
2006,"william & mary",-7.35088,239,98.3418,105.693,64.8223,1456,"exact"
2006,"winthrop",9.66427,80,104.292,94.6273,63.8967,1457,"exact"
2006,"wisconsin",16.4836,26,111.45,94.9667,64.7149,1458,"exact"
2006,"wofford",-8.28299,252,99.1712,107.454,62.8573,1459,"exact"
2006,"wright st.",-1.89316,180,100.69,102.584,60.6368,1460,"exact"
2006,"wyoming",2.04089,141,99.2089,97.168,68.0019,1461,"exact"
2006,"xavier",12.9902,54,110.467,97.4771,65.1414,1462,"exact"
2006,"yale",-8.75137,256,95.8351,104.586,67.8986,1463,"exact"
2006,"youngstown st.",-8.07143,250,103.33,111.401,63.4185,1464,"exact"
2007,"air force",19.2294,24,116.286,97.0562,56.6656,1102,"exact"
2007,"akron",16.1815,42,115.109,98.9272,63.318,1103,"exact"
2007,"alabama",12.475,66,113.992,101.517,64.8798,1104,"exact"
2007,"alabama a&m",-23.0002,331,83.7228,106.723,70.3008,1105,"exact"
2007,"alabama st.",-17.8883,317,90.8625,108.751,63.4575,1106,"exact"
2007,"albany",3.42522,129,107.402,103.976,63.5137,1107,"exact"
2007,"alcorn st.",-21.4935,327,91.7945,113.288,68.8881,1108,"exact"
2007,"american",-1.40726,166,100.126,101.533,63.6383,1110,"exact"
2007,"appalachian st.",10.715,75,111.789,101.074,66.0269,1111,"exact"
2007,"arizona",19.2093,25,119.512,100.303,67.8259,1112,"exact"
2007,"arizona st.",1.22939,147,100.703,99.474,57.9763,1113,"exact"
2007,"arkansas little rock",-9.8414,259,100.097,109.938,62.5149,1114,"manual"
2007,"arkansas pine bluff",-15.5598,301,88.5846,104.144,63.5683,1115,"manual"
2007,"arkansas",16.8885,39,110.253,93.3649,65.8864,1116,"exact"
2007,"arkansas st.",-5.09291,206,103.551,108.644,67.063,1117,"exact"
2007,"army",-9.77828,258,92.5875,102.366,62.5301,1119,"exact"
2007,"auburn",7.96552,92,106.515,98.5497,69.8206,1120,"exact"
2007,"austin peay",-0.951666,162,105.752,106.704,65.3013,1122,"exact"
2007,"ball st.",-5.00379,204,96.2137,101.217,62.626,1123,"exact"
2007,"baylor",6.35606,104,111.033,104.677,66.4918,1124,"exact"
2007,"belmont",4.67153,120,106.429,101.758,65.4936,1125,"exact"
2007,"bethune cookman",-24.7285,333,82.8608,107.589,59.4019,1126,"fuzzy"
2007,"binghamton",-6.5002,221,98.5434,105.044,66.2645,1127,"exact"
2007,"boise st.",5.46369,113,106.724,101.26,70.0337,1129,"exact"
2007,"boston college",15.9057,43,117,101.094,63.8331,1130,"exact"
2007,"boston university",-3.4178,193,99.3948,102.813,58.9187,1131,"exact"
2007,"bowling green",-6.2157,217,99.4595,105.675,67.0882,1132,"exact"
2007,"bradley",14.9841,47,116.634,101.65,66.6691,1133,"exact"
2007,"brown",-6.97665,226,98.3883,105.365,61.6188,1135,"exact"
2007,"bucknell",7.03402,99,106.556,99.5216,60.8121,1137,"exact"
2007,"buffalo",-3.97668,199,98.4139,102.391,70.061,1138,"exact"
2007,"butler",20.9727,14,118.052,97.0797,58.1217,1139,"exact"
2007,"byu",15.7494,45,116.124,100.375,67.1913,1140,"exact"
2007,"central michigan",-6.00671,215,100.159,106.166,65.0358,1141,"exact"
2007,"cal poly",0.443762,155,108.242,107.799,65.7618,1142,"exact"
2007,"california",9.36263,80,111.064,101.702,64.0508,1143,"exact"
2007,"campbell",-10.7301,270,99.3186,110.049,72.4565,1144,"exact"
2007,"canisius",-9.1626,244,99.9821,109.145,66.4681,1145,"exact"
2007,"central arkansas",-11.5835,275,95.1712,106.755,63.3109,1146,"exact"
2007,"centenary",-9.63843,254,99.5547,109.193,66.591,1147,"exact"
2007,"central connecticut",-2.02233,172,104.052,106.074,62.8352,1148,"exact"
2007,"charleston southern",-19.613,324,95.3565,114.97,63.5429,1149,"exact"
2007,"charlotte",0.342872,156,106.123,105.78,65.6849,1150,"exact"
2007,"chattanooga",-4.24841,201,99.4879,103.736,64.8941,1151,"exact"
2007,"chicago st.",-4.5722,203,107.177,111.749,67.6761,1152,"exact"
2007,"cincinnati",1.73823,143,103.488,101.75,64.3032,1153,"exact"
2007,"the citadel",-20.201,325,92.204,112.405,59.1856,1154,"exact"
2007,"clemson",18.4979,27,112.198,93.7004,65.3633,1155,"exact"
2007,"cleveland st.",-7.37566,230,99.6152,106.991,62.886,1156,"exact"
2007,"coastal carolina",-7.93923,236,102.257,110.196,65.9262,1157,"exact"
2007,"college of charleston",4.24318,122,103.654,99.4107,64.8943,1158,"exact"
2007,"colgate",-12.6163,284,91.479,104.095,61.0472,1159,"exact"
2007,"colorado",-5.77775,214,100.639,106.416,71.0803,1160,"exact"
2007,"colorado st.",5.39956,114,108.012,102.612,67.38,1161,"exact"
2007,"columbia",-5.00973,205,104.689,109.698,61.3539,1162,"exact"
2007,"connecticut",13.7331,58,103.689,89.9561,67.8106,1163,"exact"
2007,"coppin st.",-15.5434,300,93.5813,109.125,64.6612,1164,"exact"
2007,"cornell",-2.68806,185,104.352,107.04,62.6279,1165,"exact"
2007,"creighton",19.1102,26,114.267,95.1571,62.2034,1166,"exact"
2007,"cal st. fullerton",-2.41854,179,105.017,107.436,73.0602,1168,"exact"
2007,"cal st. northridge",-7.61132,234,97.517,105.128,70.8212,1169,"exact"
2007,"sacramento st.",-13.6887,291,95.024,108.713,74.3813,1170,"exact"
2007,"dartmouth",-13.7921,293,94.1128,107.905,63.3982,1171,"exact"
2007,"davidson",13.6084,60,112.107,98.4988,71.316,1172,"exact"
2007,"dayton",4.35025,121,104.847,100.496,63.911,1173,"exact"
2007,"delaware",-13.9923,294,96.662,110.654,62.969,1174,"exact"
2007,"delaware st.",-3.69948,196,106.726,110.425,53.8255,1175,"exact"
2007,"denver",-21.4951,328,92.9756,114.471,65.7865,1176,"exact"
2007,"depaul",14.2244,54,110.405,96.1811,62.0249,1177,"exact"
2007,"detroit",0.660508,154,106.873,106.212,60.6283,1178,"exact"
2007,"drake",5.7779,110,113.699,107.921,67.1249,1179,"exact"
2007,"drexel",11.5857,70,103.998,92.4127,64.115,1180,"exact"
2007,"duke",23.6432,10,112.973,89.3301,63.6919,1181,"exact"
2007,"duquesne",-6.60068,222,107.652,114.252,72.7837,1182,"exact"
2007,"eastern illinois",-15.7889,307,94.5546,110.344,62.7118,1183,"exact"
2007,"eastern kentucky",-2.80238,188,102.437,105.239,60.6506,1184,"exact"
2007,"eastern michigan",-6.7884,225,97.9345,104.723,65.164,1185,"exact"
2007,"eastern washington",-2.56179,183,112.231,114.793,71.5255,1186,"exact"
2007,"east carolina",-15.7392,304,92.6196,108.359,63.03,1187,"exact"
2007,"elon",-11.7755,278,97.0325,108.808,62.8606,1189,"exact"
2007,"east tennessee st.",-2.19923,175,99.0737,101.273,69.2029,1190,"exact"
2007,"evansville",8.67418,84,112.998,104.323,63.7954,1191,"exact"
2007,"fairleigh dickinson",-9.75264,257,101.371,111.124,68.1099,1192,"exact"
2007,"fairfield",-5.24843,209,102.072,107.32,59.3139,1193,"exact"
2007,"florida atlantic",-7.2354,227,104.67,111.905,68.9384,1194,"exact"
2007,"florida",28.8619,3,120.927,92.0656,64.9276,1196,"exact"
2007,"florida a&m",-9.28363,248,100.826,110.11,67.1306,1197,"exact"
2007,"fiu",-12.7606,285,94.8104,107.571,66.3108,1198,"exact"
2007,"florida st.",17.3062,36,115.715,98.409,65.5252,1199,"exact"
2007,"fordham",2.53154,137,100.866,98.3341,62.3682,1200,"exact"
2007,"fresno st.",6.29936,106,101.593,95.2932,68.2425,1201,"exact"
2007,"furman",-3.5857,195,103.57,107.155,62.5878,1202,"exact"
2007,"george washington",8.66941,85,106.11,97.4405,66.4415,1203,"exact"
2007,"georgia southern",-4.03395,200,97.845,101.879,67.886,1204,"exact"
2007,"gardner webb",-12.3183,280,97.0995,109.418,63.1532,1205,"exact"
2007,"george mason",8.07891,91,106.433,98.354,60.3754,1206,"exact"
2007,"georgetown",28.0911,5,121.238,93.1473,59.1413,1207,"exact"
2007,"georgia",14.7489,49,110.304,95.5547,66.7437,1208,"exact"
2007,"georgia st.",-8.52571,241,100.833,109.358,63.716,1209,"exact"
2007,"georgia tech",19.7464,21,116.887,97.1408,67.0238,1210,"exact"
2007,"gonzaga",15.7845,44,116.012,100.227,66.5965,1211,"exact"
2007,"grambling st.",-17.671,315,93.74,111.411,66.8599,1212,"exact"
2007,"hampton",-9.19285,246,93.5021,102.695,68.5924,1214,"exact"
2007,"hartford",-8.11696,237,98.2476,106.365,63.2071,1216,"exact"
2007,"harvard",-9.65353,255,103.306,112.959,70.5449,1217,"exact"
2007,"hawaii",9.93757,77,104.359,94.4218,68.6962,1218,"exact"
2007,"high point",-2.14077,174,100.868,103.008,65.9114,1219,"exact"
2007,"hofstra",7.0939,98,114.786,107.692,64.2279,1220,"exact"
2007,"holy cross",7.65535,94,103.31,95.6542,61.7425,1221,"exact"
2007,"houston",7.25147,97,107.061,99.8097,68.219,1222,"exact"
2007,"howard",-21.9447,330,94.522,116.467,63.8792,1224,"exact"
2007,"idaho",-15.4592,299,94.1655,109.625,65.6836,1225,"exact"
2007,"idaho st.",-0.206697,158,104.582,104.788,59.6164,1226,"exact"
2007,"illinois chicago",0.776473,152,106.76,105.983,65.743,1227,"manual"
2007,"illinois",17.6003,34,107.542,89.9416,61.5558,1228,"exact"
2007,"illinois st.",8.50052,86,106.93,98.4297,64.5898,1229,"exact"
2007,"indiana",21.0657,13,116.372,95.3063,64.4417,1231,"exact"
2007,"indiana st.",2.04961,139,103.834,101.784,61.9576,1232,"exact"
2007,"iona",-19.394,323,87.4313,106.825,65.2273,1233,"exact"
2007,"iowa",11.0296,74,110.338,99.3083,65.9628,1234,"exact"
2007,"iowa st.",3.02062,132,101.431,98.4105,62.84,1235,"exact"
2007,"ipfw",-9.26521,247,98.6464,107.912,66.3145,1236,"exact"
2007,"iupui",-2.44781,180,106.875,109.323,62.4759,1237,"exact"
2007,"jackson st.",-9.31953,249,100.077,109.396,69.1948,1238,"exact"
2007,"jacksonville",-9.45682,253,100.272,109.729,69.671,1239,"exact"
2007,"jacksonville st.",-14.1543,295,97.5318,111.686,64.7683,1240,"exact"
2007,"james madison",-13.5799,290,102.101,115.681,62.5149,1241,"exact"
2007,"kansas",28.2605,4,115.098,86.837,68.0793,1242,"exact"
2007,"kansas st.",14.8262,48,110.062,95.2363,65.3025,1243,"exact"
2007,"kennesaw st.",-10.1936,264,99.2212,109.415,64.6576,1244,"exact"
2007,"kent st.",9.86858,78,105.106,95.2371,64.8381,1245,"exact"
2007,"kentucky",20.9347,15,115.724,94.7893,65.7553,1246,"exact"
2007,"la salle",-7.77952,235,104.471,112.25,66.4126,1247,"exact"
2007,"lafayette",-16.527,309,98.5751,115.102,66.883,1248,"exact"
2007,"lamar",-6.00711,216,103.386,109.394,68.3539,1249,"exact"
2007,"lehigh",-9.33574,250,98.2102,107.546,62.5107,1250,"exact"
2007,"liberty",-6.38285,218,101.888,108.271,67.8209,1251,"exact"
2007,"lipscomb",-2.97966,190,103.526,106.505,60.8881,1252,"exact"
2007,"long beach st.",6.37727,103,111.687,105.309,70.5918,1253,"exact"
2007,"liu brooklyn",-15.7699,305,96.1174,111.887,66.8066,1254,"exact"
2007,"longwood",-18.6379,320,91.2593,109.897,68.7144,1255,"exact"
2007,"louisiana tech",-3.80382,197,99.7474,103.551,65.2793,1256,"exact"
2007,"louisville",19.4594,23,112.8,93.3409,63.5029,1257,"exact"
2007,"loyola marymount",-5.4944,212,94.8038,100.298,67.2731,1258,"exact"
2007,"loyola md",-3.15165,191,107.003,110.155,65.2743,1259,"exact"
2007,"loyola chicago",8.43624,87,110.214,101.777,64.4286,1260,"exact"
2007,"lsu",13.853,57,107.407,93.5538,62.6377,1261,"exact"
2007,"maine",-10.1864,263,99.4444,109.631,65.6503,1263,"exact"
2007,"manhattan",-10.0423,261,96.7108,106.753,66.0246,1264,"exact"
2007,"marist",3.92711,125,109.68,105.753,66.0852,1265,"exact"
2007,"marquette",17.8501,32,112.208,94.3579,67.4391,1266,"exact"
2007,"marshall",-2.95038,189,100.604,103.555,66.7524,1267,"exact"
2007,"maryland",22.3158,12,112.483,90.1675,71.105,1268,"exact"
2007,"massachusetts",12.8985,64,108.515,95.6168,70.0906,1269,"exact"
2007,"mcneese st.",-10.6787,269,90.3076,100.986,64.957,1270,"exact"
2007,"maryland eastern shore",-27.0145,336,86.641,113.655,66.9768,1271,"exact"
2007,"memphis",24.8739,9,115.184,90.3103,68.0416,1272,"exact"
2007,"mercer",-15.4376,298,96.4181,111.856,71.3403,1273,"exact"
2007,"miami fl",5.5559,111,112.894,107.338,62.9794,1274,"exact"
2007,"miami oh",8.11199,89,105.408,97.2962,57.8835,1275,"exact"
2007,"michigan",13.8581,56,108.981,95.1227,62.2747,1276,"exact"
2007,"michigan st.",20.769,16,112.195,91.4261,60.1869,1277,"exact"
2007,"minnesota",-0.62786,160,100.994,101.622,64.6817,1278,"exact"
2007,"mississippi",13.1195,62,113.013,99.8935,66.3,1279,"exact"
2007,"mississippi st.",17.6419,33,113.752,96.1106,68.2844,1280,"exact"
2007,"missouri",13.0922,63,111.302,98.2097,71.4573,1281,"exact"
2007,"umkc",-5.50944,213,107.256,112.765,65.5728,1282,"exact"
2007,"missouri st.",18.3717,28,113.731,95.3592,67.0485,1283,"exact"
2007,"monmouth",-9.86965,260,99.3548,109.224,62.2241,1284,"exact"
2007,"montana",-3.22568,192,107.089,110.315,62.304,1285,"exact"
2007,"montana st.",-11.0898,273,97.4828,108.573,64.4822,1286,"exact"
2007,"morehead st.",-12.3692,281,97.6109,109.98,62.9517,1287,"exact"
2007,"morgan st.",-13.021,287,97.2224,110.243,65.915,1288,"exact"
2007,"mississippi valley st.",-9.73709,256,93.2099,102.947,62.8817,1290,"manual"
2007,"mount st. mary's",-8.42253,240,95.4667,103.889,64.0324,1291,"exact"
2007,"middle tennessee",-4.45175,202,98.2183,102.67,60.2388,1292,"exact"
2007,"murray st.",-6.44158,219,98.1572,104.599,64.4608,1293,"exact"
2007,"northern colorado",-16.8133,311,94.7707,111.584,66.8921,1294,"exact"
2007,"north dakota st.",6.34414,105,109.539,103.195,66.6366,1295,"exact"
2007,"northern illinois",-7.31544,228,101.993,109.309,65.2604,1296,"exact"
2007,"navy",-10.3762,265,95.4191,105.795,64.2741,1298,"exact"
2007,"north carolina a&t",-12.4919,283,96.0449,108.537,70.4137,1299,"exact"
2007,"nc state",9.57279,79,112.427,102.854,65.8415,1301,"exact"
2007,"nebraska",9.33546,81,109.08,99.745,61.6848,1304,"exact"
2007,"nevada",16.2229,41,117.804,101.581,65.7055,1305,"exact"
2007,"new hampshire",-13.3827,289,96.9814,110.364,59.5626,1306,"exact"
2007,"new mexico",1.98806,140,110.382,108.394,64.7834,1307,"exact"
2007,"new mexico st.",7.5367,95,108.471,100.934,69.3769,1308,"exact"
2007,"new orleans",-7.52652,233,107.444,114.97,63.6985,1309,"exact"
2007,"niagara",-2.69168,186,107.414,110.105,67.5343,1310,"exact"
2007,"nicholls st.",-11.088,272,102.331,113.419,68.5985,1311,"exact"
2007,"njit",-25.0026,334,85.273,110.276,64.8255,1312,"exact"
2007,"norfolk st.",-19.0236,322,96.9171,115.941,65.9138,1313,"exact"
2007,"north carolina",31.7371,1,120.45,88.7132,71.8899,1314,"exact"
2007,"north florida",-26.1147,335,82.3571,108.472,62.4238,1316,"exact"
2007,"north texas",-1.24693,164,102.971,104.218,68.6774,1317,"exact"
2007,"northeastern",-2.54808,182,101.189,103.738,64.0942,1318,"exact"
2007,"northern arizona",-0.940843,161,109.932,110.873,71.6759,1319,"exact"
2007,"northern iowa",11.5985,69,108.887,97.2884,61.1918,1320,"exact"
2007,"northwestern",2.38034,138,105.32,102.94,56.3394,1321,"exact"
2007,"northwestern st.",-1.34803,165,104.587,105.935,74.0871,1322,"exact"
2007,"notre dame",20.7354,17,119.18,98.4445,69.886,1323,"exact"
2007,"oakland",3.59483,127,110.115,106.52,63.3849,1324,"exact"
2007,"ohio",4.07026,123,109.289,105.219,65.7031,1325,"exact"
2007,"ohio st.",28.8677,2,119.341,90.4737,64.2281,1326,"exact"
2007,"oklahoma",14.0647,55,107.541,93.4765,62.2965,1328,"exact"
2007,"oklahoma st.",11.5816,71,109.703,98.1213,65.0867,1329,"exact"
2007,"old dominion",13.2754,61,109.203,95.9276,65.4798,1330,"exact"
2007,"oral roberts",9.03458,83,107.181,98.146,66.0598,1331,"exact"
2007,"oregon",19.7274,22,117.207,97.4793,65.5537,1332,"exact"
2007,"oregon st.",-2.70977,187,102.105,104.815,64.6167,1333,"exact"
2007,"pacific",-5.14321,207,104.576,109.72,61.7969,1334,"exact"
2007,"penn",8.17781,88,110.281,102.103,67.5944,1335,"exact"
2007,"penn st.",1.36196,145,108.147,106.785,62.4014,1336,"exact"
2007,"pepperdine",-6.47501,220,104.886,111.361,71.8514,1337,"exact"
2007,"pittsburgh",22.8504,11,118.425,95.5748,61.3083,1338,"exact"
2007,"portland",-11.1945,274,94.6779,105.872,63.2386,1339,"exact"
2007,"portland st.",-2.12698,173,104.544,106.671,70.3809,1340,"exact"
2007,"prairie view a&m",-23.7173,332,84.0083,107.726,69.1386,1341,"exact"
2007,"princeton",-10.5379,268,92.3636,102.901,51.072,1343,"exact"
2007,"providence",11.1353,73,112.173,101.038,67.9676,1344,"exact"
2007,"purdue",17.5977,35,110.368,92.7698,66.1644,1345,"exact"
2007,"quinnipiac",-9.36105,251,98.8524,108.213,69.0474,1346,"exact"
2007,"radford",-13.6902,292,94.8433,108.534,69.059,1347,"exact"
2007,"rhode island",2.79873,135,113.101,110.302,67.1698,1348,"exact"
2007,"rice",-1.9822,171,103.031,105.013,65.308,1349,"exact"
2007,"richmond",-11.7358,277,99.3231,111.059,58.6826,1350,"exact"
2007,"rider",-9.01925,242,101.89,110.909,67.2321,1351,"exact"
2007,"robert morris",-5.40587,211,106.614,112.02,65.6143,1352,"exact"
2007,"rutgers",-5.23943,208,101.235,106.474,60.4776,1353,"exact"
2007,"south carolina st.",-12.8126,286,95.54,108.353,64.0056,1354,"exact"
2007,"south dakota st.",-18.2887,319,94.328,112.617,64.3552,1355,"exact"
2007,"southern illinois",20.283,20,109.583,89.2996,60.412,1356,"exact"
2007,"sacred heart",-2.58288,184,107.552,110.135,70.7367,1357,"exact"
2007,"sam houston st.",2.88787,134,106.017,103.129,69.1702,1358,"exact"
2007,"samford",-6.73233,223,105.958,112.69,54.0649,1359,"exact"
2007,"san diego",-0.427686,159,107.379,107.806,68.5916,1360,"exact"
2007,"san diego st.",9.10883,82,104.074,94.9651,68.3513,1361,"exact"
2007,"san francisco",-0.148563,157,105.032,105.18,67.7311,1362,"exact"
2007,"san jose st.",-7.42431,232,94.9759,102.4,65.3004,1363,"exact"
2007,"uc santa barbara",0.817476,151,105.189,104.372,62.9902,1364,"exact"
2007,"santa clara",10.0212,76,106.473,96.4517,63.3667,1365,"exact"
2007,"savannah st.",-20.4106,326,87.7803,108.191,63.6369,1366,"exact"
2007,"southeastern louisiana",-7.33369,229,101.977,109.31,62.6456,1368,"exact"
2007,"southeast missouri st.",-14.4279,296,99.1341,113.562,70.5181,1369,"manual"
2007,"seton hall",6.21257,108,108.278,102.065,69.7855,1371,"exact"
2007,"stephen f. austin",-3.83159,198,98.0937,101.925,59.9444,1372,"exact"
2007,"siena",1.17004,148,106.932,105.762,68.113,1373,"exact"
2007,"smu",-1.56588,168,101.369,102.935,60.4716,1374,"exact"
2007,"south alabama",0.875518,150,104.248,103.373,63.7983,1375,"exact"
2007,"south carolina",3.3724,131,110.024,106.651,60.463,1376,"exact"
2007,"south florida",0.713997,153,101.796,101.082,64.7825,1378,"exact"
2007,"southern miss",3.61322,126,103.834,100.22,64.7412,1379,"exact"
2007,"southern",-15.7778,306,88.9802,104.758,65.9659,1380,"exact"
2007,"southern utah",-2.41698,178,103.476,105.893,62.5488,1381,"exact"
2007,"st. bonaventure",-15.0409,297,98.58,113.621,67.4449,1382,"exact"
2007,"st. francis ny",-12.0595,279,93.2891,105.349,64.4714,1383,"manual"
2007,"st. john's",3.45526,128,103.223,99.7678,63.4003,1385,"exact"
2007,"saint joseph's",7.38259,96,109.09,101.707,62.0156,1386,"exact"
2007,"saint louis",4.67449,119,104.756,100.082,61.3502,1387,"exact"
2007,"saint mary's",6.43553,102,106.265,99.83,64.5806,1388,"exact"
2007,"saint peter's",-17.2224,314,88.808,106.03,63.3818,1389,"exact"
2007,"stanford",12.3543,67,109.515,97.1603,65.2687,1390,"exact"
2007,"stetson",-16.5307,310,97.0211,113.552,64.5571,1391,"exact"
2007,"stony brook",-11.5953,276,92.8755,104.471,63.964,1392,"exact"
2007,"syracuse",17.065,38,112.032,94.9672,69.8075,1393,"exact"
2007,"texas a&m corpus chris",7.72391,93,114.201,106.477,67.5189,1394,"manual"
2007,"tcu",-2.23066,176,95.9356,98.1663,66.343,1395,"exact"
2007,"temple",3.40211,130,110.361,106.959,68.2477,1396,"exact"
2007,"tennessee",16.4443,40,113.576,97.1313,71.0474,1397,"exact"
2007,"tennessee st.",-12.3844,282,97.3479,109.732,64.0881,1398,"exact"
2007,"tennessee tech",-1.81355,169,103.08,104.893,68.9259,1399,"exact"
2007,"texas",20.5363,19,120.376,99.8398,66.9647,1400,"exact"
2007,"texas a&m",27.3305,6,119.182,91.8518,63.6458,1401,"exact"
2007,"texas st.",-16.4212,308,97.7282,114.149,74.574,1402,"exact"
2007,"texas tech",11.6325,68,111.978,100.346,64.2774,1403,"exact"
2007,"tennessee martin",-17.0191,312,94.1183,111.137,66.0654,1404,"manual"
2007,"toledo",5.83974,109,105.802,99.9626,66.4012,1405,"exact"
2007,"towson",0.955753,149,105.416,104.46,64.1376,1406,"exact"
2007,"troy",-7.41157,231,105.437,112.849,66.6943,1407,"exact"
2007,"tulane",1.77968,142,102.631,100.852,69.2152,1408,"exact"
2007,"tulsa",5.28019,115,101.302,96.0222,64.9778,1409,"exact"
2007,"texas pan american",-10.3995,266,101.591,111.99,63.653,1410,"manual"
2007,"texas southern",-18.8491,321,89.4293,108.278,68.7707,1411,"exact"
2007,"uab",4.78305,117,102.394,97.6105,63.4604,1412,"exact"
2007,"uc davis",-17.909,318,93.2189,111.128,68.6262,1413,"exact"
2007,"uc irvine",-1.4627,167,99.4662,100.929,63.9165,1414,"exact"
2007,"uc riverside",-15.7323,303,93.7496,109.482,65.7349,1415,"exact"
2007,"ucf",5.5198,112,109.3,103.781,63.0376,1416,"exact"
2007,"ucla",25.2454,8,116.164,90.9188,63.0382,1417,"exact"
2007,"louisiana lafayette",-11.0071,271,98.1724,109.18,64.9787,1418,"manual"
2007,"umbc",-10.5034,267,99.5331,110.036,61.1218,1420,"exact"
2007,"unc asheville",-9.06676,243,96.6648,105.732,67.5233,1421,"exact"
2007,"unc greensboro",-1.14867,163,102.192,103.341,66.1643,1422,"exact"
2007,"unc wilmington",-6.77816,224,99.5216,106.3,65.1096,1423,"exact"
2007,"unlv",15.6493,46,111.624,95.9746,64.7378,1424,"exact"
2007,"usc",14.4031,51,109.896,95.4932,66.6094,1425,"exact"
2007,"ut arlington",-10.0674,262,101.09,111.157,69.4088,1426,"exact"
2007,"utsa",-17.6906,316,86.4614,104.152,62.7556,1427,"exact"
2007,"utah",1.29842,146,113.381,112.083,60.6588,1428,"exact"
2007,"utah st.",8.08204,90,111.403,103.321,62.9605,1429,"exact"
2007,"utah valley st.",6.73828,101,109.787,103.049,62.068,1430,"exact"
2007,"utep",2.72734,136,103.581,100.853,71.5772,1431,"exact"
2007,"vcu",14.3693,52,116.022,101.653,64.6616,1433,"exact"
2007,"valparaiso",1.45818,144,101.042,99.584,63.8411,1434,"exact"
2007,"vanderbilt",13.6783,59,114.982,101.303,66.2076,1435,"exact"
2007,"vermont",4.03263,124,106.003,101.97,65.6115,1436,"exact"
2007,"villanova",20.6914,18,113.578,92.8864,65.5366,1437,"exact"
2007,"virginia",14.2454,53,112.895,98.6492,67.7343,1438,"exact"
2007,"virginia tech",17.9139,30,113.073,95.159,63.1958,1439,"exact"
2007,"vmi",-8.18061,238,106.165,114.346,89.2172,1440,"exact"
2007,"western carolina",-8.28771,239,101.333,109.621,67.013,1441,"exact"
2007,"western illinois",-17.0606,313,92.647,109.708,63.4101,1442,"exact"
2007,"western kentucky",4.97716,116,112.107,107.13,67.7759,1443,"exact"
2007,"western michigan",4.72477,118,107.965,103.241,67.1925,1444,"exact"
2007,"wagner",-13.0256,288,98.1211,111.147,67.6919,1447,"exact"
2007,"wake forest",6.28539,107,107.297,101.012,70.1751,1448,"exact"
2007,"washington",11.5557,72,112.653,101.097,68.7106,1449,"exact"
2007,"washington st.",17.8933,31,111.012,93.1182,59.623,1450,"exact"
2007,"weber st.",-2.30205,177,102.37,104.672,64.785,1451,"exact"
2007,"west virginia",17.1303,37,116.154,99.0237,62.0828,1452,"exact"
2007,"green bay",1.79636,141,107.218,105.422,63.6685,1453,"exact"
2007,"milwaukee",-5.35221,210,100.023,105.375,66.4128,1454,"exact"
2007,"wichita st.",12.5228,65,110.994,98.4714,62.9115,1455,"exact"
2007,"william & mary",-3.58025,194,102.764,106.344,62.625,1456,"exact"
2007,"winthrop",14.7077,50,113.314,98.6066,61.0453,1457,"exact"
2007,"wisconsin",26.0394,7,115.733,89.6933,63.2879,1458,"exact"
2007,"wofford",-9.3835,252,104.562,113.945,65.4806,1459,"exact"
2007,"wright st.",7.03058,100,104.652,97.6213,62.093,1460,"exact"
2007,"wyoming",3.00989,133,108.689,105.679,68.3997,1461,"exact"
2007,"xavier",18.3007,29,117.35,99.0491,65.7488,1462,"exact"
2007,"yale",-1.88403,170,102.527,104.411,65.7901,1463,"exact"
2007,"youngstown st.",-2.53494,181,102.667,105.202,65.0152,1464,"exact"
2007,"winston salem st.",-21.5451,329,89.9268,111.472,67.5051,1475,"manual"
2008,"air force",1.44645,155,100.78,99.3339,55.6405,1102,"exact"
2008,"akron",10.1543,79,111.242,101.088,62.6372,1103,"exact"
2008,"alabama",8.77937,88,110.582,101.803,65.9977,1104,"exact"
2008,"alabama a&m",-16.7398,318,89.2689,106.009,67.5386,1105,"exact"
2008,"alabama st.",-4.82841,208,102.016,106.844,63.7104,1106,"exact"
2008,"albany",-1.84494,177,102.957,104.802,62.7037,1107,"exact"
2008,"alcorn st.",-24.8141,339,93.2823,118.096,67.0995,1108,"exact"
2008,"american",1.686,149,108.308,106.622,59.5974,1110,"exact"
2008,"appalachian st.",1.76261,147,105.483,103.721,64.6131,1111,"exact"
2008,"arizona",20.2271,19,116.577,96.3494,62.8325,1112,"exact"
2008,"arizona st.",15.0174,41,110.561,95.5438,60.7725,1113,"exact"
2008,"arkansas little rock",-3.24753,194,94.8857,98.1332,64.1091,1114,"manual"
2008,"arkansas pine bluff",-19.5883,329,87.4973,107.086,62.0268,1115,"manual"
2008,"arkansas",14.8678,42,109.701,94.8336,66.2236,1116,"exact"
2008,"arkansas st.",-10.2982,271,104.791,115.089,63.4691,1117,"exact"
2008,"army",-9.42866,264,89.2364,98.6651,62.2383,1119,"exact"
2008,"auburn",1.60322,152,109.565,107.962,64.4248,1120,"exact"
2008,"austin peay",-0.173098,163,104.504,104.677,64.9848,1122,"exact"
2008,"ball st.",-7.01107,233,95.6213,102.632,60.4732,1123,"exact"
2008,"baylor",15.3717,38,115.389,100.017,69.34,1124,"exact"
2008,"belmont",2.57916,140,109.436,106.857,68.1091,1125,"exact"
2008,"bethune cookman",-18.3271,324,92.0879,110.415,57.1959,1126,"fuzzy"
2008,"binghamton",-5.90551,222,99.7937,105.699,61.6682,1127,"exact"
2008,"boise st.",4.12039,126,108.605,104.484,70.2142,1129,"exact"
2008,"boston college",6.13421,104,108.69,102.555,63.6198,1130,"exact"
2008,"boston university",-6.15229,226,96.9937,103.146,62.4468,1131,"exact"
2008,"bowling green",-4.15281,203,100.361,104.514,63.0147,1132,"exact"
2008,"bradley",8.70515,90,110.915,102.21,67.4939,1133,"exact"
2008,"brown",3.10752,134,108.004,104.897,60.2885,1135,"exact"
2008,"bucknell",-7.47882,242,95.6584,103.137,61.5048,1137,"exact"
2008,"buffalo",-2.30352,181,100.527,102.831,70.6241,1138,"exact"
2008,"butler",19.2975,26,116.138,96.8401,58.5955,1139,"exact"
2008,"byu",16.0675,34,106.852,90.7846,67.4202,1140,"exact"
2008,"central michigan",-1.90821,178,103.02,104.928,67.2659,1141,"exact"
2008,"cal poly",-9.53333,267,95.1362,104.669,64.5269,1142,"exact"
2008,"california",12.5673,57,116.729,104.162,67.3719,1143,"exact"
2008,"campbell",-12.8752,289,95.8837,108.759,67.8212,1144,"exact"
2008,"canisius",-15.399,307,94.7309,110.13,63.3606,1145,"exact"
2008,"central arkansas",-11.5702,278,94.1728,105.743,64.3832,1146,"exact"
2008,"centenary",-10.3086,272,99.9144,110.223,66.7277,1147,"exact"
2008,"central connecticut",-4.04162,202,104.164,108.206,61.8414,1148,"exact"
2008,"charleston southern",-16.6166,317,98.8771,115.494,67.6951,1149,"exact"
2008,"charlotte",9.72365,82,104.796,95.0726,66.031,1150,"exact"
2008,"chattanooga",0.303198,162,101.982,101.678,71.2812,1151,"exact"
2008,"chicago st.",-9.18382,262,102.217,111.401,70.2006,1152,"exact"
2008,"cincinnati",6.11588,105,104.454,98.3385,62.89,1153,"exact"
2008,"the citadel",-21.602,330,94.5151,116.117,61.4303,1154,"exact"
2008,"clemson",22.3653,12,114.102,91.7372,67.3837,1155,"exact"
2008,"cleveland st.",6.63127,101,103.115,96.484,64.1945,1156,"exact"
2008,"coastal carolina",-12.3287,284,99.0216,111.35,62.9516,1157,"exact"
2008,"college of charleston",-0.86828,169,106.285,107.153,65.1032,1158,"exact"
2008,"colgate",-3.21124,192,97.9136,101.125,63.2693,1159,"exact"
2008,"colorado",4.37425,124,104.597,100.223,60.1865,1160,"exact"
2008,"colorado st.",-9.43746,265,101.916,111.354,62.9576,1161,"exact"
2008,"columbia",-9.2054,263,97.1556,106.361,61.2432,1162,"exact"
2008,"connecticut",19.1215,28,115.173,96.0511,66.6029,1163,"exact"
2008,"coppin st.",-14.2405,297,92.4179,106.658,62.2413,1164,"exact"
2008,"cornell",5.04434,115,110.651,105.607,67.2439,1165,"exact"
2008,"creighton",12.175,65,110.227,98.0522,64.4725,1166,"exact"
2008,"cal st. bakersfield",-17.0663,319,96.4741,113.54,64.4884,1167,"manual"
2008,"cal st. fullerton",8.87459,87,112.978,104.103,70.926,1168,"exact"
2008,"cal st. northridge",3.67856,128,102.121,98.442,71.6194,1169,"exact"
2008,"sacramento st.",-22.1377,333,90.0046,112.142,67.981,1170,"exact"
2008,"dartmouth",-15.8784,313,92.2791,108.158,63.9365,1171,"exact"
2008,"davidson",20.5532,18,114.056,93.5027,66.0806,1172,"exact"
2008,"dayton",11.2498,72,111.924,100.674,60.7477,1173,"exact"
2008,"delaware",-4.5159,206,97.5834,102.099,64.2245,1174,"exact"
2008,"delaware st.",-10.9359,275,101.482,112.418,54.831,1175,"exact"
2008,"denver",-7.03668,234,98.3114,105.348,54.4947,1176,"exact"
2008,"depaul",4.95108,119,111.409,106.458,65.0534,1177,"exact"
2008,"detroit",-8.31575,251,100.622,108.938,59.6835,1178,"exact"
2008,"drake",22.3393,14,119.786,97.4463,61.8906,1179,"exact"
2008,"drexel",-8.57528,258,90.6744,99.2496,63.6863,1180,"exact"
2008,"duke",27.6285,5,117.443,89.8149,70.9709,1181,"exact"
2008,"duquesne",9.78205,81,108.725,98.9427,72.8319,1182,"exact"
2008,"eastern illinois",-18.3867,325,95.6515,114.038,60.9712,1183,"exact"
2008,"eastern kentucky",-11.4706,277,97.503,108.974,59.4054,1184,"exact"
2008,"eastern michigan",-2.31414,182,104.552,106.866,61.8152,1185,"exact"
2008,"eastern washington",-7.84925,246,96.3389,104.188,63.2959,1186,"exact"
2008,"east carolina",-6.37903,227,103.468,109.847,64.5416,1187,"exact"
2008,"elon",-3.34585,195,97.6116,100.957,61.1578,1189,"exact"
2008,"east tennessee st.",-1.60427,174,103.623,105.227,70.694,1190,"exact"
2008,"evansville",-5.09407,211,98.7572,103.851,62.1644,1191,"exact"
2008,"fairleigh dickinson",-14.8978,303,99.7805,114.678,66.9306,1192,"exact"
2008,"fairfield",-5.26749,216,104.899,110.166,59.8171,1193,"exact"
2008,"florida atlantic",-5.90941,223,102.484,108.394,68.0245,1194,"exact"
2008,"florida gulf coast",-15.4127,308,94.3783,109.791,66.7924,1195,"exact"
2008,"florida",13.0163,54,115.814,102.797,64.2035,1196,"exact"
2008,"florida a&m",-14.6333,302,94.2169,108.85,64.9181,1197,"exact"
2008,"fiu",-8.96477,261,92.9215,101.886,65.7262,1198,"exact"
2008,"florida st.",12.4871,59,108.995,96.5082,64.2429,1199,"exact"
2008,"fordham",0.455955,161,102.926,102.47,61.224,1200,"exact"
2008,"fresno st.",-2.76459,186,98.7465,101.511,65.9625,1201,"exact"
2008,"furman",-13.8866,295,94.9002,108.787,63.3002,1202,"exact"
2008,"george washington",-1.31558,173,100.601,101.916,62.7072,1203,"exact"
2008,"georgia southern",3.119,132,105.447,102.328,68.366,1204,"exact"
2008,"gardner webb",-3.1175,191,103.435,106.552,69.4462,1205,"exact"
2008,"george mason",10.2781,77,111.486,101.207,60.9624,1206,"exact"
2008,"georgetown",24.9836,7,114.989,90.0051,59.8577,1207,"exact"
2008,"georgia",7.89531,94,104.018,96.1227,64.1104,1208,"exact"
2008,"georgia st.",-8.41282,255,98.2487,106.662,61.5152,1209,"exact"
2008,"georgia tech",13.1658,52,114.274,101.108,67.967,1210,"exact"
2008,"gonzaga",19.3301,25,114.221,94.8911,65.1856,1211,"exact"
2008,"grambling st.",-24.3044,338,90.7259,115.03,67.673,1212,"exact"
2008,"hampton",-5.00606,210,94.3261,99.3321,65.8377,1214,"exact"
2008,"hartford",-7.73074,245,102.326,110.057,65.8682,1216,"exact"
2008,"harvard",-11.6471,279,99.7434,111.39,66.3005,1217,"exact"
2008,"hawaii",-6.89985,231,102.067,108.967,66.1138,1218,"exact"
2008,"high point",-2.71002,185,103.055,105.765,61.2621,1219,"exact"
2008,"hofstra",-5.17651,213,97.7538,102.93,66.5159,1220,"exact"
2008,"holy cross",-1.07715,171,101.057,102.134,58.9263,1221,"exact"
2008,"houston",10.2248,78,113.018,102.793,68.6804,1222,"exact"
2008,"howard",-23.184,334,85.8144,108.998,62.0021,1224,"exact"
2008,"idaho",-13.2077,291,96.2586,109.466,63.5144,1225,"exact"
2008,"idaho st.",-13.7542,294,95.88,109.634,59.3942,1226,"exact"
2008,"illinois chicago",5.3758,112,104.674,99.298,65.0432,1227,"manual"
2008,"illinois",13.723,48,107.536,93.8133,60.4286,1228,"exact"
2008,"illinois st.",13.7059,49,108.249,94.5428,61.6387,1229,"exact"
2008,"indiana",19.5064,24,114.362,94.8557,65.6213,1231,"exact"
2008,"indiana st.",3.59536,129,105.878,102.283,63.7409,1232,"exact"
2008,"iona",-6.01696,224,94.8161,100.833,65.6432,1233,"exact"
2008,"iowa",2.10356,142,98.7262,96.6226,58.1897,1234,"exact"
2008,"iowa st.",4.4141,123,101.645,97.2305,63.3686,1235,"exact"
2008,"ipfw",-3.54119,197,100.599,104.14,64.9457,1236,"exact"
2008,"iupui",11.8951,67,116.536,104.641,60.2366,1237,"exact"
2008,"jackson st.",-16.108,315,92.8615,108.97,69.3209,1238,"exact"
2008,"jacksonville",-5.23935,215,101.825,107.065,65.5068,1239,"exact"
2008,"jacksonville st.",-18.4628,326,97.1824,115.645,66.6403,1240,"exact"
2008,"james madison",-5.30067,217,103.774,109.074,67.9441,1241,"exact"
2008,"kansas",33.9647,1,121.433,87.4681,66.8546,1242,"exact"
2008,"kansas st.",18.8909,29,113.383,94.4917,69.2125,1243,"exact"
2008,"kennesaw st.",-15.7172,312,94.125,109.842,67.5036,1244,"exact"
2008,"kent st.",13.8274,47,108.462,94.6345,64.1316,1245,"exact"
2008,"kentucky",9.70175,83,106.849,97.1469,61.9035,1246,"exact"
2008,"la salle",1.70663,148,107.111,105.404,68.3042,1247,"exact"
2008,"lafayette",-2.69522,184,106.359,109.054,67.9329,1248,"exact"
2008,"lamar",0.715912,158,108.114,107.398,69.2249,1249,"exact"
2008,"lehigh",-8.25655,250,96.3615,104.618,63.5139,1250,"exact"
2008,"liberty",-4.4566,204,103.561,108.017,61.6126,1251,"exact"
2008,"lipscomb",-3.7505,198,101.094,104.844,65.5886,1252,"exact"
2008,"long beach st.",-14.5921,300,96.3335,110.926,62.2301,1253,"exact"
2008,"liu brooklyn",-5.23067,214,100.471,105.701,68.7578,1254,"exact"
2008,"longwood",-18.5551,327,97.8792,116.434,65.7973,1255,"exact"
2008,"louisiana tech",-19.0075,328,93.1921,112.2,62.5439,1256,"exact"
2008,"louisville",23.198,11,111.828,88.6299,64.6887,1257,"exact"
2008,"loyola marymount",-22.1003,332,91.2182,113.318,67.5498,1258,"exact"
2008,"loyola md",-0.242011,165,107.772,108.014,64.0603,1259,"exact"
2008,"loyola chicago",-3.89027,199,99.9827,103.873,59.6592,1260,"exact"
2008,"lsu",4.97428,118,104.676,99.702,64.9504,1261,"exact"
2008,"maine",-17.8322,322,92.3749,110.207,65.5872,1263,"exact"
2008,"manhattan",-7.72959,244,101.504,109.234,65.3826,1264,"exact"
2008,"marist",1.51626,153,105.944,104.428,62.6492,1265,"exact"
2008,"marquette",21.8442,16,113.463,91.6188,66.3008,1266,"exact"
2008,"marshall",2.15286,141,105.924,103.771,62.2428,1267,"exact"
2008,"maryland",11.8327,68,107.076,95.2435,69.5264,1268,"exact"
2008,"massachusetts",11.3777,71,110.524,99.1462,73.5957,1269,"exact"
2008,"mcneese st.",-7.14933,236,96.4454,103.595,64.4808,1270,"exact"
2008,"maryland eastern shore",-28.2145,340,86.0525,114.267,66.4598,1271,"exact"
2008,"memphis",29.3779,3,114.695,85.3169,67.7113,1272,"exact"
2008,"mercer",-12.0199,282,97.4012,109.421,70.2078,1273,"exact"
2008,"miami fl",14.3957,44,112.167,97.7713,64.7318,1274,"exact"
2008,"miami oh",10.4732,76,109.001,98.5274,57.3897,1275,"exact"
2008,"michigan",2.81808,136,104.411,101.593,63.5276,1276,"exact"
2008,"michigan st.",20.8814,17,115.444,94.5625,62.7366,1277,"exact"
2008,"minnesota",12.2047,63,109.11,96.9058,64.5968,1278,"exact"
2008,"mississippi",12.2857,62,113.16,100.874,68.2651,1279,"exact"
2008,"mississippi st.",15.8174,35,107.347,91.5296,65.8268,1280,"exact"
2008,"missouri",13.0209,53,113.203,100.182,68.6262,1281,"exact"
2008,"umkc",-8.43457,256,100.012,108.447,65.2351,1282,"exact"
2008,"missouri st.",8.77418,89,108.134,99.3597,64.4373,1283,"exact"
2008,"monmouth",-15.4961,309,92.8728,108.369,59.6896,1284,"exact"
2008,"montana",-3.22256,193,106.819,110.041,61.5597,1285,"exact"
2008,"montana st.",-6.62964,229,104.925,111.555,65.7078,1286,"exact"
2008,"morehead st.",-12.6765,287,95.0846,107.761,61.9507,1287,"exact"
2008,"morgan st.",-0.307581,167,99.5103,99.8179,64.1152,1288,"exact"
2008,"mississippi valley st.",-14.9674,304,92.1127,107.08,62.3905,1290,"manual"
2008,"mount st. mary's",-1.04085,170,99.0167,100.058,65.2309,1291,"exact"
2008,"middle tennessee",-0.270183,166,104.818,105.088,61.5617,1292,"exact"
2008,"murray st.",-4.04123,201,104.107,108.148,63.1012,1293,"exact"
2008,"northern colorado",-6.90698,232,100.098,107.005,66.9952,1294,"exact"
2008,"north dakota st.",3.11607,133,106.965,103.849,66.3168,1295,"exact"
2008,"northern illinois",-9.63359,268,96.8732,106.507,68.8029,1296,"exact"
2008,"navy",-3.8957,200,101.268,105.163,72.6443,1298,"exact"
2008,"north carolina a&t",-15.3197,306,95.8865,111.206,66.6695,1299,"exact"
2008,"north carolina central",-23.2369,336,85.147,108.384,67.7365,1300,"exact"
2008,"nc state",5.37791,111,107.245,101.867,62.0638,1301,"exact"
2008,"nebraska",15.1288,39,107.815,92.6866,60.882,1304,"exact"
2008,"nevada",6.78432,98,108.059,101.275,66.7498,1305,"exact"
2008,"new hampshire",-11.363,276,97.0602,108.423,64.5178,1306,"exact"
2008,"new mexico",17.3867,31,111.412,94.0257,63.9418,1307,"exact"
2008,"new mexico st.",6.93614,97,108.085,101.149,69.0387,1308,"exact"
2008,"new orleans",-2.00332,180,104.573,106.576,67.5203,1309,"exact"
2008,"niagara",2.62536,139,106.427,103.801,69.2122,1310,"exact"
2008,"nicholls st.",-7.38365,239,94.8164,102.2,64.1662,1311,"exact"
2008,"njit",-32.7985,341,77.1281,109.927,69.0839,1312,"exact"
2008,"norfolk st.",-12.9683,290,96.835,109.803,68.0533,1313,"exact"
2008,"north carolina",28.1446,4,120.686,92.5415,71.9191,1314,"exact"
2008,"north florida",-23.746,337,86.0909,109.837,63.7152,1316,"exact"
2008,"north texas",3.15389,131,105.92,102.767,67.4816,1317,"exact"
2008,"northeastern",1.50006,154,103.023,101.523,60.7174,1318,"exact"
2008,"northern arizona",1.65095,150,105.683,104.032,65.578,1319,"exact"
2008,"northern iowa",5.03027,116,105.844,100.813,58.637,1320,"exact"
2008,"northwestern",-2.98953,188,105.293,108.283,60.3468,1321,"exact"
2008,"northwestern st.",-8.37276,253,98.554,106.927,71.9115,1322,"exact"
2008,"notre dame",19.1955,27,116.335,97.1396,68.9559,1323,"exact"
2008,"oakland",2.65156,137,111.786,109.134,66.5008,1324,"exact"
2008,"ohio",7.85255,95,108.926,101.073,62.1965,1325,"exact"
2008,"ohio st.",16.5042,33,109.392,92.8876,62.3792,1326,"exact"
2008,"oklahoma",15.0751,40,109.474,94.3986,62.5674,1328,"exact"
2008,"oklahoma st.",11.5166,70,109.552,98.0353,63.4968,1329,"exact"
2008,"old dominion",4.81419,121,106.356,101.542,62.2561,1330,"exact"
2008,"oral roberts",11.1323,73,104.822,93.6893,62.6931,1331,"exact"
2008,"oregon",16.6554,32,119.29,102.634,64.9184,1332,"exact"
2008,"oregon st.",-7.27308,237,95.4755,102.749,64.36,1333,"exact"
2008,"pacific",2.64012,138,107.135,104.495,63.006,1334,"exact"
2008,"penn",-12.7422,288,95.9653,108.707,67.8108,1335,"exact"
2008,"penn st.",3.56307,130,107.661,104.098,62.799,1336,"exact"
2008,"pepperdine",-6.14923,225,99.9238,106.073,72.0357,1337,"exact"
2008,"pittsburgh",19.5116,23,116.407,96.8952,63.1376,1338,"exact"
2008,"portland",-9.5308,266,98.9172,108.448,61.9424,1339,"exact"
2008,"portland st.",5.83665,108,108.411,102.574,65.7791,1340,"exact"
2008,"prairie view a&m",-21.7959,331,89.5041,111.3,68.7337,1341,"exact"
2008,"presbyterian",-13.7075,293,97.3939,111.101,57.8477,1342,"exact"
2008,"princeton",-15.6187,311,93.2562,108.875,58.2007,1343,"exact"
2008,"providence",8.96079,86,109.935,100.974,65.6222,1344,"exact"
2008,"purdue",18.089,30,109.692,91.6027,65.7787,1345,"exact"
2008,"quinnipiac",-7.35026,238,104.763,112.113,65.9578,1346,"exact"
2008,"radford",-14.2986,298,95.8356,110.134,67.5859,1347,"exact"
2008,"rhode island",10.7983,74,115.022,104.224,68.9743,1348,"exact"
2008,"rice",-15.0066,305,86.5477,101.554,64.492,1349,"exact"
2008,"richmond",0.899993,156,101.099,100.199,60.8051,1350,"exact"
2008,"rider",4.23565,125,108.141,103.905,68.1179,1351,"exact"
2008,"robert morris",1.94579,145,102.81,100.864,68.242,1352,"exact"
2008,"rutgers",-3.00178,189,95.783,98.7848,63.9376,1353,"exact"
2008,"south carolina st.",-16.5413,316,95.4858,112.027,69.6551,1354,"exact"
2008,"south dakota st.",-10.3599,273,99.0563,109.416,63.8228,1355,"exact"
2008,"southern illinois",12.3887,61,105.694,93.3054,60.4818,1356,"exact"
2008,"sacred heart",-4.80274,207,101.551,106.354,67.283,1357,"exact"
2008,"sam houston st.",2.93426,135,96.5227,93.5885,66.8973,1358,"exact"
2008,"samford",-14.4211,299,96.8035,111.225,53.893,1359,"exact"
2008,"san diego",4.53284,122,101.501,96.9684,62.4343,1360,"exact"
2008,"san diego st.",9.11087,85,105.48,96.3687,63.5347,1361,"exact"
2008,"san francisco",-8.34236,252,99.043,107.385,65.2491,1362,"exact"
2008,"san jose st.",-8.71351,259,97.7893,106.503,66.0806,1363,"exact"
2008,"uc santa barbara",5.36232,113,102.381,97.0189,64.3511,1364,"exact"
2008,"santa clara",1.64284,151,100.85,99.207,59.1722,1365,"exact"
2008,"savannah st.",-12.2882,283,87.9961,100.284,65.6146,1366,"exact"
2008,"usc upstate",-12.3354,286,93.3333,105.669,62.7013,1367,"exact"
2008,"southeastern louisiana",-4.48566,205,95.7673,100.253,63.4462,1368,"exact"
2008,"southeast missouri st.",-15.5416,310,95.9771,111.519,73.7425,1369,"manual"
2008,"seton hall",5.74623,109,110.406,104.659,68.5162,1371,"exact"
2008,"stephen f. austin",8.42399,91,107.926,99.5019,57.0009,1372,"exact"
2008,"siena",6.75339,99,108.144,101.391,66.6906,1373,"exact"
2008,"smu",-12.3308,285,94.756,107.087,63.8258,1374,"exact"
2008,"south alabama",12.6239,56,112.779,100.155,64.0943,1375,"exact"
2008,"south carolina",5.89035,107,108.669,102.778,64.1229,1376,"exact"
2008,"south florida",5.06504,114,107.044,101.979,62.7589,1378,"exact"
2008,"southern miss",6.59527,102,108.075,101.48,62.6991,1379,"exact"
2008,"southern",-16.1022,314,89.9296,106.032,62.5954,1380,"exact"
2008,"southern utah",-5.50539,218,102.189,107.694,64.0391,1381,"exact"
2008,"st. bonaventure",-5.74831,219,104.433,110.182,64.1605,1382,"exact"
2008,"st. francis ny",-14.2387,296,92.7332,106.972,66.7463,1383,"manual"
2008,"st. john's",2.01712,143,98.2567,96.2396,63.1832,1385,"exact"
2008,"saint joseph's",14.5658,43,114.718,100.152,63.5629,1386,"exact"
2008,"saint louis",0.740232,157,100.604,99.8639,57.8474,1387,"exact"
2008,"saint mary's",15.7105,36,110.005,94.2943,65.4301,1388,"exact"
2008,"saint peter's",-11.7409,281,94.4837,106.225,66.4295,1389,"exact"
2008,"stanford",23.9361,9,113.328,89.3924,62.7524,1390,"exact"
2008,"stetson",-10.5044,274,93.4198,103.924,63.8452,1391,"exact"
2008,"stony brook",-14.6004,301,92.2999,106.9,61.751,1392,"exact"
2008,"syracuse",13.8655,46,112.082,98.2166,69.1896,1393,"exact"
2008,"texas a&m corpus chris",-10.2494,270,96.6362,106.886,62.9549,1394,"manual"
2008,"tcu",-1.67181,175,100.673,102.345,66.0575,1395,"exact"
2008,"temple",12.4365,60,112.696,100.26,62.9596,1396,"exact"
2008,"tennessee",22.3372,15,117.787,95.4494,69.5841,1397,"exact"
2008,"tennessee st.",-6.73168,230,103.992,110.724,67.8549,1398,"exact"
2008,"tennessee tech",-8.21471,248,99.8434,108.058,69.2441,1399,"exact"
2008,"texas",24.8513,8,119.757,94.9061,63.0818,1400,"exact"
2008,"texas a&m",19.6026,22,112.029,92.4268,61.5639,1401,"exact"
2008,"texas st.",-8.92161,260,100.861,109.783,77.3752,1402,"exact"
2008,"texas tech",9.79764,80,107.723,97.9257,66.8943,1403,"exact"
2008,"tennessee martin",-8.13807,247,105.953,114.091,67.475,1404,"manual"
2008,"toledo",-5.7539,220,93.955,99.7089,63.6821,1405,"exact"
2008,"towson",-7.40044,240,99.0605,106.461,64.8484,1406,"exact"
2008,"troy",-7.44342,241,104.407,111.85,69.5397,1407,"exact"
2008,"tulane",-0.428806,168,101.86,102.289,62.8787,1408,"exact"
2008,"tulsa",8.36295,92,105.736,97.3733,63.9377,1409,"exact"
2008,"texas pan american",-7.66752,243,105.436,113.103,61.9646,1410,"manual"
2008,"texas southern",-23.2286,335,88.1185,111.347,66.7216,1411,"exact"
2008,"uab",12.1968,64,110.601,98.4045,65.838,1412,"exact"
2008,"uc davis",-17.4084,321,97.9658,115.374,62.2354,1413,"exact"
2008,"uc irvine",0.675594,159,104.184,103.508,62.2486,1414,"exact"
2008,"uc riverside",-13.3122,292,93.6816,106.994,61.1572,1415,"exact"
2008,"ucf",6.72104,100,108.865,102.144,63.4524,1416,"exact"
2008,"ucla",30.5753,2,118.735,88.16,63.1761,1417,"exact"
2008,"louisiana lafayette",-3.36517,196,97.4016,100.767,62.9108,1418,"manual"
2008,"umbc",4.10027,127,113.762,109.662,63.0741,1420,"exact"
2008,"unc asheville",-1.12711,172,106.836,107.963,63.5909,1421,"exact"
2008,"unc greensboro",6.22529,103,107.772,101.547,63.8869,1422,"exact"
2008,"unc wilmington",0.464197,160,108.104,107.64,65.8517,1423,"exact"
2008,"unlv",13.6193,50,110.183,96.5636,63.0988,1424,"exact"
2008,"usc",19.9654,21,110.663,90.6973,64.6004,1425,"exact"
2008,"ut arlington",-1.99751,179,101.14,103.138,68.0296,1426,"exact"
2008,"utsa",-11.6602,280,94.6634,106.324,62.7395,1427,"exact"
2008,"utah",12.1006,66,110.672,98.5717,61.6706,1428,"exact"
2008,"utah st.",5.70688,110,115.111,109.404,62.0925,1429,"exact"
2008,"utah valley st.",-5.12102,212,105.028,110.149,59.9594,1430,"exact"
2008,"utep",5.90948,106,106.982,101.072,69.8681,1431,"exact"
2008,"vcu",11.7472,69,104.276,92.5287,62.5945,1433,"exact"
2008,"valparaiso",4.88931,120,108.037,103.148,64.7873,1434,"exact"
2008,"vanderbilt",13.5159,51,112.598,99.0821,67.6816,1435,"exact"
2008,"vermont",-1.73455,176,100.711,102.446,68.1544,1436,"exact"
2008,"villanova",12.9811,55,108.903,95.9216,67.2121,1437,"exact"
2008,"virginia",9.26255,84,110.486,101.223,67.2469,1438,"exact"
2008,"virginia tech",15.3791,37,105.642,90.2631,65.3285,1439,"exact"
2008,"vmi",-8.57306,257,105.429,114.002,77.007,1440,"exact"
2008,"western carolina",-8.21809,249,98.1255,106.344,62.5756,1441,"exact"
2008,"western illinois",-8.40511,254,98.4923,106.897,65.5131,1442,"exact"
2008,"western kentucky",14.0646,45,111.076,97.011,66.5432,1443,"exact"
2008,"western michigan",8.03895,93,108.047,100.008,63.1024,1444,"exact"
2008,"wagner",-6.47088,228,97.0884,103.559,66.7875,1447,"exact"
2008,"wake forest",10.7697,75,107.562,96.7925,68.1494,1448,"exact"
2008,"washington",12.5135,58,110.31,97.7962,67.7988,1449,"exact"
2008,"washington st.",23.9044,10,116.272,92.3676,57.7887,1450,"exact"
2008,"weber st.",-2.45899,183,99.6461,102.105,63.3201,1451,"exact"
2008,"west virginia",20.14,20,113.57,93.4302,63.0942,1452,"exact"
2008,"green bay",1.99162,144,106.884,104.893,64.7957,1453,"exact"
2008,"milwaukee",-0.20339,164,100.577,100.78,66.4072,1454,"exact"
2008,"wichita st.",1.79517,146,104.19,102.395,59.8251,1455,"exact"
2008,"william & mary",-2.94782,187,100.206,103.154,60.7645,1456,"exact"
2008,"winthrop",7.30673,96,99.6932,92.3864,60.9746,1457,"exact"
2008,"wisconsin",27.4107,6,113.619,86.2081,60.8809,1458,"exact"
2008,"wofford",-4.84456,209,106.295,111.139,60.5238,1459,"exact"
2008,"wright st.",5.01621,117,103.78,98.7635,59.0204,1460,"exact"
2008,"wyoming",-3.05561,190,100.664,103.72,68.0034,1461,"exact"
2008,"xavier",22.3453,13,116.413,94.068,62.8978,1462,"exact"
2008,"yale",-7.10247,235,99.9038,107.006,64.7072,1463,"exact"
2008,"youngstown st.",-5.85772,221,97.7629,103.621,66.5288,1464,"exact"
2008,"winston salem st.",-18.1175,323,89.618,107.736,64.9701,1475,"manual"
2009,"air force",-5.20376,224,98.4447,103.649,57.2841,1102,"exact"
2009,"akron",6.9826,94,102.057,95.0743,64.5005,1103,"exact"
2009,"alabama",6.63599,97,105.597,98.9612,66.8696,1104,"exact"
2009,"alabama a&m",-20.4043,333,85.729,106.133,69.4853,1105,"exact"
2009,"alabama st.",-2.01623,186,101.941,103.957,62.7485,1106,"exact"
2009,"albany",-7.16505,247,96.7247,103.89,63.6401,1107,"exact"
2009,"alcorn st.",-26.1513,340,91.878,118.029,71.7639,1108,"exact"
2009,"american",4.50143,114,104.705,100.204,59.7892,1110,"exact"
2009,"appalachian st.",-8.28334,259,100.963,109.246,69.0397,1111,"exact"
2009,"arizona",16.0133,37,117.23,101.217,63.6396,1112,"exact"
2009,"arizona st.",23.4381,11,117.682,94.244,58.5891,1113,"exact"
2009,"arkansas little rock",1.17169,149,99.5738,98.4021,64.2481,1114,"manual"
2009,"arkansas pine bluff",-13.5004,300,87.64,101.14,69.0532,1115,"manual"
2009,"arkansas",3.14695,128,104.702,101.555,67.9087,1116,"exact"
2009,"arkansas st.",-5.3594,228,95.4796,100.839,63.631,1117,"exact"
2009,"army",-12.5727,290,87.8349,100.408,62.207,1119,"exact"
2009,"auburn",12.1939,63,106.154,93.9604,67.1773,1120,"exact"
2009,"austin peay",-1.98079,185,106.558,108.539,65.9363,1122,"exact"
2009,"ball st.",-6.4569,238,94.8846,101.341,59.9904,1123,"exact"
2009,"baylor",14.6313,47,114.336,99.7049,65.4082,1124,"exact"
2009,"belmont",3.18731,127,105.705,102.518,67.903,1125,"exact"
2009,"bethune cookman",-11.7497,287,89.1245,100.874,59.1896,1126,"fuzzy"
2009,"binghamton",-0.871417,177,101.747,102.618,66.5996,1127,"exact"
2009,"boise st.",1.47328,146,102.734,101.26,67.703,1129,"exact"
2009,"boston college",12.1159,64,113.378,101.263,64.7471,1130,"exact"
2009,"boston university",-0.696231,174,103.873,104.57,62.0329,1131,"exact"
2009,"bowling green",1.31431,148,101.761,100.446,61.7094,1132,"exact"
2009,"bradley",4.23531,118,104.929,100.693,63.8783,1133,"exact"
2009,"brown",-13.8117,303,94.8823,108.694,63.5336,1135,"exact"
2009,"bryant",-20.5953,334,93.575,114.17,60.3093,1136,"exact"
2009,"bucknell",-13.1418,294,92.9454,106.087,66.6222,1137,"exact"
2009,"buffalo",4.36264,115,101.794,97.4316,63.7803,1138,"exact"
2009,"butler",16.1506,35,109.777,93.6264,61.9683,1139,"exact"
2009,"byu",21.6562,19,114.296,92.6399,68.4554,1140,"exact"
2009,"central michigan",-7.66999,254,98.69,106.36,61.8086,1141,"exact"
2009,"cal poly",-9.33172,268,97.386,106.718,64.3519,1142,"exact"
2009,"california",18.2213,27,116.839,98.6172,65.2261,1143,"exact"
2009,"campbell",-6.81464,244,95.5141,102.329,68.1713,1144,"exact"
2009,"canisius",-6.04845,235,93.4504,99.4989,65.8203,1145,"exact"
2009,"central arkansas",-17.1032,317,93.8501,110.953,63.9411,1146,"exact"
2009,"centenary",-7.33142,249,95.5902,102.922,65.332,1147,"exact"
2009,"central connecticut",-11.9211,288,97.3173,109.238,62.8509,1148,"exact"
2009,"charleston southern",-15.422,310,96.2707,111.693,64.3505,1149,"exact"
2009,"charlotte",1.73046,143,103.291,101.56,64.8331,1150,"exact"
2009,"chattanooga",-3.84568,209,104.271,108.116,68.6926,1151,"exact"
2009,"chicago st.",-5.97238,234,105.608,111.58,73.484,1152,"exact"
2009,"cincinnati",8.66044,85,108.292,99.6321,62.8679,1153,"exact"
2009,"the citadel",-3.04222,201,102.31,105.353,60.6619,1154,"exact"
2009,"clemson",20.2938,22,116.758,96.4646,67.3639,1155,"exact"
2009,"cleveland st.",11.7042,72,104.438,92.7341,63.1428,1156,"exact"
2009,"coastal carolina",-11.3665,282,95.7909,107.157,65.5142,1157,"exact"
2009,"college of charleston",0.889763,154,108.522,107.632,65.5913,1158,"exact"
2009,"colgate",-15.1533,309,90.2502,105.403,60.2648,1159,"exact"
2009,"colorado",-1.33859,180,100.754,102.093,61.0037,1160,"exact"
2009,"colorado st.",-0.932145,178,106.802,107.734,65.7948,1161,"exact"
2009,"columbia",-10.8627,280,90.4868,101.35,63.4337,1162,"exact"
2009,"connecticut",28.0401,4,114.597,86.5571,65.5863,1163,"exact"
2009,"coppin st.",-9.14368,267,97.9809,107.125,63.8857,1164,"exact"
2009,"cornell",5.49712,104,108.108,102.611,65.0003,1165,"exact"
2009,"creighton",12.6959,59,111.803,99.1071,66.6646,1166,"exact"
2009,"cal st. bakersfield",-9.59581,272,99.7587,109.355,64.0979,1167,"manual"
2009,"cal st. fullerton",-3.06425,202,105.277,108.341,66.6346,1168,"exact"
2009,"cal st. northridge",5.11477,108,101.374,96.2591,71.325,1169,"exact"
2009,"sacramento st.",-24.4992,339,89.4098,113.909,62.9678,1170,"exact"
2009,"dartmouth",-16.0853,313,92.4331,108.518,63.7769,1171,"exact"
2009,"davidson",11.7325,71,105.438,93.706,69.0647,1172,"exact"
2009,"dayton",9.41849,83,103.115,93.6967,63.8365,1173,"exact"
2009,"delaware",-4.38778,217,102.051,106.438,66.3257,1174,"exact"
2009,"delaware st.",-16.504,316,96.7302,113.234,57.5603,1175,"exact"
2009,"denver",-3.54998,205,102.276,105.826,55.4321,1176,"exact"
2009,"depaul",-3.69149,207,101.619,105.31,63.9408,1177,"exact"
2009,"detroit",-9.45248,269,91.1143,100.567,63.1792,1178,"exact"
2009,"drake",2.01446,139,101.588,99.5731,62.2398,1179,"exact"
2009,"drexel",2.25464,135,98.0174,95.7628,62.254,1180,"exact"
2009,"duke",25.3284,7,117.869,92.541,65.5211,1181,"exact"
2009,"duquesne",8.83224,84,113.802,104.97,68.4312,1182,"exact"
2009,"eastern illinois",-9.5434,271,96.9213,106.465,61.0031,1183,"exact"
2009,"eastern kentucky",0.603726,157,111.988,111.384,58.6566,1184,"exact"
2009,"eastern michigan",-14.9587,307,89.7372,104.696,60.5676,1185,"exact"
2009,"eastern washington",-7.35938,250,97.478,104.837,62.9979,1186,"exact"
2009,"east carolina",-4.00261,212,110.2,114.203,63.9736,1187,"exact"
2009,"siu edwardsville",-13.7829,302,90.7581,104.541,68.8155,1188,"exact"
2009,"elon",-12.6241,291,94.4309,107.055,63.3088,1189,"exact"
2009,"east tennessee st.",5.09407,109,106.255,101.161,68.8103,1190,"exact"
2009,"evansville",4.23639,117,102.619,98.383,65.5474,1191,"exact"
2009,"fairleigh dickinson",-21.5239,335,91.0168,112.541,67.1021,1192,"exact"
2009,"fairfield",-0.730267,175,102.854,103.584,62.9993,1193,"exact"
2009,"florida atlantic",-11.7277,286,100.992,112.72,63.4879,1194,"exact"
2009,"florida gulf coast",-13.3866,299,91.6794,105.066,68.637,1195,"exact"
2009,"florida",16.1061,36,114.708,98.6018,65.2533,1196,"exact"
2009,"florida a&m",-19.8694,331,90.2555,110.125,65.4994,1197,"exact"
2009,"fiu",-9.02721,266,96.8406,105.868,63.613,1198,"exact"
2009,"florida st.",15.9569,38,105.685,89.7283,65.4367,1199,"exact"
2009,"fordham",-18.9216,324,92.6824,111.604,66.052,1200,"exact"
2009,"fresno st.",-3.55918,206,99.4418,103.001,65.78,1201,"exact"
2009,"furman",-19.3285,328,90.8326,110.161,63.163,1202,"exact"
2009,"george washington",-2.2715,191,101.854,104.125,62.3717,1203,"exact"
2009,"georgia southern",-14.8601,306,97.5843,112.444,68.1646,1204,"exact"
2009,"gardner webb",-5.64701,230,101.249,106.896,67.8852,1205,"exact"
2009,"george mason",7.40753,90,103.491,96.0831,61.5069,1206,"exact"
2009,"georgetown",16.82,31,109.592,92.7719,62.3885,1207,"exact"
2009,"georgia",-2.90963,198,95.055,97.9646,67.437,1208,"exact"
2009,"georgia st.",-6.07705,236,98.0067,104.084,59.462,1209,"exact"
2009,"georgia tech",6.88164,95,100.062,93.1801,69.8153,1210,"exact"
2009,"gonzaga",25.9534,5,116.862,90.9086,66.4288,1211,"exact"
2009,"grambling st.",-26.8975,341,89.4174,116.315,61.1429,1212,"exact"
2009,"hampton",-10.0003,274,85.9231,95.9235,62.8146,1214,"exact"
2009,"hartford",-16.1153,314,91.6041,107.719,62.7663,1216,"exact"
2009,"harvard",-7.78978,255,101.914,109.704,64.409,1217,"exact"
2009,"hawaii",-3.90841,210,96.9146,100.823,63.2271,1218,"exact"
2009,"high point",-14.503,305,90.5988,105.102,62.9203,1219,"exact"
2009,"hofstra",-1.06583,179,97.1391,98.2049,66.2845,1220,"exact"
2009,"holy cross",-1.47411,183,98.2891,99.7632,63.8914,1221,"exact"
2009,"houston",11.9803,67,110.131,98.1508,68.2519,1222,"exact"
2009,"houston baptist",-18.0416,319,95.3911,113.433,69.7033,1223,"exact"
2009,"howard",-19.8625,330,90.4917,110.354,64.6418,1224,"exact"
2009,"idaho",0.73957,156,103.796,103.056,61.4635,1225,"exact"
2009,"idaho st.",-2.13054,189,102.546,104.677,61.8724,1226,"exact"
2009,"illinois chicago",3.1447,129,105.236,102.092,64.4415,1227,"manual"
2009,"illinois",19.0963,23,106.425,87.3285,61.8419,1228,"exact"
2009,"illinois st.",12.7593,58,108.469,95.7094,63.4267,1229,"exact"
2009,"indiana",-4.16299,214,98.5931,102.756,64.7284,1231,"exact"
2009,"indiana st.",-3.10105,203,102.406,105.507,62.6644,1232,"exact"
2009,"iona",-2.64017,197,95.5411,98.1813,63.1677,1233,"exact"
2009,"iowa",8.2476,87,108.086,99.8382,56.9473,1234,"exact"
2009,"iowa st.",4.23733,116,102.019,97.7815,63.0457,1235,"exact"
2009,"ipfw",-4.37245,216,102.017,106.39,64.6181,1236,"exact"
2009,"iupui",-0.806524,176,103.459,104.266,60.5438,1237,"exact"
2009,"jackson st.",-6.87923,245,97.6398,104.519,67.2301,1238,"exact"
2009,"jacksonville",4.00432,119,107.895,103.89,65.5936,1239,"exact"
2009,"jacksonville st.",-8.14716,257,99.7271,107.874,63.5828,1240,"exact"
2009,"james madison",1.80122,142,105.19,103.388,65.1557,1241,"exact"
2009,"kansas",23.1309,13,114.807,91.6765,66.4233,1242,"exact"
2009,"kansas st.",14.6783,46,109.135,94.4566,66.8055,1243,"exact"
2009,"kennesaw st.",-23.6557,337,89.1141,112.77,60.9771,1244,"exact"
2009,"kent st.",3.38303,126,102.873,99.49,65.2598,1245,"exact"
2009,"kentucky",14.5319,48,106.566,92.0341,66.6626,1246,"exact"
2009,"la salle",5.2044,107,105.32,100.115,66.0082,1247,"exact"
2009,"lafayette",-17.2076,318,94.6477,111.855,67.7949,1248,"exact"
2009,"lamar",-3.92985,211,99.9828,103.913,65.7588,1249,"exact"
2009,"lehigh",-8.89361,265,93.5048,102.398,65.4012,1250,"exact"
2009,"liberty",-2.04254,187,105.599,107.642,64.0127,1251,"exact"
2009,"lipscomb",0.197695,162,104.886,104.688,67.0271,1252,"exact"
2009,"long beach st.",-0.252927,167,104.127,104.38,65.2324,1253,"exact"
2009,"liu brooklyn",-6.70625,243,100.21,106.916,66.7304,1254,"exact"
2009,"longwood",-15.6573,311,96.5144,112.172,73.0944,1255,"exact"
2009,"louisiana tech",0.219524,161,101.059,100.839,61.881,1256,"exact"
2009,"louisville",25.3676,6,109.217,83.849,66.967,1257,"exact"
2009,"loyola marymount",-18.4756,321,88.8754,107.351,63.4525,1258,"exact"
2009,"loyola md",-4.96243,221,102.332,107.295,64.9211,1259,"exact"
2009,"loyola chicago",-5.56918,229,99.4584,105.028,63.1058,1260,"exact"
2009,"lsu",14.7097,45,110.576,95.8662,65.4797,1261,"exact"
2009,"maine",-13.2678,296,97.1663,110.434,63.6297,1263,"exact"
2009,"manhattan",-2.37122,193,97.1423,99.5135,64.687,1264,"exact"
2009,"marist",-7.58249,253,94.031,101.614,66.1637,1265,"exact"
2009,"marquette",20.9824,20,117.058,96.076,67.198,1266,"exact"
2009,"marshall",1.03751,152,106.765,105.728,63.9763,1267,"exact"
2009,"maryland",13.2883,55,108.705,95.4167,65.5865,1268,"exact"
2009,"massachusetts",2.12474,137,104.664,102.539,67.7676,1269,"exact"
2009,"mcneese st.",-5.85902,232,93.7034,99.5624,64.0805,1270,"exact"
2009,"maryland eastern shore",-27.8187,342,88.7023,116.521,62.8505,1271,"exact"
2009,"memphis",29.4398,2,110.759,81.3187,64.5834,1272,"exact"
2009,"mercer",-4.65646,219,104.566,109.222,66.7989,1273,"exact"
2009,"miami fl",15.3593,42,111.213,95.8537,63.5756,1274,"exact"
2009,"miami oh",7.46484,89,103.223,95.7578,59.8119,1275,"exact"
2009,"michigan",14.4984,49,112.016,97.5173,62.0992,1276,"exact"
2009,"michigan st.",22.7829,14,112.732,89.9494,65.9592,1277,"exact"
2009,"minnesota",15.7592,39,107.586,91.8263,63.7652,1278,"exact"
2009,"mississippi",7.27273,91,111.096,103.824,65.5549,1279,"exact"
2009,"mississippi st.",11.8111,70,107.733,95.9223,66.7566,1280,"exact"
2009,"missouri",23.484,10,114.53,91.046,69.8579,1281,"exact"
2009,"umkc",-10.8785,281,99.0531,109.932,64.8422,1282,"exact"
2009,"missouri st.",-2.51605,196,99.2512,101.767,61.5813,1283,"exact"
2009,"monmouth",-19.0799,326,93.4141,112.494,63.3094,1284,"exact"
2009,"montana",-0.298523,168,103.789,104.088,61.1703,1285,"exact"
2009,"montana st.",-5.76156,231,100.682,106.443,64.084,1286,"exact"
2009,"morehead st.",-0.017075,164,102.308,102.325,64.5465,1287,"exact"
2009,"morgan st.",1.41474,147,99.986,98.5712,64.8231,1288,"exact"
2009,"mississippi valley st.",-18.6449,323,93.6731,112.318,65.6783,1290,"manual"
2009,"mount st. mary's",1.89355,140,101.277,99.3838,63.3619,1291,"exact"
2009,"middle tennessee",-0.239066,166,103.997,104.236,62.5532,1292,"exact"
2009,"murray st.",2.45275,134,102.527,100.074,61.7143,1293,"exact"
2009,"northern colorado",-2.92079,199,103.113,106.034,65.736,1294,"exact"
2009,"north dakota st.",12.4256,61,113.637,101.211,66.9142,1295,"exact"
2009,"northern illinois",-12.2401,289,94.2897,106.53,68.1622,1296,"exact"
2009,"navy",-5.30055,226,98.2577,103.558,68.0618,1298,"exact"
2009,"north carolina a&t",-13.3597,298,91.2077,104.567,69.0769,1299,"exact"
2009,"north carolina central",-28.8786,343,85.3316,114.21,68.3736,1300,"exact"
2009,"nc state",9.92831,81,113.087,103.159,62.2232,1301,"exact"
2009,"nebraska",12.0385,65,103.068,91.0298,61.6176,1304,"exact"
2009,"nevada",6.36988,101,105.465,99.0951,65.53,1305,"exact"
2009,"new hampshire",-8.63802,262,96.6448,105.283,61.3955,1306,"exact"
2009,"new mexico",15.4413,40,112.208,96.7668,63.3909,1307,"exact"
2009,"new mexico st.",3.54822,125,109.154,105.606,68.4856,1308,"exact"
2009,"new orleans",-11.3912,283,91.3205,102.712,64.6901,1309,"exact"
2009,"niagara",11.0972,74,109.374,98.2764,67.9689,1310,"exact"
2009,"nicholls st.",-0.37878,169,101.514,101.893,58.5193,1311,"exact"
2009,"njit",-35.2087,344,71.1271,106.336,64.0825,1312,"exact"
2009,"norfolk st.",-13.8739,304,97.1514,111.025,69.3025,1313,"exact"
2009,"north carolina",28.5574,3,122.645,94.0872,72.454,1314,"exact"
2009,"north florida",-20.2101,332,88.785,108.995,61.4886,1316,"exact"
2009,"north texas",0.826715,155,108.536,107.709,67.401,1317,"exact"
2009,"northeastern",6.38518,100,105.753,99.3677,59.1151,1318,"exact"
2009,"northern arizona",-6.0886,237,101.633,107.721,61.401,1319,"exact"
2009,"northern iowa",9.85203,82,110.659,100.806,60.1385,1320,"exact"
2009,"northwestern",12.2229,62,110.854,98.6309,59.5789,1321,"exact"
2009,"northwestern st.",-16.1416,315,91.4226,107.564,74.1186,1322,"exact"
2009,"notre dame",15.3787,41,115.476,100.097,66.627,1323,"exact"
2009,"oakland",6.25785,102,113.649,107.391,63.7872,1324,"exact"
2009,"ohio",-0.679194,173,101.484,102.163,64.405,1325,"exact"
2009,"ohio st.",16.4647,34,113.731,97.2667,61.9585,1326,"exact"
2009,"oklahoma",23.2882,12,117.928,94.6403,66.283,1328,"exact"
2009,"oklahoma st.",17.7655,29,115.065,97.2997,69.1545,1329,"exact"
2009,"old dominion",4.74238,113,104.334,99.5915,60.8964,1330,"exact"
2009,"oral roberts",7.78052,88,102.532,94.7513,66.9237,1331,"exact"
2009,"oregon",0.409889,158,103.877,103.468,67.5506,1332,"exact"
2009,"oregon st.",3.00847,130,103.375,100.367,57.7044,1333,"exact"
2009,"pacific",5.2542,106,108.675,103.421,57.3999,1334,"exact"
2009,"penn",-9.89936,273,95.5844,105.484,66.5831,1335,"exact"
2009,"penn st.",10.5882,77,110.29,99.7014,61.0855,1336,"exact"
2009,"pepperdine",-12.7971,292,92.5415,105.339,65.878,1337,"exact"
2009,"pittsburgh",29.4777,1,121.48,92.002,64.7792,1338,"exact"
2009,"portland",5.39933,105,106.66,101.26,63.5094,1339,"exact"
2009,"portland st.",4.85027,112,108.934,104.084,64.4177,1340,"exact"
2009,"prairie view a&m",-11.4665,284,94.1212,105.588,66.3096,1341,"exact"
2009,"presbyterian",-7.5555,252,93.3266,100.882,59.7479,1342,"exact"
2009,"princeton",-8.7383,264,94.9973,103.736,56.928,1343,"exact"
2009,"providence",10.6131,76,111.129,100.516,71.3289,1344,"exact"
2009,"purdue",21.9637,15,110.175,88.2115,65.2998,1345,"exact"
2009,"quinnipiac",-10.791,279,96.8318,107.623,63.8564,1346,"exact"
2009,"radford",-0.465293,170,101.326,101.791,68.3948,1347,"exact"
2009,"rhode island",11.8812,69,113.336,101.455,67.0798,1348,"exact"
2009,"rice",-5.92966,233,100.09,106.02,62.7848,1349,"exact"
2009,"richmond",4.99861,110,106.532,101.534,62.9107,1350,"exact"
2009,"rider",-0.582382,171,105.352,105.934,66.8703,1351,"exact"
2009,"robert morris",1.5095,145,101.428,99.9183,65.4018,1352,"exact"
2009,"rutgers",1.00869,153,98.0084,96.9997,63.5814,1353,"exact"
2009,"south carolina st.",-10.2201,276,96.1108,106.331,67.9187,1354,"exact"
2009,"south dakota st.",-4.01952,213,104.527,108.546,63.906,1355,"exact"
2009,"southern illinois",1.12921,150,102.021,100.892,63.0245,1356,"exact"
2009,"sacred heart",-2.1203,188,103.494,105.614,67.3089,1357,"exact"
2009,"sam houston st.",3.6515,123,107.015,103.363,65.4168,1358,"exact"
2009,"samford",-7.47461,251,100.9,108.374,57.1847,1359,"exact"
2009,"san diego",0.36871,159,98.0289,97.6602,61.5139,1360,"exact"
2009,"san diego st.",16.4968,33,109.819,93.3221,60.947,1361,"exact"
2009,"san francisco",-6.6536,240,103.921,110.575,63.9895,1362,"exact"
2009,"san jose st.",-2.3866,194,101.312,103.699,65.534,1363,"exact"
2009,"uc santa barbara",0.0362603,163,99.4894,99.4531,64.318,1364,"exact"
2009,"santa clara",2.4823,133,101.455,98.9725,63.0988,1365,"exact"
2009,"savannah st.",-15.7982,312,85.4665,101.265,62.673,1366,"exact"
2009,"usc upstate",-11.5555,285,92.8036,104.359,61.824,1367,"exact"
2009,"southeastern louisiana",-2.9287,200,100.074,103.003,64.4255,1368,"exact"
2009,"southeast missouri st.",-22.0533,336,94.4852,116.538,69.0381,1369,"manual"
2009,"seton hall",10.1542,79,110.252,100.098,67.0301,1371,"exact"
2009,"stephen f. austin",6.73718,96,97.6543,90.9171,61.6881,1372,"exact"
2009,"siena",11.6737,73,110.158,98.4844,70.1991,1373,"exact"
2009,"smu",-3.25086,204,101.417,104.668,62.9608,1374,"exact"
2009,"south alabama",-1.44532,182,102.363,103.808,62.5524,1375,"exact"
2009,"south carolina",11.9487,68,107.759,95.8102,71.8345,1376,"exact"
2009,"south florida",2.23614,136,101.099,98.8631,60.1953,1378,"exact"
2009,"southern miss",1.87461,141,106.456,104.581,61.8928,1379,"exact"
2009,"southern",-19.6588,329,90.973,110.632,64.0553,1380,"exact"
2009,"southern utah",-5.33144,227,101.719,107.05,61.922,1381,"exact"
2009,"st. bonaventure",-2.30242,192,98.1725,100.475,69.4702,1382,"exact"
2009,"st. francis ny",-13.7336,301,95.5755,109.309,65.5098,1383,"manual"
2009,"st. john's",3.93178,120,102.323,98.3914,64.3214,1385,"exact"
2009,"saint joseph's",6.51897,99,105.194,98.6746,63.3108,1386,"exact"
2009,"saint louis",1.64788,144,101.328,99.6802,59.3937,1387,"exact"
2009,"saint mary's",12.8036,56,110.267,97.4637,65.2107,1388,"exact"
2009,"saint peter's",-9.45968,270,93.184,102.644,61.9909,1389,"exact"
2009,"stanford",13.5622,53,111.621,98.0584,66.9922,1390,"exact"
2009,"stetson",-8.1652,258,95.6574,103.823,66.548,1391,"exact"
2009,"stony brook",-2.50581,195,97.7153,100.221,62.1712,1392,"exact"
2009,"syracuse",21.693,18,116.963,95.2698,69.2046,1393,"exact"
2009,"texas a&m corpus chris",0.279812,160,99.5689,99.289,65.7566,1394,"manual"
2009,"tcu",3.66415,122,103.33,99.6654,62.2265,1395,"exact"
2009,"temple",14.3226,51,109.311,94.9885,62.8987,1396,"exact"
2009,"tennessee",16.5817,32,114.801,98.2193,67.356,1397,"exact"
2009,"tennessee st.",-10.1384,275,101.055,111.193,67.9326,1398,"exact"
2009,"tennessee tech",-6.66254,241,97.3977,104.06,70.7876,1399,"exact"
2009,"texas",18.5075,26,110.7,92.1925,64.8728,1400,"exact"
2009,"texas a&m",14.3716,50,112.024,97.6525,63.1826,1401,"exact"
2009,"texas st.",-3.7965,208,102.109,105.905,73.2411,1402,"exact"
2009,"texas tech",6.55654,98,108.863,102.307,70.7192,1403,"exact"
2009,"tennessee martin",3.6299,124,107.611,103.981,67.3939,1404,"manual"
2009,"toledo",-13.3527,297,92.13,105.483,64.1804,1405,"exact"
2009,"towson",-8.45918,261,100.542,109.002,65.0584,1406,"exact"
2009,"troy",-1.4252,181,108.014,109.439,68.9828,1407,"exact"
2009,"tulane",-0.667066,172,98.4412,99.1083,64.066,1408,"exact"
2009,"tulsa",13.3389,54,106.458,93.1195,63.3274,1409,"exact"
2009,"texas pan american",-18.5823,322,93.4253,112.008,61.9783,1410,"manual"
2009,"texas southern",-18.3608,320,93.0606,111.421,66.086,1411,"exact"
2009,"uab",13.8991,52,109.716,95.817,65.7822,1412,"exact"
2009,"uc davis",-4.67078,220,104.93,109.601,68.8542,1413,"exact"
2009,"uc irvine",-4.18623,215,103.823,108.009,61.9322,1414,"exact"
2009,"uc riverside",-4.50096,218,97.2784,101.779,59.2349,1415,"exact"
2009,"ucf",2.49942,132,105.564,103.064,65.2639,1416,"exact"
2009,"ucla",25.1136,8,119.973,94.8599,64.4791,1417,"exact"
2009,"louisiana lafayette",-8.11487,256,96.8923,105.007,65.2606,1418,"manual"
2009,"umbc",-8.64535,263,101.529,110.174,62.9306,1420,"exact"
2009,"unc asheville",-8.43363,260,101.651,110.085,67.0765,1421,"exact"
2009,"unc greensboro",-18.9941,325,92.9615,111.956,64.1606,1422,"exact"
2009,"unc wilmington",-15.0739,308,98.5244,113.598,70.0129,1423,"exact"
2009,"unlv",12.0121,66,106.746,94.7334,64.614,1424,"exact"
2009,"usc",17.6587,30,109.428,91.7696,62.8813,1425,"exact"
2009,"ut arlington",2.08167,138,108.985,106.903,68.2828,1426,"exact"
2009,"utsa",-2.23331,190,101.682,103.915,68.2457,1427,"exact"
2009,"utah",19.0381,25,110.948,91.91,64.0174,1428,"exact"
2009,"utah st.",15.293,43,117.04,101.747,59.522,1429,"exact"
2009,"utah valley",-1.88277,184,103.751,105.633,59.8977,1430,"exact"
2009,"utep",10.3485,78,106.067,95.719,69.7387,1431,"exact"
2009,"vcu",12.7601,57,109.286,96.5255,65.3295,1433,"exact"
2009,"valparaiso",-5.18008,223,99.3211,104.501,62.4835,1434,"exact"
2009,"vanderbilt",10.0034,80,107.284,97.281,64.5743,1435,"exact"
2009,"vermont",8.50875,86,108.168,99.6596,68.4103,1436,"exact"
2009,"villanova",21.7081,17,113.638,91.9303,66.8453,1437,"exact"
2009,"virginia",5.9132,103,103.132,97.2184,66.5527,1438,"exact"
2009,"virginia tech",12.4344,60,110.049,97.6141,64.6508,1439,"exact"
2009,"vmi",-0.186629,165,108.174,108.361,79.4805,1440,"exact"
2009,"western carolina",-6.7062,242,100.39,107.097,67.0541,1441,"exact"
2009,"western illinois",-13.2282,295,97.0051,110.233,57.827,1442,"exact"
2009,"western kentucky",7.03093,92,109.869,102.838,64.2906,1443,"exact"
2009,"western michigan",-7.24208,248,97.987,105.229,62.8825,1444,"exact"
2009,"wagner",-10.3692,277,97.1686,107.538,65.7542,1447,"exact"
2009,"wake forest",20.299,21,111.358,91.0587,72.3248,1448,"exact"
2009,"washington",21.9358,16,112.741,90.8054,71.7787,1449,"exact"
2009,"washington st.",15.11,44,104.922,89.8119,56.8184,1450,"exact"
2009,"weber st.",4.87867,111,103.458,98.5793,66.2067,1451,"exact"
2009,"west virginia",25.031,9,114.693,89.6619,63.2031,1452,"exact"
2009,"green bay",10.7959,75,113.06,102.264,64.2184,1453,"exact"
2009,"milwaukee",1.05687,151,104.189,103.132,65.9576,1454,"exact"
2009,"wichita st.",2.90193,131,101.901,98.9991,61.6502,1455,"exact"
2009,"william & mary",-6.59145,239,95.7203,102.312,60.3725,1456,"exact"
2009,"winthrop",-10.4814,278,91.678,102.159,61.1129,1457,"exact"
2009,"wisconsin",17.9651,28,113.854,95.8886,58.4386,1458,"exact"
2009,"wofford",-5.24766,225,105.724,110.971,61.2153,1459,"exact"
2009,"wright st.",7.02957,93,100.315,93.2857,60.9204,1460,"exact"
2009,"wyoming",3.71208,121,107.4,103.688,68.8961,1461,"exact"
2009,"xavier",19.0951,24,111.158,92.0625,65.3071,1462,"exact"
2009,"yale",-7.04599,246,94.9077,101.954,64.7357,1463,"exact"
2009,"youngstown st.",-5.07435,222,101.345,106.42,65.0005,1464,"exact"
2009,"winston salem st.",-23.9228,338,83.5374,107.46,66.6691,1475,"manual"
2010,"air force",-8.11778,245,96.7489,104.867,56.9537,1102,"exact"
2010,"akron",5.464,116,104.979,99.5146,64.8245,1103,"exact"
2010,"alabama",12.2332,66,107.245,95.0116,63.9164,1104,"exact"
2010,"alabama a&m",-20.2398,327,86.8857,107.126,69.7819,1105,"exact"
2010,"alabama st.",-13.1573,293,92.8981,106.055,64.8552,1106,"exact"
2010,"albany",-13.4012,295,96.6609,110.062,63.2557,1107,"exact"
2010,"alcorn st.",-33.1384,347,80.5574,113.696,71.755,1108,"exact"
2010,"american",-13.1926,294,93.621,106.814,62.0241,1110,"exact"
2010,"appalachian st.",4.57447,124,108.722,104.148,64.7502,1111,"exact"
2010,"arizona",9.28084,85,108.228,98.947,67.1812,1112,"exact"
2010,"arizona st.",16.094,47,110.088,93.9936,60.4148,1113,"exact"
2010,"arkansas little rock",-11.9817,283,99.182,111.164,65.1176,1114,"manual"
2010,"arkansas pine bluff",-7.91476,244,91.8221,99.7369,64.9785,1115,"manual"
2010,"arkansas",5.01339,121,105.356,100.342,69.3508,1116,"exact"
2010,"arkansas st.",-2.95302,202,98.7304,101.683,66.1056,1117,"exact"
2010,"army",-9.83448,259,88.8668,98.7012,62.5239,1119,"exact"
2010,"auburn",6.80392,105,109.363,102.559,68.659,1120,"exact"
2010,"austin peay",-3.74783,210,103.27,107.018,65.6639,1122,"exact"
2010,"ball st.",-5.71217,225,93.9931,99.7053,61.624,1123,"exact"
2010,"baylor",23.4007,11,118.384,94.9837,64.0252,1124,"exact"
2010,"belmont",3.43312,135,102.793,99.3597,68.4235,1125,"exact"
2010,"bethune cookman",-12.9344,292,93.5607,106.495,58.4898,1126,"fuzzy"
2010,"binghamton",-11.2407,274,97.6652,108.906,62.1626,1127,"exact"
2010,"boise st.",1.36999,156,102.02,100.65,69.0463,1129,"exact"
2010,"boston college",10.9456,75,110.456,99.5104,63.7051,1130,"exact"
2010,"boston university",2.42059,147,101.605,99.1842,68.6043,1131,"exact"
2010,"bowling green",-3.05223,203,100.943,103.995,62.717,1132,"exact"
2010,"bradley",5.24513,118,105.747,100.502,64.5103,1133,"exact"
2010,"brown",-12.491,288,99.4592,111.95,65.6971,1135,"exact"
2010,"bryant",-32.3988,346,79.0557,111.454,61.6653,1136,"exact"
2010,"bucknell",-8.18613,247,97.5726,105.759,63.4252,1137,"exact"
2010,"buffalo",1.33041,157,106.182,104.852,67.7819,1138,"exact"
2010,"butler",20.0295,22,110.745,90.7154,63.243,1139,"exact"
2010,"byu",24.4842,9,117.315,92.8309,70.9239,1140,"exact"
2010,"central michigan",-2.03549,196,101.061,103.096,63.1456,1141,"exact"
2010,"cal poly",-7.59788,239,102.949,110.547,65.9837,1142,"exact"
2010,"california",22.2322,15,119.968,97.7354,67.121,1143,"exact"
2010,"campbell",0.586506,166,100.045,99.4588,63.8184,1144,"exact"
2010,"canisius",-2.86664,201,99.7764,102.643,65.185,1145,"exact"
2010,"central arkansas",-14.3185,304,91.6832,106.002,63.7502,1146,"exact"
2010,"centenary",-18.3444,318,94.6685,113.013,69.3884,1147,"exact"
2010,"central connecticut",-15.6701,309,91.8213,107.491,62.9821,1148,"exact"
2010,"charleston southern",-12.6333,289,94.5569,107.19,62.193,1149,"exact"
2010,"charlotte",7.76254,96,108.305,100.542,66.6641,1150,"exact"
2010,"chattanooga",-8.73941,252,96.2669,105.006,68.4679,1151,"exact"
2010,"chicago st.",-24.6947,342,84.88,109.575,66.7213,1152,"exact"
2010,"cincinnati",12.853,62,106.323,93.4698,64.2938,1153,"exact"
2010,"the citadel",-2.52204,199,99.6685,102.191,59.059,1154,"exact"
2010,"clemson",19.633,25,109.94,90.3071,67.2015,1155,"exact"
2010,"cleveland st.",1.5229,155,105.025,103.502,64.0554,1156,"exact"
2010,"coastal carolina",3.15768,137,102.093,98.9354,62.5502,1157,"exact"
2010,"college of charleston",1.3299,158,108.105,106.775,67.8921,1158,"exact"
2010,"colgate",-12.8123,290,97.357,110.169,65.1997,1159,"exact"
2010,"colorado",8.40309,93,112.64,104.237,66.6131,1160,"exact"
2010,"colorado st.",3.73938,131,101.541,97.8012,65.5168,1161,"exact"
2010,"columbia",-13.8501,300,91.6495,105.5,63.5752,1162,"exact"
2010,"connecticut",15.6907,49,107.123,91.4325,67.6268,1163,"exact"
2010,"coppin st.",-19.3544,323,88.9192,108.274,64.583,1164,"exact"
2010,"cornell",13.552,60,115.443,101.891,63.4422,1165,"exact"
2010,"creighton",4.45612,125,107.063,102.607,65.1422,1166,"exact"
2010,"cal st. bakersfield",-11.8652,281,95.8806,107.746,66.6869,1167,"manual"
2010,"cal st. fullerton",-3.6971,209,102.149,105.846,67.5356,1168,"exact"
2010,"cal st. northridge",-5.49585,223,97.3764,102.872,70.342,1169,"exact"
2010,"sacramento st.",-12.1673,286,93.0954,105.263,66.161,1170,"exact"
2010,"dartmouth",-24.5973,341,81.94,106.537,63.0172,1171,"exact"
2010,"davidson",-1.9014,195,102.803,104.704,64.8694,1172,"exact"
2010,"dayton",16.5385,44,106.789,90.2501,64.3551,1173,"exact"
2010,"delaware",-9.23495,256,99.277,108.512,63.5979,1174,"exact"
2010,"delaware st.",-10.1062,262,96.4778,106.584,57.8684,1175,"exact"
2010,"denver",-1.35556,187,106.017,107.373,58.0615,1176,"exact"
2010,"depaul",0.265995,168,99.9618,99.6958,61.339,1177,"exact"
2010,"detroit",3.9652,130,100.178,96.2132,67.0753,1178,"exact"
2010,"drake",-0.326731,176,106.775,107.102,62.6189,1179,"exact"
2010,"drexel",2.68719,145,100.016,97.3288,63.3113,1180,"exact"
2010,"duke",31.5489,2,119.296,87.7467,64.9637,1181,"exact"
2010,"duquesne",3.08549,139,102.207,99.1215,69.2979,1182,"exact"
2010,"eastern illinois",-4.08454,213,99.5385,103.623,62.7843,1183,"exact"
2010,"eastern kentucky",-0.432592,181,109.862,110.294,60.8685,1184,"exact"
2010,"eastern michigan",-1.3639,188,99.8174,101.181,64.8814,1185,"exact"
2010,"eastern washington",-10.0147,261,96.3023,106.317,67.5579,1186,"exact"
2010,"east carolina",-6.19747,228,101.847,108.045,66.5803,1187,"exact"
2010,"siu edwardsville",-23.3872,340,87.5812,110.968,66.1957,1188,"exact"
2010,"elon",-10.4834,263,95.6347,106.118,66.5535,1189,"exact"
2010,"east tennessee st.",2.40771,148,100.3,97.8928,66.1025,1190,"exact"
2010,"evansville",-5.84175,226,97.0637,102.905,65.0403,1191,"exact"
2010,"fairleigh dickinson",-17.565,316,91.6863,109.251,66.6171,1192,"exact"
2010,"fairfield",5.92182,114,106.18,100.258,64.9005,1193,"exact"
2010,"florida atlantic",-3.27454,206,103.531,106.806,67.2513,1194,"exact"
2010,"florida gulf coast",-14.036,302,94.2994,108.335,66.2334,1195,"exact"
2010,"florida",14.9939,52,112.433,97.4388,63.5599,1196,"exact"
2010,"florida a&m",-20.8947,332,92.3961,113.291,66.5865,1197,"exact"
2010,"fiu",-14.4267,305,98.3876,112.814,66.6764,1198,"exact"
2010,"florida st.",18.605,29,104.941,86.3361,64.8904,1199,"exact"
2010,"fordham",-14.5529,307,92.8164,107.369,70.1498,1200,"exact"
2010,"fresno st.",1.04415,161,99.8386,98.7944,65.0062,1201,"exact"
2010,"furman",-7.29427,236,97.3926,104.687,67.1601,1202,"exact"
2010,"george washington",5.1572,119,102.805,97.6481,66.8441,1203,"exact"
2010,"georgia southern",-14.2626,303,97.4646,111.727,70.1872,1204,"exact"
2010,"gardner webb",-20.4005,329,89.902,110.302,69.3464,1205,"exact"
2010,"george mason",1.19621,160,102.02,100.824,63.8527,1206,"exact"
2010,"georgetown",24.2828,10,116.551,92.2687,65.0947,1207,"exact"
2010,"georgia",8.42874,92,109.338,100.909,63.7464,1208,"exact"
2010,"georgia st.",-3.65449,208,99.4156,103.07,61.2876,1209,"exact"
2010,"georgia tech",18.0357,32,108.997,90.9613,67.9549,1210,"exact"
2010,"gonzaga",16.7934,42,112.378,95.585,67.0743,1211,"exact"
2010,"grambling st.",-25.4701,344,88.4166,113.887,66.9836,1212,"exact"
2010,"hampton",-6.125,227,93.7434,99.8684,66.3819,1214,"exact"
2010,"hartford",-16.1078,312,95.1841,111.292,62.4685,1216,"exact"
2010,"harvard",6.77585,106,106.976,100.2,66.6412,1217,"exact"
2010,"hawaii",-6.43864,231,101.076,107.515,63.5985,1218,"exact"
2010,"high point",-11.9819,284,96.9961,108.978,67.0212,1219,"exact"
2010,"hofstra",4.63276,123,101.559,96.9264,68.7046,1220,"exact"
2010,"holy cross",-7.34199,237,101.824,109.166,64.726,1221,"exact"
2010,"houston",9.30246,84,111.84,102.537,70.8516,1222,"exact"
2010,"houston baptist",-19.2739,321,93.3963,112.67,71.8438,1223,"exact"
2010,"howard",-21.9356,335,88.0448,109.98,63.9855,1224,"exact"
2010,"idaho",3.0453,140,105.379,102.334,64.5617,1225,"exact"
2010,"idaho st.",-11.4532,275,103.6,115.053,62.1493,1226,"exact"
2010,"illinois chicago",-8.43437,250,95.9107,104.345,66.8529,1227,"manual"
2010,"illinois",14.5312,56,108.416,93.8851,66.0838,1228,"exact"
2010,"illinois st.",8.84158,89,107.761,98.9193,64.1265,1229,"exact"
2010,"indiana",-1.27711,186,101.173,102.45,67.012,1231,"exact"
2010,"indiana st.",2.75998,144,104.222,101.462,63.592,1232,"exact"
2010,"iona",6.12445,111,99.75,93.6255,64.3155,1233,"exact"
2010,"iowa",-0.0533603,169,103.106,103.159,60.7908,1234,"exact"
2010,"iowa st.",10.815,78,106.789,95.9736,67.0203,1235,"exact"
2010,"ipfw",-7.18711,235,96.5802,103.767,65.3953,1236,"exact"
2010,"iupui",6.19053,110,108.44,102.25,64.2704,1237,"exact"
2010,"jackson st.",-12.2042,287,92.431,104.635,63.6229,1238,"exact"
2010,"jacksonville",1.63722,154,101.592,99.9546,67.5027,1239,"exact"
2010,"jacksonville st.",-10.5408,264,97.0253,107.566,66.2901,1240,"exact"
2010,"james madison",-4.17858,215,100.83,105.009,66.4651,1241,"exact"
2010,"kansas",32.5121,1,119.854,87.3419,66.6569,1242,"exact"
2010,"kansas st.",24.9367,7,115.425,90.4885,69.501,1243,"exact"
2010,"kennesaw st.",-10.8273,268,97.5401,108.367,63.8649,1244,"exact"
2010,"kent st.",9.16396,87,106.133,96.9688,66.415,1245,"exact"
2010,"kentucky",24.9097,8,114.384,89.4743,67.5908,1246,"exact"
2010,"la salle",0.993037,162,105.805,104.812,66.8879,1247,"exact"
2010,"lafayette",-7.87012,242,103.627,111.497,66.2938,1248,"exact"
2010,"lamar",-12.0899,285,96.0002,108.09,67.3135,1249,"exact"
2010,"lehigh",-1.45422,191,104.907,106.362,68.4313,1250,"exact"
2010,"liberty",-11.5221,276,96.189,107.711,65.2853,1251,"exact"
2010,"lipscomb",-0.315111,175,108.812,109.127,68.9049,1252,"exact"
2010,"long beach st.",2.02338,150,100.139,98.1152,68.9574,1253,"exact"
2010,"liu brooklyn",-11.1218,272,99.3425,110.464,66.6214,1254,"exact"
2010,"longwood",-13.5967,298,97.6734,111.27,72.0684,1255,"exact"
2010,"louisiana tech",7.04911,102,106.159,99.1101,67.2967,1256,"exact"
2010,"louisville",17.834,34,115.013,97.1787,65.9182,1257,"exact"
2010,"loyola marymount",0.96002,163,107.92,106.96,68.3348,1258,"exact"
2010,"loyola md",-4.05729,212,99.1205,103.178,64.8019,1259,"exact"
2010,"loyola chicago",-4.94429,219,101.027,105.972,62.4552,1260,"exact"
2010,"lsu",-1.56073,193,99.3399,100.901,60.7407,1261,"exact"
2010,"maine",-4.29449,217,93.8468,98.1413,64.1391,1263,"exact"
2010,"manhattan",-2.31879,198,98.9515,101.27,65.7627,1264,"exact"
2010,"marist",-22.0528,336,90.4641,112.517,62.262,1265,"exact"
2010,"marquette",20.4947,19,114.599,94.1043,61.8892,1266,"exact"
2010,"marshall",11.6893,70,109.873,98.1837,67.9551,1267,"exact"
2010,"maryland",22.7026,13,117.599,94.8962,68.1243,1268,"exact"
2010,"massachusetts",-0.0807156,170,102.242,102.323,68.1783,1269,"exact"
2010,"mcneese st.",-11.9013,282,98.5363,110.438,64.9067,1270,"exact"
2010,"maryland eastern shore",-18.548,320,91.1952,109.743,64.7597,1271,"exact"
2010,"memphis",15.9893,48,114.645,98.6554,64.6107,1272,"exact"
2010,"mercer",-3.56156,207,107.352,110.914,67.6912,1273,"exact"
2010,"miami fl",14.9748,53,112.018,97.0437,64.8718,1274,"exact"
2010,"miami oh",2.59394,146,103.427,100.833,59.3518,1275,"exact"
2010,"michigan",11.8961,69,107.271,95.3751,61.399,1276,"exact"
2010,"michigan st.",20.2975,20,112.268,91.9702,65.5206,1277,"exact"
2010,"minnesota",18.7481,28,112.547,93.7989,65.3869,1278,"exact"
2010,"mississippi",15.6373,50,113.008,97.3706,67.9505,1279,"exact"
2010,"mississippi st.",16.5065,46,108.797,92.2909,66.1536,1280,"exact"
2010,"missouri",19.6787,24,110.105,90.4261,68.6097,1281,"exact"
2010,"umkc",-13.5665,296,97.8779,111.444,64.5742,1282,"exact"
2010,"missouri st.",9.21464,86,110.271,101.057,64.0592,1283,"exact"
2010,"monmouth",-13.5856,297,91.9798,105.565,65.1758,1284,"exact"
2010,"montana",8.50753,91,106.707,98.1992,61.6822,1285,"exact"
2010,"montana st.",-1.4006,190,103.23,104.631,62.9977,1286,"exact"
2010,"morehead st.",6.51196,109,104.201,97.6895,63.916,1287,"exact"
2010,"morgan st.",1.90682,151,105.657,103.75,68.151,1288,"exact"
2010,"mississippi valley st.",-20.8417,331,90.991,111.833,66.8009,1290,"manual"
2010,"mount st. mary's",-1.01666,183,96.3044,97.321,65.6027,1291,"exact"
2010,"middle tennessee",0.547728,167,100.025,99.4776,64.1902,1292,"exact"
2010,"murray st.",14.5856,55,108.952,94.3666,65.5723,1293,"exact"
2010,"northern colorado",5.05635,120,104.651,99.5949,66.307,1294,"exact"
2010,"north dakota st.",-7.66283,240,96.1483,103.811,66.8957,1295,"exact"
2010,"northern illinois",-7.50685,238,98.6609,106.168,68.8491,1296,"exact"
2010,"navy",-12.8128,291,95.8869,108.7,70.2503,1298,"exact"
2010,"north carolina a&t",-13.7241,299,93.5009,107.225,67.337,1299,"exact"
2010,"north carolina central",-22.3514,339,85.507,107.858,66.1608,1300,"exact"
2010,"nc state",12.1755,67,106.604,94.4286,63.9694,1301,"exact"
2010,"nebraska",8.0483,95,106.582,98.5338,62.4004,1304,"exact"
2010,"nevada",9.77183,81,112.4,102.628,68.058,1305,"exact"
2010,"new hampshire",-9.88435,260,91.1237,101.008,64.1144,1306,"exact"
2010,"new mexico",17.3849,39,114.142,96.7568,67.1887,1307,"exact"
2010,"new mexico st.",6.12172,112,111.342,105.22,70.1148,1308,"exact"
2010,"new orleans",-16.6281,315,88.679,105.307,63.2526,1309,"exact"
2010,"niagara",4.13631,128,105.337,101.201,67.6563,1310,"exact"
2010,"nicholls st.",-11.1618,273,99.0747,110.236,61.0489,1311,"exact"
2010,"njit",-22.2088,337,84.2586,106.467,66.2376,1312,"exact"
2010,"norfolk st.",-10.9863,270,95.7567,106.743,70.8027,1313,"exact"
2010,"north carolina",12.9578,61,107.058,94.1005,70.0732,1314,"exact"
2010,"north dakota",-24.8914,343,92.367,117.258,63.8747,1315,"exact"
2010,"north florida",-10.6337,266,91.2924,101.926,62.5308,1316,"exact"
2010,"north texas",-0.358811,178,102.939,103.298,67.1128,1317,"exact"
2010,"northeastern",11.2789,73,105.722,94.4434,60.3186,1318,"exact"
2010,"northern arizona",-4.97043,220,98.8525,103.823,65.7345,1319,"exact"
2010,"northern iowa",18.2648,31,108.029,89.7638,58.576,1320,"exact"
2010,"northwestern",10.4326,79,112.884,102.451,62.3663,1321,"exact"
2010,"northwestern st.",-14.0243,301,96.3563,110.381,73.6392,1322,"exact"
2010,"notre dame",18.3693,30,119.809,101.439,62.3372,1323,"exact"
2010,"oakland",3.71824,133,107.635,103.917,68.5659,1324,"exact"
2010,"ohio",7.35379,100,105.808,98.4546,68.1933,1325,"exact"
2010,"ohio st.",25.4713,6,117.429,91.9581,64.023,1326,"exact"
2010,"oklahoma",6.7313,107,109.643,102.912,64.8331,1328,"exact"
2010,"oklahoma st.",16.5333,45,111.497,94.9637,66.2045,1329,"exact"
2010,"old dominion",17.6423,35,107.842,90.1999,62.4677,1330,"exact"
2010,"oral roberts",2.98891,141,101.9,98.9111,65.1543,1331,"exact"
2010,"oregon",4.33442,127,105.591,101.256,65.2431,1332,"exact"
2010,"oregon st.",3.73493,132,98.5341,94.7992,60.2604,1333,"exact"
2010,"pacific",6.92766,104,105.442,98.514,58.9432,1334,"exact"
2010,"penn",-14.9443,308,96.8515,111.796,63.6304,1335,"exact"
2010,"penn st.",7.47897,99,107.637,100.158,61.7789,1336,"exact"
2010,"pepperdine",-11.767,279,97.9111,109.678,65.1229,1337,"exact"
2010,"pittsburgh",18.7753,27,111.307,92.5315,60.3262,1338,"exact"
2010,"portland",11.2037,74,109.87,98.6659,62.7078,1339,"exact"
2010,"portland st.",-0.577217,182,113.066,113.643,65.5013,1340,"exact"
2010,"prairie view a&m",-16.0871,311,85.009,101.096,65.8671,1341,"exact"
2010,"presbyterian",-20.2873,328,90.6688,110.956,61.6416,1342,"exact"
2010,"princeton",4.04057,129,96.9547,92.9142,57.9334,1343,"exact"
2010,"providence",9.15099,88,115.818,106.667,72.8378,1344,"exact"
2010,"purdue",22.5959,14,110.762,88.1665,65.4793,1345,"exact"
2010,"quinnipiac",-1.05597,184,102.833,103.889,67.4193,1346,"exact"
2010,"radford",-4.5072,218,95.4098,99.917,67.5704,1347,"exact"
2010,"rhode island",12.7605,63,112.829,100.068,67.0114,1348,"exact"
2010,"rice",-8.15035,246,95.7567,103.907,65.2893,1349,"exact"
2010,"richmond",15.2274,51,108.108,92.8809,62.1031,1350,"exact"
2010,"rider",-1.39527,189,102.63,104.025,66.7545,1351,"exact"
2010,"robert morris",-1.83054,194,99.6218,101.452,65.7182,1352,"exact"
2010,"rutgers",1.83436,153,103.308,101.474,67.1206,1353,"exact"
2010,"south carolina st.",-8.77908,253,96.9825,105.762,67.6517,1354,"exact"
2010,"south dakota st.",-4.996,221,105.074,110.07,66.5157,1355,"exact"
2010,"southern illinois",4.77936,122,105.506,100.727,65.8492,1356,"exact"
2010,"sacred heart",-11.6021,277,98.5772,110.179,68.6591,1357,"exact"
2010,"sam houston st.",7.06873,101,110.763,103.694,68.6965,1358,"exact"
2010,"samford",-9.13545,255,99.8072,108.943,55.8895,1359,"exact"
2010,"san diego",-3.20164,204,98.417,101.619,61.5126,1360,"exact"
2010,"san diego st.",17.3175,40,111.49,94.1721,62.9348,1361,"exact"
2010,"san francisco",-2.63256,200,100.457,103.089,65.6581,1362,"exact"
2010,"san jose st.",-0.298121,174,109.581,109.879,65.5907,1363,"exact"
2010,"uc santa barbara",2.37748,149,100.038,97.6604,66.0756,1364,"exact"
2010,"santa clara",-7.02542,234,96.0717,103.097,65.4586,1365,"exact"
2010,"savannah st.",-14.5418,306,89.3317,103.873,60.8423,1366,"exact"
2010,"usc upstate",-11.7007,278,91.5267,103.227,64.6757,1367,"exact"
2010,"southeastern louisiana",-3.20679,205,100.449,103.655,66.155,1368,"exact"
2010,"southeast missouri st.",-16.2985,313,90.2188,106.517,66.1618,1369,"manual"
2010,"seattle",-0.254644,173,100.422,100.677,77.3739,1370,"exact"
2010,"seton hall",13.7602,59,112.967,99.2067,69.2169,1371,"exact"
2010,"stephen f. austin",1.32797,159,102.472,101.144,58.3066,1372,"exact"
2010,"siena",13.9156,58,109.569,95.6534,68.3596,1373,"exact"
2010,"smu",2.82703,143,106.026,103.199,60.4434,1374,"exact"
2010,"south alabama",-8.44687,251,95.8334,104.28,64.2825,1375,"exact"
2010,"south carolina",8.72262,90,105.944,97.2218,68.2789,1376,"exact"
2010,"south dakota",-8.39753,248,97.9328,106.33,72.3457,1377,"exact"
2010,"south florida",11.3107,72,108.141,96.83,63.2455,1378,"exact"
2010,"southern miss",8.31014,94,103.679,95.3692,60.6941,1379,"exact"
2010,"southern",-27.1733,345,83.1804,110.354,68.1346,1380,"exact"
2010,"southern utah",-19.3102,322,89.5157,108.826,65.8467,1381,"exact"
2010,"st. bonaventure",3.4789,134,105.854,102.375,66.2854,1382,"exact"
2010,"st. francis ny",-15.979,310,89.2714,105.25,63.3491,1383,"manual"
2010,"st. john's",12.1417,68,105.769,93.6272,63.8149,1385,"exact"
2010,"saint joseph's",-0.340109,177,102.006,102.346,68.3861,1386,"exact"
2010,"saint louis",7.64224,98,99.7224,92.0802,61.4956,1387,"exact"
2010,"saint mary's",19.4058,26,116.442,97.0364,66.3664,1388,"exact"
2010,"saint peter's",-0.413217,180,92.4659,92.8791,63.7398,1389,"exact"
2010,"stanford",7.00307,103,106.1,99.0974,65.9408,1390,"exact"
2010,"stetson",-21.017,333,89.957,110.974,65.5847,1391,"exact"
2010,"stony brook",-1.20729,185,101.797,103.004,64.659,1392,"exact"
2010,"syracuse",27.5886,3,118.167,90.5783,68.6909,1393,"exact"
2010,"texas a&m corpus chris",-0.119448,171,98.9214,99.0408,64.3381,1394,"manual"
2010,"tcu",-0.184256,172,105.042,105.226,62.6773,1395,"exact"
2010,"temple",21.0266,17,107.306,86.2797,59.9751,1396,"exact"
2010,"tennessee",17.3928,38,106.604,89.2115,67.6684,1397,"exact"
2010,"tennessee st.",-9.60516,258,97.2537,106.859,66.7732,1398,"exact"
2010,"tennessee tech",-9.27336,257,104.262,113.536,66.2228,1399,"exact"
2010,"texas",20.6323,18,113.444,92.8117,71.1683,1400,"exact"
2010,"texas a&m",20.1487,21,112.093,91.9447,64.0152,1401,"exact"
2010,"texas st.",-6.32364,230,98.0458,104.369,74.5027,1402,"exact"
2010,"texas tech",9.74511,82,108.077,98.3316,70.6158,1403,"exact"
2010,"tennessee martin",-21.4142,334,89.7204,111.135,69.4068,1404,"manual"
2010,"toledo",-19.7609,326,88.2951,108.056,60.1525,1405,"exact"
2010,"towson",-7.89305,243,102.179,110.072,67.4053,1406,"exact"
2010,"troy",-0.396498,179,104.754,105.15,65.6368,1407,"exact"
2010,"tulane",-5.23111,222,94.8436,100.075,65.0316,1408,"exact"
2010,"tulsa",10.0403,80,107.271,97.2309,65.6384,1409,"exact"
2010,"texas pan american",-18.5165,319,89.0711,107.588,65.9285,1410,"manual"
2010,"texas southern",-10.9631,269,92.7699,103.733,66.0371,1411,"exact"
2010,"uab",12.433,64,104.69,92.2573,63.6938,1412,"exact"
2010,"uc davis",-5.63056,224,100.627,106.257,66.0135,1413,"exact"
2010,"uc irvine",-8.4123,249,100.721,109.133,62.9977,1414,"exact"
2010,"uc riverside",-6.27564,229,97.761,104.037,60.4334,1415,"exact"
2010,"ucf",0.67482,165,102.394,101.719,62.9608,1416,"exact"
2010,"ucla",5.8018,115,106.085,100.283,63.8797,1417,"exact"
2010,"louisiana lafayette",-4.2045,216,99.0355,103.24,65.3522,1418,"manual"
2010,"umbc",-19.413,324,95.0826,114.496,65.7874,1420,"exact"
2010,"unc asheville",-11.105,271,96.9853,108.09,70.3812,1421,"exact"
2010,"unc greensboro",-9.07158,254,95.5703,104.642,66.2362,1422,"exact"
2010,"unc wilmington",-3.90384,211,98.3701,102.274,67.4074,1423,"exact"
2010,"unlv",17.2431,41,109.859,92.6156,65.9121,1424,"exact"
2010,"usc",10.9371,76,96.5881,85.6509,61.7637,1425,"exact"
2010,"ut arlington",-7.81401,241,95.4281,103.242,70.5071,1426,"exact"
2010,"utsa",-2.12325,197,103.475,105.599,62.4626,1427,"exact"
2010,"utah",5.41305,117,102.836,97.4227,64.4095,1428,"exact"
2010,"utah st.",21.2893,16,116.361,95.0722,59.4224,1429,"exact"
2010,"utah valley",-19.566,325,89.4433,109.009,60.6498,1430,"exact"
2010,"utep",17.5793,36,107.504,89.9248,67.4737,1431,"exact"
2010,"vcu",13.9641,57,111.912,97.9479,67.336,1433,"exact"
2010,"valparaiso",-1.4789,192,109.969,111.448,66.646,1434,"exact"
2010,"vanderbilt",17.5253,37,113.609,96.0838,68.4945,1435,"exact"
2010,"vermont",3.12414,138,103.697,100.573,65.8979,1436,"exact"
2010,"villanova",22.9755,12,118.572,95.5965,71.172,1437,"exact"
2010,"virginia",10.8867,77,107.661,96.7746,61.2514,1438,"exact"
2010,"virginia tech",16.6585,43,107.915,91.2568,67.5874,1439,"exact"
2010,"vmi",-17.5659,317,102.319,119.885,83.0001,1440,"exact"
2010,"western carolina",0.906875,164,104.273,103.366,68.5058,1441,"exact"
2010,"western illinois",-10.553,265,91.0745,101.628,60.3716,1442,"exact"
2010,"western kentucky",4.43341,126,105.601,101.168,64.0681,1443,"exact"
2010,"western michigan",2.90557,142,106.329,103.424,65.596,1444,"exact"
2010,"wagner",-22.2572,338,88.649,110.906,65.3294,1447,"exact"
2010,"wake forest",14.8954,54,106.69,91.7943,68.4678,1448,"exact"
2010,"washington",17.9107,33,111.513,93.6021,71.3389,1449,"exact"
2010,"washington st.",6.01867,113,108.006,101.987,65.6699,1450,"exact"
2010,"weber st.",7.71332,97,109.665,101.952,66.955,1451,"exact"
2010,"west virginia",25.7322,4,117.329,91.5966,62.3139,1452,"exact"
2010,"green bay",1.90294,152,106.109,104.206,62.9367,1453,"exact"
2010,"milwaukee",3.32635,136,104.776,101.45,65.8018,1454,"exact"
2010,"wichita st.",12.3515,65,108.648,96.2967,64.0795,1455,"exact"
2010,"william & mary",6.6843,108,109.774,103.089,59.5062,1456,"exact"
2010,"winthrop",-4.11173,214,90.8904,95.0021,63.9135,1457,"exact"
2010,"wisconsin",25.564,5,115.399,89.8348,58.6587,1458,"exact"
2010,"wofford",9.42513,83,104.267,94.8414,63.1377,1459,"exact"
2010,"wright st.",11.4274,71,107.825,96.3973,61.351,1460,"exact"
2010,"wyoming",-7.01805,233,97.2988,104.317,69.685,1461,"exact"
2010,"xavier",19.8256,23,114.769,94.9437,68.8639,1462,"exact"
2010,"yale",-10.6414,267,95.7065,106.348,65.9333,1463,"exact"
2010,"youngstown st.",-6.80804,232,98.6538,105.462,66.6781,1464,"exact"
2010,"winston salem st.",-20.5232,330,86.5828,107.106,65.9857,1475,"manual"
2011,"air force",4.57898,117,105.717,101.138,61.2714,1102,"exact"
2011,"akron",3.75741,125,103.29,99.533,66.2222,1103,"exact"
2011,"alabama",12.3817,61,103.651,91.2692,63.8506,1104,"exact"
2011,"alabama a&m",-16.7695,324,86.2111,102.981,70.1295,1105,"exact"
2011,"alabama st.",-13.0699,302,92.3675,105.437,63.859,1106,"exact"
2011,"albany",-6.82393,243,100.971,107.795,60.3227,1107,"exact"
2011,"alcorn st.",-25.251,341,85.559,110.81,76.097,1108,"exact"
2011,"american",-0.505234,173,103.44,103.946,60.7173,1110,"exact"
2011,"appalachian st.",-4.70139,217,103.768,108.47,66.4558,1111,"exact"
2011,"arizona",18.8834,24,115.936,97.0522,65.5658,1112,"exact"
2011,"arizona st.",3.0256,130,103.482,100.457,62.9875,1113,"exact"
2011,"arkansas little rock",-4.48952,215,100.167,104.657,64.4828,1114,"manual"
2011,"arkansas pine bluff",-22.2218,338,88.2123,110.434,66.1804,1115,"manual"
2011,"arkansas",5.06969,111,105.369,100.3,66.396,1116,"exact"
2011,"arkansas st.",-2.66803,193,100.277,102.945,64.5389,1117,"exact"
2011,"army",-10.3202,276,98.8434,109.164,67.2642,1119,"exact"
2011,"auburn",-6.02615,236,96.013,102.039,64.8293,1120,"exact"
2011,"austin peay",2.26245,147,102.194,99.9312,66.9041,1122,"exact"
2011,"ball st.",-0.24985,168,102.36,102.61,64.0049,1123,"exact"
2011,"baylor",9.29515,79,106.531,97.2359,65.3086,1124,"exact"
2011,"belmont",18.9677,23,112.236,93.268,68.7655,1125,"exact"
2011,"bethune cookman",-11.8697,291,99.1894,111.059,61.3427,1126,"fuzzy"
2011,"binghamton",-15.8164,315,96.9604,112.777,61.9969,1127,"exact"
2011,"boise st.",9.36041,78,107.558,98.1973,67.4333,1129,"exact"
2011,"boston college",11.8497,67,116.394,104.544,63.0239,1130,"exact"
2011,"boston university",-0.385171,170,102.907,103.292,63.0646,1131,"exact"
2011,"bowling green",-6.98822,245,96.8054,103.794,64.5415,1132,"exact"
2011,"bradley",-3.48477,201,100.115,103.6,66.1446,1133,"exact"
2011,"brown",-6.36482,237,102.188,108.553,68.4193,1135,"exact"
2011,"bryant",-13.762,305,99.7982,113.56,65.1317,1136,"exact"
2011,"bucknell",7.57974,85,105.356,97.7759,65.0026,1137,"exact"
2011,"buffalo",4.76358,113,104.545,99.7813,66.0653,1138,"exact"
2011,"butler",14.9935,44,112.272,97.278,63.7754,1139,"exact"
2011,"byu",23.4657,11,117.73,94.2638,70.3423,1140,"exact"
2011,"central michigan",-10.1496,274,91.0585,101.208,63.5017,1141,"exact"
2011,"cal poly",0.234938,164,97.2646,97.0296,59.9981,1142,"exact"
2011,"california",10.9938,69,109.448,98.4542,67.858,1143,"exact"
2011,"campbell",-7.95245,253,96.9465,104.899,64.4485,1144,"exact"
2011,"canisius",-1.21718,181,102.354,103.571,65.123,1145,"exact"
2011,"central arkansas",-21.8676,335,89.8379,111.706,70.0752,1146,"exact"
2011,"centenary",-29.2473,344,83.1743,112.422,69.1003,1147,"exact"
2011,"central connecticut",0.818341,157,100.157,99.3391,66.4243,1148,"exact"
2011,"charleston southern",-4.35416,211,102.17,106.524,66.2472,1149,"exact"
2011,"charlotte",-3.91332,206,100.79,104.703,64.0794,1150,"exact"
2011,"chattanooga",-9.66535,270,98.242,107.907,68.4926,1151,"exact"
2011,"chicago st.",-28.7032,343,88.9963,117.7,70.5478,1152,"exact"
2011,"cincinnati",19.6039,19,109.822,90.218,63.2667,1153,"exact"
2011,"the citadel",-10.949,283,100.1,111.049,62.3246,1154,"exact"
2011,"clemson",17.4409,29,107.856,90.4152,64.0185,1155,"exact"
2011,"cleveland st.",11.8662,66,109.428,97.5616,65.5366,1156,"exact"
2011,"coastal carolina",5.41117,106,104.832,99.4205,66.2508,1157,"exact"
2011,"college of charleston",9.79663,75,112.969,103.172,66.0496,1158,"exact"
2011,"colgate",-15.1656,314,96.5603,111.726,66.3559,1159,"exact"
2011,"colorado",13.6455,52,116.433,102.788,67.3964,1160,"exact"
2011,"colorado st.",10.4501,72,108.722,98.2715,66.3747,1161,"exact"
2011,"columbia",-4.34012,210,100.671,105.011,67.2073,1162,"exact"
2011,"connecticut",21.703,15,114.804,93.1006,65.3986,1163,"exact"
2011,"coppin st.",-9.5838,268,97.6737,107.257,68.5944,1164,"exact"
2011,"cornell",-2.31023,192,104.44,106.751,65.4961,1165,"exact"
2011,"creighton",4.6249,114,106.539,101.914,63.3367,1166,"exact"
2011,"cal st. bakersfield",-14.1002,307,96.5832,110.683,67.7289,1167,"manual"
2011,"cal st. fullerton",-8.1658,256,104.216,112.382,67.8951,1168,"exact"
2011,"cal st. northridge",-4.77403,219,100.148,104.922,68.1058,1169,"exact"
2011,"sacramento st.",-16.1214,317,92.8774,108.999,63.7374,1170,"exact"
2011,"dartmouth",-16.4927,320,90.1168,106.61,65.6436,1171,"exact"
2011,"davidson",1.04643,154,103.394,102.347,67.0244,1172,"exact"
2011,"dayton",6.63005,96,103.588,96.9575,65.3604,1173,"exact"
2011,"delaware",-3.45413,200,99.4864,102.941,63.7759,1174,"exact"
2011,"delaware st.",-13.9353,306,98.4367,112.372,59.8491,1175,"exact"
2011,"denver",-4.44924,213,99.3518,103.801,56.6301,1176,"exact"
2011,"depaul",-3.23656,196,102.449,105.685,68.6632,1177,"exact"
2011,"detroit",3.01266,132,106.083,103.07,70.1012,1178,"exact"
2011,"drake",-4.33675,209,100.38,104.717,65.0082,1179,"exact"
2011,"drexel",6.25848,99,98.6098,92.3513,63.3012,1180,"exact"
2011,"duke",29.5475,2,118.637,89.0891,69.1256,1181,"exact"
2011,"duquesne",13.1381,55,106.55,93.4124,70.9255,1182,"exact"
2011,"eastern illinois",-13.5076,304,92.2765,105.784,63.0878,1183,"exact"
2011,"eastern kentucky",-6.75275,241,101.494,108.247,61.2092,1184,"exact"
2011,"eastern michigan",-10.9199,282,88.6324,99.5523,66.5158,1185,"exact"
2011,"eastern washington",-8.59736,259,98.602,107.199,64.1088,1186,"exact"
2011,"east carolina",2.09979,148,105.296,103.196,65.3193,1187,"exact"
2011,"siu edwardsville",-26.5355,342,86.0098,112.545,68.676,1188,"exact"
2011,"elon",-7.00174,246,103.455,110.457,67.5718,1189,"exact"
2011,"east tennessee st.",4.53816,118,102.472,97.934,64.0693,1190,"exact"
2011,"evansville",-1.65348,184,100.151,101.804,66.6996,1191,"exact"
2011,"fairleigh dickinson",-16.6045,322,92.4386,109.043,66.563,1192,"exact"
2011,"fairfield",6.17567,101,97.7809,91.6053,65.4974,1193,"exact"
2011,"florida atlantic",-1.35046,182,101.966,103.317,62.8068,1194,"exact"
2011,"florida gulf coast",-11.3577,285,93.8723,105.23,67.9349,1195,"exact"
2011,"florida",19.5245,21,114.555,95.0304,62.5758,1196,"exact"
2011,"florida a&m",-18.5082,325,87.8561,106.364,66.8313,1197,"exact"
2011,"fiu",-11.1555,284,99.9591,111.115,68.7925,1198,"exact"
2011,"florida st.",14.9701,45,103.157,88.1874,67.5152,1199,"exact"
2011,"fordham",-11.637,289,97.3834,109.02,66.6503,1200,"exact"
2011,"fresno st.",-0.479291,172,101.412,101.891,66.0048,1201,"exact"
2011,"furman",2.372,145,104.37,101.998,63.1638,1202,"exact"
2011,"george washington",-0.573889,174,100.66,101.234,63.9631,1203,"exact"
2011,"georgia southern",-19.6996,329,88.7765,108.476,66.4403,1204,"exact"
2011,"gardner webb",-9.70862,271,94.4685,104.177,63.6839,1205,"exact"
2011,"george mason",18.3096,26,113.269,94.9599,65.0301,1206,"exact"
2011,"georgetown",18.9952,22,114.287,95.2916,63.7784,1207,"exact"
2011,"georgia",11.9637,64,107.153,95.1889,64.1695,1208,"exact"
2011,"georgia st.",-4.98009,223,93.8756,98.8557,64.126,1209,"exact"
2011,"georgia tech",6.03377,102,101.547,95.5129,68.2243,1210,"exact"
2011,"gonzaga",16.5087,36,110.61,94.1013,66.6571,1211,"exact"
2011,"grambling st.",-19.6337,328,86.6206,106.254,66.5282,1212,"exact"
2011,"hampton",-3.79341,203,93.9345,97.7279,66.566,1214,"exact"
2011,"hartford",-11.6514,290,92.0271,103.678,63.4031,1216,"exact"
2011,"harvard",11.4183,68,112.266,100.848,63.7543,1217,"exact"
2011,"hawaii",0.490053,161,100.895,100.405,66.2058,1218,"exact"
2011,"high point",-14.3237,308,93.8158,108.14,67.2437,1219,"exact"
2011,"hofstra",2.92719,137,107.916,104.989,65.4596,1220,"exact"
2011,"holy cross",-5.12229,225,100.981,106.103,65.1037,1221,"exact"
2011,"houston",-4.75057,218,100.693,105.444,65.9093,1222,"exact"
2011,"houston baptist",-22.2061,337,90.5213,112.727,70.9586,1223,"exact"
2011,"howard",-24.1218,340,87.2466,111.368,64.974,1224,"exact"
2011,"idaho",2.90658,138,104.522,101.615,63.8239,1225,"exact"
2011,"idaho st.",-12.8179,300,97.7802,110.598,64.3352,1226,"exact"
2011,"illinois chicago",-8.17157,257,95.5581,103.73,64.5999,1227,"manual"
2011,"illinois",19.5782,20,112.305,92.727,65.2946,1228,"exact"
2011,"illinois st.",-6.94095,244,95.2843,102.225,62.7247,1229,"exact"
2011,"indiana",8.00905,84,109.235,101.226,65.0455,1231,"exact"
2011,"indiana st.",4.62225,115,101.49,96.8677,65.4175,1232,"exact"
2011,"iona",11.9544,65,113.204,101.25,68.1197,1233,"exact"
2011,"iowa",6.55564,97,102.817,96.2612,67.0992,1234,"exact"
2011,"iowa st.",8.94513,80,107.612,98.667,69.3777,1235,"exact"
2011,"ipfw",-0.887926,177,105.096,105.984,65.4229,1236,"exact"
2011,"iupui",3.73141,126,110.727,106.995,62.0376,1237,"exact"
2011,"jackson st.",-10.4685,278,94.9042,105.373,63.6592,1238,"exact"
2011,"jacksonville",-0.0918743,166,97.7795,97.8714,67.5457,1239,"exact"
2011,"jacksonville st.",-12.312,294,95.1453,107.457,61.8157,1240,"exact"
2011,"james madison",6.2198,100,107.849,101.629,67.0103,1241,"exact"
2011,"kansas",28.7018,3,119.505,90.8029,68.9821,1242,"exact"
2011,"kansas st.",17.4393,30,109.524,92.0845,66.786,1243,"exact"
2011,"kennesaw st.",-16.5777,321,97.731,114.309,64.0785,1244,"exact"
2011,"kent st.",5.05456,112,103.556,98.5012,66.8425,1245,"exact"
2011,"kentucky",25.2715,9,117.76,92.4889,65.932,1246,"exact"
2011,"la salle",-0.389789,171,106.076,106.466,71.2799,1247,"exact"
2011,"lafayette",-4.95616,221,102.374,107.331,64.7991,1248,"exact"
2011,"lamar",-6.64888,238,99.6792,106.328,73.8485,1249,"exact"
2011,"lehigh",-1.953,187,102.15,104.103,70.3145,1250,"exact"
2011,"liberty",-5.35219,229,96.9246,102.277,65.0546,1251,"exact"
2011,"lipscomb",1.28042,153,105.998,104.718,69.7518,1252,"exact"
2011,"long beach st.",7.15248,88,106.293,99.1409,68.7593,1253,"exact"
2011,"liu brooklyn",5.37973,107,108.912,103.533,73.2043,1254,"exact"
2011,"longwood",-16.3882,319,101.499,117.888,70.265,1255,"exact"
2011,"louisiana tech",-6.68747,239,95.0733,101.761,65.9392,1256,"exact"
2011,"louisville",22.87,12,111.247,88.3769,66.988,1257,"exact"
2011,"loyola marymount",-3.44428,199,101.316,104.761,66.8132,1258,"exact"
2011,"loyola md",-1.16543,180,102.841,104.007,65.2243,1259,"exact"
2011,"loyola chicago",2.71472,139,105.045,102.331,64.8891,1260,"exact"
2011,"lsu",-5.89978,235,94.6919,100.592,65.174,1261,"exact"
2011,"maine",-3.41866,198,104.029,107.447,65.1212,1263,"exact"
2011,"manhattan",-14.3676,309,95.8358,110.203,62.7965,1264,"exact"
2011,"marist",-16.3206,318,94.2017,110.522,65.2318,1265,"exact"
2011,"marquette",18.1301,28,115.623,97.4927,66.7571,1266,"exact"
2011,"marshall",8.74807,83,108.5,99.7517,67.3063,1267,"exact"
2011,"maryland",15.1843,42,109.062,93.8781,70.0358,1268,"exact"
2011,"massachusetts",-1.14527,179,97.7293,98.8746,66.927,1269,"exact"
2011,"mcneese st.",-3.02038,194,105.381,108.402,65.3335,1270,"exact"
2011,"maryland eastern shore",-21.9678,336,91.4281,113.396,69.2395,1271,"exact"
2011,"memphis",6.96184,91,103.673,96.7112,67.8874,1272,"exact"
2011,"mercer",-3.88275,205,100.271,104.154,65.6767,1273,"exact"
2011,"miami fl",12.2044,63,111.297,99.0923,64.3343,1274,"exact"
2011,"miami oh",-1.76103,185,104.729,106.49,62.8391,1275,"exact"
2011,"michigan",15.4164,40,110.77,95.3533,61.959,1276,"exact"
2011,"michigan st.",14.7956,46,108.503,93.7079,65.0151,1277,"exact"
2011,"minnesota",12.5674,59,109.487,96.9194,65.3157,1278,"exact"
2011,"mississippi",9.68494,76,112.224,102.539,66.322,1279,"exact"
2011,"mississippi st.",2.98178,136,106.669,103.687,66.608,1280,"exact"
2011,"missouri",16.559,34,112.932,96.3729,71.2086,1281,"exact"
2011,"umkc",-9.90113,272,101.028,110.929,64.2005,1282,"exact"
2011,"missouri st.",10.1517,73,111.969,101.817,62.0619,1283,"exact"
2011,"monmouth",-10.4623,277,93.8372,104.299,63.0271,1284,"exact"
2011,"montana",5.88998,104,101.029,95.1386,62.8363,1285,"exact"
2011,"montana st.",-7.46316,248,99.6283,107.091,64.7866,1286,"exact"
2011,"morehead st.",6.79253,94,105.208,98.4152,63.8399,1287,"exact"
2011,"morgan st.",-7.20386,247,94.1199,101.324,65.8924,1288,"exact"
2011,"mississippi valley st.",-14.4993,311,93.0273,107.527,71.722,1290,"manual"
2011,"mount st. mary's",-7.71606,249,94.1376,101.854,64.3963,1291,"exact"
2011,"middle tennessee",-2.15752,189,97.8308,99.9884,65.9874,1292,"exact"
2011,"murray st.",3.01245,133,103.497,100.484,62.5927,1293,"exact"
2011,"northern colorado",4.58447,116,106.011,101.426,67.118,1294,"exact"
2011,"north dakota st.",0.413063,162,104.06,103.647,67.3706,1295,"exact"
2011,"northern illinois",-10.2767,275,98.1858,108.463,67.8818,1296,"exact"
2011,"navy",-9.65217,269,92.5328,102.185,69.7944,1298,"exact"
2011,"north carolina a&t",-12.2814,292,98.3649,110.646,68.2119,1299,"exact"
2011,"north carolina central",-14.9735,313,95.2991,110.273,66.0409,1300,"exact"
2011,"nc state",7.0027,90,109.117,102.114,66.3562,1301,"exact"
2011,"nebraska",13.0752,56,104.85,91.7745,62.6606,1304,"exact"
2011,"nevada",0.927333,156,103.88,102.952,67.2782,1305,"exact"
2011,"new hampshire",-11.4992,288,90.336,101.835,62.1032,1306,"exact"
2011,"new mexico",15.0649,43,111.132,96.0676,65.2898,1307,"exact"
2011,"new mexico st.",2.70315,140,104.992,102.289,67.0285,1308,"exact"
2011,"niagara",-12.743,298,91.5923,104.335,67.5458,1310,"exact"
2011,"nicholls st.",-5.68467,232,96.5107,102.195,60.325,1311,"exact"
2011,"njit",-14.4466,310,92.1686,106.615,65.9757,1312,"exact"
2011,"norfolk st.",-12.6188,296,96.4256,109.044,69.1818,1313,"exact"
2011,"north carolina",21.5431,16,110.652,89.1087,70.5943,1314,"exact"
2011,"north dakota",-13.0492,301,91.4182,104.467,66.8202,1315,"exact"
2011,"north florida",-4.97612,222,98.9888,103.965,65.7442,1316,"exact"
2011,"north texas",-0.584999,175,108.412,108.997,67.4935,1317,"exact"
2011,"northeastern",-3.04196,195,107.894,110.936,62.9936,1318,"exact"
2011,"northern arizona",3.93537,123,105.83,101.894,65.435,1319,"exact"
2011,"northern iowa",4.25805,119,108.23,103.972,59.3976,1320,"exact"
2011,"northwestern",12.3519,62,115.642,103.29,63.3951,1321,"exact"
2011,"northwestern st.",-8.78794,260,100.46,109.248,71.5061,1322,"exact"
2011,"notre dame",24.6542,10,121.279,96.6246,63.3777,1323,"exact"
2011,"oakland",12.9371,58,117.282,104.345,71.6088,1324,"exact"
2011,"ohio",1.3396,152,106.619,105.279,67.2952,1325,"exact"
2011,"ohio st.",32.232,1,123.643,91.4115,64.4098,1326,"exact"
2011,"oklahoma",2.49573,141,104.142,101.646,64.5625,1328,"exact"
2011,"oklahoma st.",10,74,105.83,95.8304,64.9871,1329,"exact"
2011,"old dominion",14.251,49,109.126,94.8747,60.8228,1330,"exact"
2011,"oral roberts",3.95754,122,110.397,106.439,66.1651,1331,"exact"
2011,"oregon",6.71304,95,105.584,98.8705,66.3777,1332,"exact"
2011,"oregon st.",0.728239,159,102.271,101.543,69.5573,1333,"exact"
2011,"pacific",2.33657,146,105.014,102.678,59.8456,1334,"exact"
2011,"penn",-1.80134,186,101.095,102.897,63.6914,1335,"exact"
2011,"penn st.",14.4209,47,111.847,97.4264,59.8734,1336,"exact"
2011,"pepperdine",-5.18712,226,103.887,109.074,65.9861,1337,"exact"
2011,"pittsburgh",27.4261,4,119.627,92.2012,62.2651,1338,"exact"
2011,"portland",6.81528,93,111.82,105.004,62.9926,1339,"exact"
2011,"portland st.",-9.16679,265,103.561,112.727,67.2217,1340,"exact"
2011,"prairie view a&m",-21.6844,334,85.2357,106.92,66.6207,1341,"exact"
2011,"presbyterian",-7.8593,251,100.903,108.762,59.4417,1342,"exact"
2011,"princeton",8.81724,81,106.219,97.4016,63.3505,1343,"exact"
2011,"providence",7.40792,87,109.347,101.939,71.7985,1344,"exact"
2011,"purdue",25.6115,6,115.013,89.4016,66.3974,1345,"exact"
2011,"quinnipiac",0.240078,163,103.95,103.71,67.2616,1346,"exact"
2011,"radford",-20.1789,331,85.9941,106.173,66.9594,1347,"exact"
2011,"rhode island",3.91002,124,102.918,99.0077,66.2332,1348,"exact"
2011,"rice",1.00646,155,104.453,103.446,63.9576,1349,"exact"
2011,"richmond",15.5729,39,111.003,95.4298,63.1619,1350,"exact"
2011,"rider",5.09411,110,107.333,102.239,67.9174,1351,"exact"
2011,"robert morris",1.84288,150,102.488,100.645,63.7451,1352,"exact"
2011,"rutgers",9.66959,77,107.997,98.3272,62.9516,1353,"exact"
2011,"south carolina st.",-19.2139,327,91.0057,110.22,66.7084,1354,"exact"
2011,"south dakota st.",5.3126,108,115.074,109.762,67.6141,1355,"exact"
2011,"southern illinois",-5.38143,230,95.9505,101.332,63.6993,1356,"exact"
2011,"sacred heart",-9.25396,266,98.5249,107.779,65.773,1357,"exact"
2011,"sam houston st.",-0.970969,178,102.548,103.519,65.6983,1358,"exact"
2011,"samford",-14.9012,312,95.531,110.432,60.2853,1359,"exact"
2011,"san diego",-12.3108,293,92.236,104.547,64.1501,1360,"exact"
2011,"san diego st.",25.6096,7,113.834,88.2242,62.8786,1361,"exact"
2011,"san francisco",1.85615,149,101.706,99.8501,66.3388,1362,"exact"
2011,"san jose st.",-0.706475,176,103.958,104.664,66.8579,1363,"exact"
2011,"uc santa barbara",4.10161,121,103.503,99.4018,64.4276,1364,"exact"
2011,"santa clara",1.81919,151,104.926,103.107,66.8755,1365,"exact"
2011,"savannah st.",-9.09067,264,90.4811,99.5718,62.3535,1366,"exact"
2011,"usc upstate",-16.6615,323,91.7407,108.402,63.4098,1367,"exact"
2011,"southeastern louisiana",-8.31674,258,98.1411,106.458,65.0581,1368,"exact"
2011,"southeast missouri st.",-12.635,297,96.9961,109.631,66.5462,1369,"manual"
2011,"seattle",-9.4213,267,92.3248,101.746,72.3584,1370,"exact"
2011,"seton hall",13.0522,57,103.699,90.6465,67.9375,1371,"exact"
2011,"stephen f. austin",-4.02629,207,95.9754,100.002,59.399,1372,"exact"
2011,"siena",-3.50848,202,98.4754,101.984,68.3118,1373,"exact"
2011,"smu",0.762431,158,103.616,102.854,60.0173,1374,"exact"
2011,"south alabama",-12.3689,295,99.1256,111.495,67.304,1375,"exact"
2011,"south carolina",2.98286,135,100.299,97.3162,67.4158,1376,"exact"
2011,"south dakota",-11.4879,287,99.3269,110.815,71.2638,1377,"exact"
2011,"south florida",3.4209,128,103.016,99.5947,61.4364,1378,"exact"
2011,"southern miss",10.5213,71,111.38,100.858,64.9592,1379,"exact"
2011,"southern",-30.4631,345,81.5684,112.032,64.9951,1380,"exact"
2011,"southern utah",-8.92311,261,99.8128,108.736,66.6962,1381,"exact"
2011,"st. bonaventure",2.45996,143,106.413,103.953,63.1484,1382,"exact"
2011,"st. francis ny",-3.85384,204,98.127,101.981,66.3466,1383,"manual"
2011,"st. john's",16.8263,33,110.496,93.6698,66.3588,1385,"exact"
2011,"saint joseph's",-2.06296,188,105.497,107.56,63.1971,1386,"exact"
2011,"saint louis",3.42792,127,98.8188,95.3909,63.7329,1387,"exact"
2011,"saint mary's",16.0464,37,117.116,101.069,65.3531,1388,"exact"
2011,"saint peter's",3.24183,129,95.0018,91.7599,64.6119,1389,"exact"
2011,"stanford",6.40311,98,104.145,97.7415,64.4082,1390,"exact"
2011,"stetson",-13.1785,303,95.9156,109.094,65.5834,1391,"exact"
2011,"stony brook",-5.66742,231,92.9422,98.6096,62.726,1392,"exact"
2011,"syracuse",22.6298,13,114.248,91.6187,65.0381,1393,"exact"
2011,"texas a&m corpus chris",-15.9521,316,92.2646,108.217,64.8912,1394,"manual"
2011,"tcu",-0.0935564,167,101.817,101.91,66.3657,1395,"exact"
2011,"temple",16.988,32,109.724,92.7362,64.7767,1396,"exact"
2011,"tennessee",13.3636,54,107.96,94.5968,66.3754,1397,"exact"
2011,"tennessee st.",-6.81588,242,101.386,108.202,64.546,1398,"exact"
2011,"tennessee tech",-4.4612,214,100.473,104.935,70.1759,1399,"exact"
2011,"texas",26.7252,5,114.882,88.1564,65.8605,1400,"exact"
2011,"texas a&m",15.3838,41,109.943,94.5593,61.4192,1401,"exact"
2011,"texas st.",-7.80332,250,99.6226,107.426,73.3835,1402,"exact"
2011,"texas tech",4.18895,120,106.68,102.491,69.726,1403,"exact"
2011,"tennessee martin",-12.7451,299,96.7259,109.471,68.4205,1404,"manual"
2011,"toledo",-20.8939,332,91.0172,111.911,63.1787,1405,"exact"
2011,"towson",-10.8061,281,104.883,115.689,65.4975,1406,"exact"
2011,"troy",-10.0602,273,97.15,107.21,70.6114,1407,"exact"
2011,"tulane",-2.21336,191,101.59,103.804,65.0835,1408,"exact"
2011,"tulsa",7.04614,89,106.392,99.3455,66.0764,1409,"exact"
2011,"texas pan american",-20.9621,333,93.3753,114.337,65.2229,1410,"manual"
2011,"texas southern",-10.7248,280,91.8765,102.601,65.1766,1411,"exact"
2011,"uab",12.5184,60,108.63,96.1119,62.1202,1412,"exact"
2011,"uc davis",-6.68783,240,102.253,108.941,66.8975,1413,"exact"
2011,"uc irvine",-4.26169,208,102.046,106.308,70.2437,1414,"exact"
2011,"uc riverside",-8.94545,263,97.2498,106.195,65.2249,1415,"exact"
2011,"ucf",5.90856,103,105.36,99.4511,64.4296,1416,"exact"
2011,"ucla",13.7419,51,107.561,93.8189,65.5545,1417,"exact"
2011,"louisiana lafayette",-5.85472,234,98.0647,103.919,68.0929,1418,"manual"
2011,"umbc",-22.3246,339,95.2741,117.599,67.2709,1420,"exact"
2011,"unc asheville",2.393,144,101.432,99.0391,67.7991,1421,"exact"
2011,"unc greensboro",-11.3581,286,98.7073,110.065,70.0054,1422,"exact"
2011,"unc wilmington",-4.37416,212,101.009,105.383,62.1977,1423,"exact"
2011,"unlv",18.7696,25,110.321,91.5518,66.9325,1424,"exact"
2011,"usc",14.3669,48,108.303,93.9363,62.1879,1425,"exact"
2011,"ut arlington",-7.93779,252,95.9603,103.898,67.5006,1426,"exact"
2011,"utsa",-5.19344,227,101.474,106.668,67.0401,1427,"exact"
2011,"utah",3.00585,134,102.985,99.9792,67.7331,1428,"exact"
2011,"utah st.",20.1997,17,110.413,90.2135,62.8424,1429,"exact"
2011,"utah valley",-7.9763,254,100.182,108.159,65.7339,1430,"exact"
2011,"utep",10.8769,70,104.666,93.7891,66.8224,1431,"exact"
2011,"vcu",8.74997,82,109.563,100.813,65.9737,1433,"exact"
2011,"valparaiso",6.8731,92,105.531,98.658,66.4379,1434,"exact"
2011,"vanderbilt",17.437,31,115.206,97.7687,66.882,1435,"exact"
2011,"vermont",3.01499,131,101.693,98.6777,64.9432,1436,"exact"
2011,"villanova",18.299,27,114.746,96.4465,65.5804,1437,"exact"
2011,"virginia",5.82514,105,103.295,97.4698,59.6034,1438,"exact"
2011,"virginia tech",15.9564,38,108.618,92.662,64.0788,1439,"exact"
2011,"vmi",-3.25831,197,109.874,113.132,75.1147,1440,"exact"
2011,"western carolina",-2.20794,190,97.7862,99.9942,68.4887,1441,"exact"
2011,"western illinois",-20.0398,330,86.8366,106.876,61.6237,1442,"exact"
2011,"western kentucky",-4.55548,216,99.848,104.403,67.2038,1443,"exact"
2011,"western michigan",-0.295901,169,104.359,104.655,67.3864,1444,"exact"
2011,"wagner",-5.27116,228,99.7801,105.051,66.6897,1447,"exact"
2011,"wake forest",-8.93588,262,99.5379,108.474,69.277,1448,"exact"
2011,"washington",22.2141,14,116.488,94.2736,70.7555,1449,"exact"
2011,"washington st.",14.0872,50,108.797,94.7098,67.8244,1450,"exact"
2011,"weber st.",0.227654,165,103.768,103.541,64.8842,1451,"exact"
2011,"west virginia",20.1684,18,113.313,93.145,62.7344,1452,"exact"
2011,"green bay",0.577225,160,103.531,102.954,65.2009,1453,"exact"
2011,"milwaukee",2.48322,142,103.826,101.343,65.8307,1454,"exact"
2011,"wichita st.",13.5455,53,111.45,97.9047,65.0118,1455,"exact"
2011,"william & mary",-5.75017,233,102.038,107.788,63.2502,1456,"exact"
2011,"winthrop",-4.86398,220,95.4612,100.325,65.2854,1457,"exact"
2011,"wisconsin",25.5977,8,121.946,96.348,56.891,1458,"exact"
2011,"wofford",7.57016,86,111.911,104.341,63.4771,1459,"exact"
2011,"wright st.",5.15764,109,104.258,99.1008,61.9718,1460,"exact"
2011,"wyoming",-4.98726,224,98.0691,103.056,66.4235,1461,"exact"
2011,"xavier",16.5395,35,112.808,96.2683,64.8622,1462,"exact"
2011,"yale",-1.46348,183,98.8333,100.297,66.0483,1463,"exact"
2011,"youngstown st.",-8.12868,255,99.0919,107.221,68.909,1464,"exact"
2012,"air force",-1.59285,182,100.033,101.626,60.4091,1102,"exact"
2012,"akron",10.6552,70,107.696,97.0412,65.7394,1103,"exact"
2012,"alabama",16.6596,28,106.031,89.3714,61.5091,1104,"exact"
2012,"alabama a&m",-21.3437,336,89.7658,111.109,66.0913,1105,"exact"
2012,"alabama st.",-16.781,314,87.6283,104.409,62.8437,1106,"exact"
2012,"albany",-2.68587,199,108.42,111.106,63.6794,1107,"exact"
2012,"alcorn st.",-20.0947,331,88.0774,108.172,66.8581,1108,"exact"
2012,"american",-0.262925,171,101.302,101.564,60.8311,1110,"exact"
2012,"appalachian st.",-8.33886,258,99.3456,107.684,64.7545,1111,"exact"
2012,"arizona",12.9455,48,107.729,94.7837,63.5621,1112,"exact"
2012,"arizona st.",-6.36479,236,99.9735,106.338,61.7959,1113,"exact"
2012,"arkansas little rock",-1.34268,180,98.2305,99.5732,63.0638,1114,"manual"
2012,"arkansas pine bluff",-17.8782,321,93.1871,111.065,64.5536,1115,"manual"
2012,"arkansas",4.06351,126,106.167,102.103,68.8833,1116,"exact"
2012,"arkansas st.",-2.55833,195,102.334,104.893,61.3128,1117,"exact"
2012,"army",-13.0089,298,93.3844,106.393,67.4895,1119,"exact"
2012,"auburn",2.15505,145,99.4549,97.2998,63.2399,1120,"exact"
2012,"austin peay",-3.29515,207,102.182,105.477,66.8663,1122,"exact"
2012,"ball st.",-2.56744,196,99.9042,102.472,61.589,1123,"exact"
2012,"baylor",21.4193,12,115.656,94.2364,64.8088,1124,"exact"
2012,"belmont",17.6692,24,117.088,99.4192,66.7473,1125,"exact"
2012,"bethune cookman",-8.35023,259,101.066,109.417,61.8067,1126,"fuzzy"
2012,"binghamton",-26.2555,344,86.2052,112.461,63.8762,1127,"exact"
2012,"boise st.",2.09806,147,105.487,103.389,63.6415,1129,"exact"
2012,"boston college",-8.60483,260,95.3083,103.913,63.0253,1130,"exact"
2012,"boston university",-1.78143,184,99.5294,101.311,63.1783,1131,"exact"
2012,"bowling green",4.69008,120,103.637,98.9472,63.2447,1132,"exact"
2012,"bradley",-8.11396,255,94.9651,103.079,66.7472,1133,"exact"
2012,"brown",-15.7044,311,95.0803,110.785,63.4044,1135,"exact"
2012,"bryant",-22.6372,339,93.6072,116.244,63.8449,1136,"exact"
2012,"bucknell",7.11532,101,107.104,99.9886,62.0751,1137,"exact"
2012,"buffalo",7.60481,97,106.932,99.3274,66.4492,1138,"exact"
2012,"butler",4.37892,122,99.3499,94.971,63.3411,1139,"exact"
2012,"byu",12.9336,49,106.894,93.9601,71.6581,1140,"exact"
2012,"central michigan",-7.84724,252,98.2427,106.09,63.2179,1141,"exact"
2012,"cal poly",0.570866,163,104.238,103.667,58.4306,1142,"exact"
2012,"california",16.549,29,111.11,94.5611,65.1101,1143,"exact"
2012,"campbell",-6.13412,232,103.337,109.471,66.3274,1144,"exact"
2012,"canisius",-18.791,328,94.5097,113.301,64.5005,1145,"exact"
2012,"central arkansas",-17.5456,320,93.0372,110.583,70.9239,1146,"exact"
2012,"central connecticut",-4.39464,219,99.2214,103.616,66.2761,1148,"exact"
2012,"charleston southern",-0.8387,177,104.261,105.1,68.695,1149,"exact"
2012,"charlotte",1.68828,151,99.8098,98.1215,66.8523,1150,"exact"
2012,"chattanooga",-9.01435,268,97.4745,106.489,66.6325,1151,"exact"
2012,"chicago st.",-20.9036,334,88.4206,109.324,68.564,1152,"exact"
2012,"cincinnati",15.1423,37,109.258,94.1152,61.9205,1153,"exact"
2012,"the citadel",-18.0081,324,92.4369,110.445,62.6503,1154,"exact"
2012,"clemson",8.94805,82,105.261,96.3131,62.3921,1155,"exact"
2012,"cleveland st.",9.21363,79,105.424,96.2103,62.7139,1156,"exact"
2012,"coastal carolina",-2.43367,189,101.894,104.328,63.1913,1157,"exact"
2012,"college of charleston",0.820372,160,102.159,101.339,65.6661,1158,"exact"
2012,"colgate",-18.3759,325,97.2659,115.642,64.0407,1159,"exact"
2012,"colorado",8.34556,88,104.614,96.2689,64.2147,1160,"exact"
2012,"colorado st.",9.50647,77,113.273,103.767,63.0838,1161,"exact"
2012,"columbia",-1.77847,183,101.072,102.851,61.7953,1162,"exact"
2012,"connecticut",15.0185,39,111.126,96.1075,62.2672,1163,"exact"
2012,"coppin st.",-9.62017,274,106.295,115.915,67.6292,1164,"exact"
2012,"cornell",-3.37044,209,98.0108,101.381,66.6121,1165,"exact"
2012,"creighton",17.0818,26,119.641,102.559,65.4893,1166,"exact"
2012,"cal st. bakersfield",-6.92189,245,101.592,108.514,63.9556,1167,"manual"
2012,"cal st. fullerton",1.16803,159,108.951,107.783,67.1947,1168,"exact"
2012,"cal st. northridge",-13.7354,303,98.0196,111.755,67.1355,1169,"exact"
2012,"sacramento st.",-11.808,292,98.0506,109.859,64.0959,1170,"exact"
2012,"dartmouth",-12.8759,296,91.022,103.898,61.9403,1171,"exact"
2012,"davidson",10.6934,68,111.768,101.075,66.7002,1172,"exact"
2012,"dayton",10.9992,66,112.845,101.846,63.4086,1173,"exact"
2012,"delaware",0.390971,168,103.378,102.987,66.3895,1174,"exact"
2012,"delaware st.",-6.70123,241,101.06,107.762,59.5911,1175,"exact"
2012,"denver",10.6745,69,110.589,99.9149,59.5979,1176,"exact"
2012,"depaul",1.41078,157,108.134,106.723,70.603,1177,"exact"
2012,"detroit",5.50243,115,108.41,102.907,66.4169,1178,"exact"
2012,"drake",3.44667,133,101.307,97.8608,64.8035,1179,"exact"
2012,"drexel",13.3367,44,108.551,95.2144,59.7676,1180,"exact"
2012,"duke",20.8659,13,117.909,97.043,65.6315,1181,"exact"
2012,"duquesne",4.16094,125,106.941,102.78,66.3653,1182,"exact"
2012,"eastern illinois",-12.9194,297,97.3108,110.23,62.3774,1183,"exact"
2012,"eastern kentucky",-8.85169,264,100.462,109.313,60.7178,1184,"exact"
2012,"eastern michigan",-8.69514,262,90.2934,98.9885,58.4206,1185,"exact"
2012,"eastern washington",-3.36601,208,101.283,104.649,66.922,1186,"exact"
2012,"east carolina",3.49266,132,104.511,101.018,64.4517,1187,"exact"
2012,"siu edwardsville",-14.948,306,95.1818,110.13,66.9763,1188,"exact"
2012,"elon",-8.21545,256,97.6005,105.816,67.5793,1189,"exact"
2012,"east tennessee st.",2.14997,146,101.513,99.3633,63.4448,1190,"exact"
2012,"evansville",6.18742,109,109.962,103.774,65.4523,1191,"exact"
2012,"fairleigh dickinson",-21.5755,337,87.2477,108.823,65.8174,1192,"exact"
2012,"fairfield",5.21428,117,100.272,95.0574,63.0517,1193,"exact"
2012,"florida atlantic",-2.95073,204,101.109,104.059,62.8006,1194,"exact"
2012,"florida gulf coast",-0.991548,178,104.841,105.833,65.8394,1195,"exact"
2012,"florida",20.2909,17,120.271,99.98,63.4917,1196,"exact"
2012,"florida a&m",-17.426,317,93.062,110.488,67.2104,1197,"exact"
2012,"fiu",-5.31036,227,99.1704,104.481,63.0508,1198,"exact"
2012,"florida st.",17.9858,23,107.767,89.7815,66.0495,1199,"exact"
2012,"fordham",-9.26917,269,94.4735,103.743,65.7182,1200,"exact"
2012,"fresno st.",-1.51175,181,101.289,102.801,61.1196,1201,"exact"
2012,"furman",-6.89125,244,97.8215,104.713,63.2563,1202,"exact"
2012,"george washington",-0.647289,174,101.54,102.187,61.8513,1203,"exact"
2012,"georgia southern",-6.82093,242,97.5124,104.333,64.5337,1204,"exact"
2012,"gardner webb",-9.39354,271,95.0086,104.402,63.1693,1205,"exact"
2012,"george mason",6.00332,111,103.828,97.8245,66.4008,1206,"exact"
2012,"georgetown",20.3352,15,109.993,89.6577,61.6397,1207,"exact"
2012,"georgia",5.69553,113,104.249,98.5533,60.8652,1208,"exact"
2012,"georgia st.",7.80249,95,101.98,94.178,62.9853,1209,"exact"
2012,"georgia tech",-0.647019,173,98.2412,98.8882,61.4907,1210,"exact"
2012,"gonzaga",17.0149,27,111.604,94.5893,64.3904,1211,"exact"
2012,"grambling st.",-30.2271,345,84.9505,115.178,63.5931,1212,"exact"
2012,"hampton",-10.689,287,91.724,102.413,66.3436,1214,"exact"
2012,"hartford",-14.9684,307,90.893,105.861,63.4286,1216,"exact"
2012,"harvard",14.756,40,108.398,93.6424,59.748,1217,"exact"
2012,"hawaii",-3.98852,213,103.079,107.068,68.9673,1218,"exact"
2012,"high point",-6.26047,234,105.246,111.507,62.951,1219,"exact"
2012,"hofstra",-4.65317,221,98.6113,103.264,64.7555,1220,"exact"
2012,"holy cross",-5.09361,223,98.6516,103.745,64.5964,1221,"exact"
2012,"houston",-2.01258,186,105.422,107.434,65.4454,1222,"exact"
2012,"houston baptist",-17.525,318,92.8287,110.354,69.5405,1223,"exact"
2012,"howard",-15.2298,308,90.6493,105.879,64.6935,1224,"exact"
2012,"idaho",1.79093,150,106.057,104.267,61.3676,1225,"exact"
2012,"idaho st.",-13.6017,302,96.9914,110.593,64.3227,1226,"exact"
2012,"illinois chicago",-10.376,282,97.6231,107.999,63.6381,1227,"manual"
2012,"illinois",9.47005,78,104.189,94.7185,63.4355,1228,"exact"
2012,"illinois st.",7.48497,98,107.409,99.9241,62.4034,1229,"exact"
2012,"indiana",22.5388,11,119.547,97.0081,66.0427,1231,"exact"
2012,"indiana st.",3.92163,127,102.025,98.1031,63.2976,1232,"exact"
2012,"iona",12.3492,52,115.979,103.63,69.0723,1233,"exact"
2012,"iowa",6.89056,102,110.181,103.29,66.1857,1234,"exact"
2012,"iowa st.",16.4561,31,112.844,96.3879,65.1229,1235,"exact"
2012,"ipfw",-9.39047,270,98.1273,107.518,67.6994,1236,"exact"
2012,"iupui",-2.94063,203,107.693,110.634,64.6464,1237,"exact"
2012,"jackson st.",-20.4126,332,88.0979,108.51,59.9944,1238,"exact"
2012,"jacksonville",-6.84883,243,99.0468,105.896,64.7918,1239,"exact"
2012,"jacksonville st.",-3.06639,206,98.1702,101.237,62.5995,1240,"exact"
2012,"james madison",-7.10769,248,100.682,107.79,64.744,1241,"exact"
2012,"kansas",26.918,4,116.066,89.1479,65.9779,1242,"exact"
2012,"kansas st.",18.2953,21,109.953,91.6575,65.8239,1243,"exact"
2012,"kennesaw st.",-17.5294,319,97.0075,114.537,61.3619,1244,"exact"
2012,"kent st.",5.95707,112,106.114,100.157,66.2603,1245,"exact"
2012,"kentucky",31.7277,1,120.566,88.8382,64.0843,1246,"exact"
2012,"la salle",11.9305,53,107.349,95.4184,66.9806,1247,"exact"
2012,"lafayette",-6.50758,239,105.796,112.303,64.7604,1248,"exact"
2012,"lamar",7.476,99,107.54,100.064,65.5439,1249,"exact"
2012,"lehigh",8.90823,84,108.606,99.6982,67.0402,1250,"exact"
2012,"liberty",-10.9914,289,100.184,111.175,63.5871,1251,"exact"
2012,"lipscomb",-4.03344,214,100.824,104.858,68.0315,1252,"exact"
2012,"long beach st.",15.6363,34,111.581,95.9447,65.5618,1253,"exact"
2012,"liu brooklyn",0.542871,164,108.1,107.557,72.7955,1254,"exact"
2012,"longwood",-23.0508,341,99.3671,122.418,68.411,1255,"exact"
2012,"louisiana tech",-2.49908,193,100.882,103.381,66.7544,1256,"exact"
2012,"louisville",18.8157,20,105.207,86.3916,65.9921,1257,"exact"
2012,"loyola marymount",2.53536,143,102.278,99.7424,64.3355,1258,"exact"
2012,"loyola md",3.6774,131,103.745,100.068,62.6291,1259,"exact"
2012,"loyola chicago",-10.7615,288,95.0137,105.775,58.7377,1260,"exact"
2012,"lsu",7.87872,92,101.32,93.441,64.1851,1261,"exact"
2012,"maine",-9.58657,273,96.4678,106.054,66.1592,1263,"exact"
2012,"manhattan",3.72319,130,102.69,98.9665,65.9398,1264,"exact"
2012,"marist",-8.31272,257,98.2857,106.598,66.8416,1265,"exact"
2012,"marquette",19.3365,19,112.422,93.0852,69.187,1266,"exact"
2012,"marshall",9.71323,76,108.967,99.2542,64.2568,1267,"exact"
2012,"maryland",3.76458,129,106.499,102.734,65.4543,1268,"exact"
2012,"massachusetts",8.57902,86,104.867,96.2883,72.6224,1269,"exact"
2012,"mcneese st.",-3.82393,212,100.921,104.745,63.5205,1270,"exact"
2012,"maryland eastern shore",-18.721,326,86.8142,105.535,66.2812,1271,"exact"
2012,"memphis",22.5554,10,114.7,92.1444,66.8618,1272,"exact"
2012,"mercer",6.42749,107,103.844,97.4163,62.5776,1273,"exact"
2012,"miami fl",14.423,42,111.326,96.9034,62.9379,1274,"exact"
2012,"miami oh",-2.52121,194,102.195,104.717,58.7995,1275,"exact"
2012,"michigan",18.1066,22,113.975,95.8679,59.5682,1276,"exact"
2012,"michigan st.",28.8179,3,115.088,86.2697,63.9032,1277,"exact"
2012,"minnesota",11.5056,59,108.522,97.0164,62.6594,1278,"exact"
2012,"mississippi",8.14351,90,103.657,95.514,64.727,1279,"exact"
2012,"mississippi st.",9.72868,75,111.587,101.859,63.1929,1280,"exact"
2012,"missouri",26.6802,5,124.486,97.8055,64.7708,1281,"exact"
2012,"umkc",-10.3974,283,99.5889,109.986,62.0693,1282,"exact"
2012,"missouri st.",8.66873,85,105.375,96.7064,61.7574,1283,"exact"
2012,"monmouth",-11.6059,291,96.5306,108.136,67.3409,1284,"exact"
2012,"montana",7.87347,93,103.543,95.6693,63.555,1285,"exact"
2012,"montana st.",-11.579,290,97.2344,108.813,65.4939,1286,"exact"
2012,"morehead st.",-2.61367,198,100.233,102.846,59.1496,1287,"exact"
2012,"morgan st.",-8.0937,254,98.8411,106.935,65.0848,1288,"exact"
2012,"mississippi valley st.",-6.3745,237,98.6794,105.054,67.9152,1290,"manual"
2012,"mount st. mary's",-12.4937,294,92.8873,105.381,61.9445,1291,"exact"
2012,"middle tennessee",13.0217,47,107.919,94.8975,63.8798,1292,"exact"
2012,"murray st.",15.069,38,110.21,95.1414,64.2846,1293,"exact"
2012,"northern colorado",-7.90667,253,104.656,112.562,65.0487,1294,"exact"
2012,"north dakota st.",0.451846,166,105.412,104.96,64.8213,1295,"exact"
2012,"northern illinois",-19.4472,330,90.0988,109.546,61.3761,1296,"exact"
2012,"navy",-19.352,329,91.0196,110.372,58.9266,1298,"exact"
2012,"north carolina a&t",-13.2375,300,93.7132,106.951,67.4055,1299,"exact"
2012,"north carolina central",-4.21898,216,97.3494,101.568,64.8362,1300,"exact"
2012,"nc state",13.1406,45,111.847,98.7065,66.3856,1301,"exact"
2012,"nebraska omaha",-20.4201,333,96.8203,117.24,69.717,1303,"exact"
2012,"nebraska",1.50353,154,103.101,101.597,60.783,1304,"exact"
2012,"nevada",6.30455,108,105.6,99.2952,63.1916,1305,"exact"
2012,"new hampshire",-12.3504,293,90.4079,102.758,63.7132,1306,"exact"
2012,"new mexico",19.9522,18,110.405,90.4523,65.0743,1307,"exact"
2012,"new mexico st.",11.6518,56,109.141,97.4887,69.1013,1308,"exact"
2012,"niagara",-7.01254,247,102.821,109.834,66.5931,1310,"exact"
2012,"nicholls st.",-17.9981,322,100.723,118.721,64.1102,1311,"exact"
2012,"njit",-13.2894,301,96.289,109.578,63.5023,1312,"exact"
2012,"norfolk st.",-2.44646,191,99.5279,101.974,66.0683,1313,"exact"
2012,"north carolina",26.2727,6,117.11,90.8369,70.0151,1314,"exact"
2012,"north dakota",-8.70676,263,95.585,104.292,65.6881,1315,"exact"
2012,"north florida",-2.08239,187,102.741,104.823,64.661,1316,"exact"
2012,"north texas",0.628334,162,100.544,99.9159,67.1415,1317,"exact"
2012,"northeastern",-2.4006,188,100.18,102.581,62.9147,1318,"exact"
2012,"northern arizona",-22.5354,338,89.7437,112.279,63.8973,1319,"exact"
2012,"northern iowa",9.2066,80,106.467,97.2604,60.7237,1320,"exact"
2012,"northwestern",11.3973,62,115.102,103.705,61.8014,1321,"exact"
2012,"northwestern st.",-4.97613,222,97.3197,102.296,68.5546,1322,"exact"
2012,"notre dame",14.2112,43,110.251,96.0393,59.5561,1323,"exact"
2012,"oakland",1.20625,158,113.721,112.515,68.8167,1324,"exact"
2012,"ohio",10.7829,67,105.736,94.9527,65.5881,1325,"exact"
2012,"ohio st.",29.9016,2,117.705,87.8032,65.7505,1326,"exact"
2012,"oklahoma",6.76237,104,105.134,98.372,65.8353,1328,"exact"
2012,"oklahoma st.",7.83887,94,106.904,99.0656,64.7126,1329,"exact"
2012,"old dominion",6.72016,105,101.309,94.5886,63.6881,1330,"exact"
2012,"oral roberts",8.94523,83,112.11,103.165,62.5618,1331,"exact"
2012,"oregon",10.3255,71,111.153,100.827,65.5117,1332,"exact"
2012,"oregon st.",7.70744,96,110.952,103.245,68.9136,1333,"exact"
2012,"pacific",-10.111,277,97.5932,107.704,60.9201,1334,"exact"
2012,"penn",3.28167,138,103.999,100.718,61.1972,1335,"exact"
2012,"penn st.",3.27451,139,102.691,99.416,62.38,1336,"exact"
2012,"pepperdine",-10.6218,286,94.1947,104.817,60.1335,1337,"exact"
2012,"pittsburgh",9.73898,74,111.576,101.837,61.8585,1338,"exact"
2012,"portland",-10.4521,284,98.9386,109.391,65.6569,1339,"exact"
2012,"portland st.",-3.05199,205,107.914,110.966,65.4058,1340,"exact"
2012,"prairie view a&m",-18.0051,323,85.3128,103.318,69.3156,1341,"exact"
2012,"presbyterian",-7.76361,251,102.446,110.21,58.7047,1342,"exact"
2012,"princeton",7.38983,100,106.495,99.105,61.297,1343,"exact"
2012,"providence",3.76583,128,109.695,105.929,64.4594,1344,"exact"
2012,"purdue",15.9933,33,116.142,100.148,63.7048,1345,"exact"
2012,"quinnipiac",1.41251,156,103.504,102.092,64.8548,1346,"exact"
2012,"radford",-16.8606,315,89.8562,106.717,63.2993,1347,"exact"
2012,"rhode island",-5.21503,224,102.333,107.548,65.7973,1348,"exact"
2012,"rice",1.97041,148,101.089,99.1188,66.9876,1349,"exact"
2012,"richmond",6.06762,110,108.918,102.85,62.0833,1350,"exact"
2012,"rider",-5.25163,225,103.988,109.239,66.7418,1351,"exact"
2012,"robert morris",3.29423,137,105.104,101.809,62.1644,1352,"exact"
2012,"rutgers",4.90274,119,101.675,96.772,64.5193,1353,"exact"
2012,"south carolina st.",-24.6428,343,92.0567,116.7,67.8501,1354,"exact"
2012,"south dakota st.",11.7129,54,113.756,102.043,64.332,1355,"exact"
2012,"southern illinois",-4.47073,220,99.1378,103.609,64.1668,1356,"exact"
2012,"sacred heart",-6.29184,235,102.182,108.474,65.3048,1357,"exact"
2012,"sam houston st.",-10.29,280,89.6413,99.9313,61.7532,1358,"exact"
2012,"samford",-10.5414,285,101.873,112.415,60.9237,1359,"exact"
2012,"san diego",-4.35326,217,101.64,105.993,64.7057,1360,"exact"
2012,"san diego st.",12.4935,51,107.254,94.7608,65.1097,1361,"exact"
2012,"san francisco",3.02657,140,108.417,105.39,67.2897,1362,"exact"
2012,"san jose st.",-9.55539,272,99.9396,109.495,63.2789,1363,"exact"
2012,"uc santa barbara",6.59355,106,110.008,103.414,62.774,1364,"exact"
2012,"santa clara",-10.1174,278,103.245,113.362,64.572,1365,"exact"
2012,"savannah st.",-1.83267,185,95.1331,96.9658,61.8618,1366,"exact"
2012,"usc upstate",2.62174,142,103.674,101.053,65.8823,1367,"exact"
2012,"southeastern louisiana",-13.0593,299,86.4249,99.4842,62.3051,1368,"exact"
2012,"southeast missouri st.",-5.2535,226,105.281,110.534,63.8677,1369,"manual"
2012,"seattle",-5.35912,228,98.2904,103.649,73.9193,1370,"exact"
2012,"seton hall",13.1001,46,106.878,93.7784,63.9566,1371,"exact"
2012,"stephen f. austin",1.60963,152,97.3307,95.721,57.8747,1372,"exact"
2012,"siena",-5.82904,230,97.0713,102.9,63.8253,1373,"exact"
2012,"smu",-2.57521,197,97.908,100.483,58.6026,1374,"exact"
2012,"south alabama",-3.38366,210,100.951,104.334,64.0865,1375,"exact"
2012,"south carolina",0.43749,167,103.045,102.607,61.048,1376,"exact"
2012,"south dakota",-10.3066,281,98.9022,109.209,67.3076,1377,"exact"
2012,"south florida",11.4773,60,102.792,91.3144,57.9277,1378,"exact"
2012,"southern miss",11.2651,64,111.225,99.9599,63.0961,1379,"exact"
2012,"southern",-16.6448,313,89.7019,106.347,62.7573,1380,"exact"
2012,"southern utah",-6.15246,233,98.029,104.181,62.1779,1381,"exact"
2012,"st. bonaventure",11.5887,58,110.138,98.5497,62.409,1382,"exact"
2012,"st. francis ny",-4.35513,218,97.1001,101.455,67.4464,1383,"manual"
2012,"st. john's",0.812775,161,103.411,102.598,65.4338,1385,"exact"
2012,"saint joseph's",11.2983,63,110.465,99.167,64.131,1386,"exact"
2012,"saint louis",20.5785,14,111.629,91.0501,61.301,1387,"exact"
2012,"saint mary's",15.5262,36,114.424,98.8981,62.3728,1388,"exact"
2012,"saint peter's",-17.304,316,89.1096,106.414,62.6944,1389,"exact"
2012,"stanford",11.4666,61,105.378,93.9115,65.4299,1390,"exact"
2012,"stetson",-7.66644,250,100.275,107.941,69.7995,1391,"exact"
2012,"stony brook",1.89312,149,103.064,101.171,60.5392,1392,"exact"
2012,"syracuse",25.5085,7,116.026,90.5173,64.1527,1393,"exact"
2012,"texas a&m corpus chris",-14.6419,305,89.7385,104.38,64.1557,1394,"manual"
2012,"tcu",1.54847,153,106.432,104.884,66.4976,1395,"exact"
2012,"temple",15.5352,35,114.086,98.5508,65.2739,1396,"exact"
2012,"tennessee",11.679,55,106.994,95.3155,63.1905,1397,"exact"
2012,"tennessee st.",0.134724,169,100.97,100.835,64.3041,1398,"exact"
2012,"tennessee tech",-1.13764,179,103.844,104.982,66.9344,1399,"exact"
2012,"texas",16.5122,30,113.26,96.748,64.1535,1400,"exact"
2012,"texas a&m",5.26613,116,101.073,95.8064,60.6885,1401,"exact"
2012,"texas st.",-8.62066,261,100.389,109.009,71.1295,1402,"exact"
2012,"texas tech",-5.84916,231,95.0021,100.851,63.3959,1403,"exact"
2012,"tennessee martin",-21.0622,335,93.847,114.909,64.4145,1404,"manual"
2012,"toledo",-2.89232,202,103.421,106.313,65.103,1405,"exact"
2012,"towson",-22.6688,340,86.9939,109.663,60.787,1406,"exact"
2012,"troy",-8.91723,267,104.867,113.784,66.4198,1407,"exact"
2012,"tulane",-2.44519,190,97.8919,100.337,63.9027,1408,"exact"
2012,"tulsa",8.06419,91,106.093,98.0291,63.153,1409,"exact"
2012,"texas pan american",-16.225,312,92.4991,108.724,63.1394,1410,"manual"
2012,"texas southern",-8.90532,266,92.2663,101.172,64.6072,1411,"exact"
2012,"uab",4.19588,124,100.861,96.6647,60.3643,1412,"exact"
2012,"uc davis",-18.7754,327,94.3675,113.143,64.1113,1413,"exact"
2012,"uc irvine",-7.00434,246,97.0184,104.023,68.4144,1414,"exact"
2012,"uc riverside",-10.0007,276,90.2987,100.299,61.8843,1415,"exact"
2012,"ucf",8.36094,87,106.548,98.1871,62.3368,1416,"exact"
2012,"ucla",11.04,65,107.983,96.9433,64.0218,1417,"exact"
2012,"louisiana lafayette",-2.75904,200,94.8391,97.5982,67.9261,1418,"manual"
2012,"umbc",-23.6366,342,90.9223,114.559,67.2405,1420,"exact"
2012,"unc asheville",4.96548,118,109.605,104.64,67.7396,1421,"exact"
2012,"unc greensboro",-10.2202,279,97.3034,107.524,70.4743,1422,"exact"
2012,"unc wilmington",-6.39063,238,100.219,106.61,65.1236,1423,"exact"
2012,"unlv",16.0655,32,109.975,93.9097,67.7911,1424,"exact"
2012,"usc",-5.43172,229,90.3909,95.8226,59.131,1425,"exact"
2012,"ut arlington",5.54728,114,104.824,99.277,70.4314,1426,"exact"
2012,"utsa",-0.439845,172,103.906,104.346,65.6677,1427,"exact"
2012,"utah",-14.3439,304,92.7528,107.097,60.2433,1428,"exact"
2012,"utah st.",3.34806,136,107.711,104.363,59.5807,1429,"exact"
2012,"utah valley",-7.13439,249,99.0601,106.194,63.8815,1430,"exact"
2012,"utep",2.92204,141,101.73,98.8081,60.7327,1431,"exact"
2012,"vcu",12.6331,50,107.166,94.5327,64.298,1433,"exact"
2012,"valparaiso",3.3702,135,105.82,102.45,63.4277,1434,"exact"
2012,"vanderbilt",20.3275,16,114.775,94.4476,63.9958,1435,"exact"
2012,"vermont",4.2234,123,104.447,100.224,61.3192,1436,"exact"
2012,"villanova",8.18665,89,108.577,100.39,66.6576,1437,"exact"
2012,"virginia",17.3633,25,106.186,88.8224,58.3843,1438,"exact"
2012,"virginia tech",8.96467,81,106.636,97.6711,61.1938,1439,"exact"
2012,"vmi",-9.74355,275,101.922,111.666,71.9346,1440,"exact"
2012,"western carolina",-6.56149,240,100.45,107.012,65.0334,1441,"exact"
2012,"western illinois",-0.656163,175,97.2148,97.871,56.9022,1442,"exact"
2012,"western kentucky",-2.83435,201,98.1875,101.022,66.9018,1443,"exact"
2012,"western michigan",0.0651461,170,105.386,105.321,64.3493,1444,"exact"
2012,"wagner",6.82167,103,104.384,97.5625,66.3999,1447,"exact"
2012,"wake forest",-3.64064,211,101.98,105.62,65.344,1448,"exact"
2012,"washington",10.2113,72,108.382,98.1706,68.6826,1449,"exact"
2012,"washington st.",3.43564,134,107.434,103.998,62.87,1450,"exact"
2012,"weber st.",4.6874,121,110.609,105.921,64.6481,1451,"exact"
2012,"west virginia",14.5249,41,111.599,97.0738,63.2691,1452,"exact"
2012,"green bay",-0.81994,176,101.011,101.831,65.4792,1453,"exact"
2012,"milwaukee",2.48933,144,100.382,97.8929,64.0467,1454,"exact"
2012,"wichita st.",23.2362,9,116.963,93.7271,65.0878,1455,"exact"
2012,"william & mary",-12.6618,295,97.7386,110.4,61.6584,1456,"exact"
2012,"winthrop",-8.85386,265,94.2943,103.148,61.0545,1457,"exact"
2012,"wisconsin",23.2991,8,111.961,88.662,57.0497,1458,"exact"
2012,"wofford",-2.45995,192,101.305,103.765,60.101,1459,"exact"
2012,"wright st.",-4.19616,215,95.0838,99.28,61.3772,1460,"exact"
2012,"wyoming",10.1473,73,102.767,92.6193,58.6834,1461,"exact"
2012,"xavier",11.6059,57,107.588,95.9824,65.9384,1462,"exact"
2012,"yale",1.41641,155,101.302,99.8855,65.559,1463,"exact"
2012,"youngstown st.",0.506678,165,105.977,105.47,63.7228,1464,"exact"
2013,"air force",8.44339,84,112.884,104.44,62.5525,1102,"exact"
2013,"akron",13.7427,52,107.801,94.0583,64.6243,1103,"exact"
2013,"alabama",10.8058,69,104.11,93.3046,59.7128,1104,"exact"
2013,"alabama a&m",-20.9186,336,90.5796,111.498,64.2054,1105,"exact"
2013,"alabama st.",-19.8407,331,92.2111,112.052,64.0774,1106,"exact"
2013,"albany",1.15535,150,102.346,101.191,61.1481,1107,"exact"
2013,"alcorn st.",-17.1413,323,85.0248,102.166,65.9162,1108,"exact"
2013,"american",-10.4295,275,97.9437,108.373,57.7735,1110,"exact"
2013,"appalachian st.",-9.03967,264,99.1538,108.194,65.7496,1111,"exact"
2013,"arizona",20.5305,17,114.263,93.7326,64.9417,1112,"exact"
2013,"arizona st.",9.55609,77,107.442,97.8863,63.6642,1113,"exact"
2013,"arkansas little rock",-4.70131,221,97.5432,102.244,65.67,1114,"manual"
2013,"arkansas pine bluff",-11.2914,281,92.3278,103.619,65.8216,1115,"manual"
2013,"arkansas",9.30544,79,106.458,97.1527,68.8821,1116,"exact"
2013,"arkansas st.",1.79084,148,98.7358,96.945,63.5159,1117,"exact"
2013,"army",0.753956,158,105.26,104.506,66.0861,1119,"exact"
2013,"auburn",-2.78102,199,98.6381,101.419,64.8133,1120,"exact"
2013,"austin peay",-14.3633,313,98.644,113.007,66.8251,1122,"exact"
2013,"ball st.",-7.62735,250,99.3517,106.979,64.2577,1123,"exact"
2013,"baylor",15.9309,38,112.747,96.816,65.235,1124,"exact"
2013,"belmont",15.7507,39,111.598,95.8476,65.3017,1125,"exact"
2013,"bethune cookman",-9.89815,270,97.8845,107.783,64.3826,1126,"fuzzy"
2013,"binghamton",-24.0794,343,86.1058,110.185,64.4322,1127,"exact"
2013,"boise st.",15.1001,45,113.2,98.0999,64.2697,1129,"exact"
2013,"boston college",6.0385,107,109.874,103.836,61.9464,1130,"exact"
2013,"boston university",2.30849,144,105.483,103.174,63.5027,1131,"exact"
2013,"bowling green",-3.5592,210,96.9269,100.486,62.115,1132,"exact"
2013,"bradley",0.25308,163,102.835,102.582,64.4788,1133,"exact"
2013,"brown",-5.91285,233,95.6757,101.589,62.5681,1135,"exact"
2013,"bryant",-0.264732,171,109.728,109.993,64.0387,1136,"exact"
2013,"bucknell",13.4434,55,107.882,94.4384,60.9891,1137,"exact"
2013,"buffalo",-1.02808,181,103.442,104.471,63.2975,1138,"exact"
2013,"butler",14.8086,48,110.071,95.2626,62.5561,1139,"exact"
2013,"byu",11.1969,65,108.501,97.3038,68.9935,1140,"exact"
2013,"central michigan",-7.33878,244,105.006,112.345,63.5715,1141,"exact"
2013,"cal poly",3.45213,128,107.449,103.997,57.627,1142,"exact"
2013,"california",12.7298,59,107.434,94.7044,63.887,1143,"exact"
2013,"campbell",-13.3061,302,97.5349,110.841,64.065,1144,"exact"
2013,"canisius",4.92884,116,111.153,106.224,64.1136,1145,"exact"
2013,"central arkansas",-12.6995,293,100.224,112.923,70.4754,1146,"exact"
2013,"central connecticut",-8.13255,256,101.644,109.777,68.1197,1148,"exact"
2013,"charleston southern",-1.3698,186,101.686,103.055,65.7695,1149,"exact"
2013,"charlotte",3.6875,126,100.838,97.1503,65.665,1150,"exact"
2013,"chattanooga",-14.2144,311,97.5108,111.725,65.5551,1151,"exact"
2013,"chicago st.",-12.6457,291,90.5069,103.153,64.5575,1152,"exact"
2013,"cincinnati",15.5856,40,105.794,90.2087,62.2632,1153,"exact"
2013,"the citadel",-20.9171,335,98.282,119.199,63.2937,1154,"exact"
2013,"clemson",5.39051,112,101.191,95.8005,60.2685,1155,"exact"
2013,"cleveland st.",-8.12396,255,99.71,107.834,62.9267,1156,"exact"
2013,"coastal carolina",-5.86135,232,97.7113,103.573,63.064,1157,"exact"
2013,"college of charleston",1.12116,152,101.339,100.218,62.5016,1158,"exact"
2013,"colgate",-9.6182,269,97.4406,107.059,64.9454,1159,"exact"
2013,"colorado",14.7956,49,107.269,92.4737,63.0028,1160,"exact"
2013,"colorado st.",20.1795,19,118.136,97.9562,62.9945,1161,"exact"
2013,"columbia",-2.34546,195,100.918,103.264,59.5891,1162,"exact"
2013,"connecticut",14.0184,51,109.815,95.7964,63.1525,1163,"exact"
2013,"coppin st.",-14.6695,314,93.0328,107.702,66.1912,1164,"exact"
2013,"cornell",-8.6861,261,99.713,108.399,65.4282,1165,"exact"
2013,"creighton",22.2247,14,119.389,97.1644,63.0944,1166,"exact"
2013,"cal st. bakersfield",-6.2218,235,98.2683,104.49,63.7481,1167,"manual"
2013,"cal st. fullerton",-2.17913,194,107.571,109.75,67.7165,1168,"exact"
2013,"cal st. northridge",-3.80603,214,104.376,108.182,68.5884,1169,"exact"
2013,"sacramento st.",-11.0386,280,96.8234,107.862,60.4666,1170,"exact"
2013,"dartmouth",-10.3003,274,96.3169,106.617,62.3983,1171,"exact"
2013,"davidson",11.1711,66,112.441,101.27,63.2755,1172,"exact"
2013,"dayton",11.137,67,112.4,101.263,64.015,1173,"exact"
2013,"delaware",-0.072017,167,104.218,104.29,65.1953,1174,"exact"
2013,"delaware st.",-11.5774,284,96.5398,108.117,59.135,1175,"exact"
2013,"denver",15.4011,42,111.061,95.6595,56.6586,1176,"exact"
2013,"depaul",-0.473599,174,105.272,105.746,70.0497,1177,"exact"
2013,"detroit",10.2722,73,113.984,103.711,68.3343,1178,"exact"
2013,"drake",4.43688,122,107.016,102.58,66.8131,1179,"exact"
2013,"drexel",-0.0888553,168,101.811,101.899,59.799,1180,"exact"
2013,"duke",26.724,5,119.646,92.9223,66.0764,1181,"exact"
2013,"duquesne",-6.85715,240,100.517,107.374,67.193,1182,"exact"
2013,"eastern illinois",-10.0424,272,100.089,110.131,57.9087,1183,"exact"
2013,"eastern kentucky",5.59353,110,110.949,105.355,62.5291,1184,"exact"
2013,"eastern michigan",-5.7721,231,92.9026,98.6747,58.3423,1185,"exact"
2013,"eastern washington",-13.1838,300,96.8526,110.036,66.2044,1186,"exact"
2013,"east carolina",0.828096,156,107.347,106.519,66.9148,1187,"exact"
2013,"siu edwardsville",-13.5477,303,93.0146,106.562,64.2279,1188,"exact"
2013,"elon",-3.29288,205,99.9333,103.226,63.8497,1189,"exact"
2013,"east tennessee st.",-16.4523,320,94.5604,111.013,62.6743,1190,"exact"
2013,"evansville",8.55687,83,105.776,97.2191,63.4373,1191,"exact"
2013,"fairleigh dickinson",-20.4044,334,93.941,114.345,65.3879,1192,"exact"
2013,"fairfield",1.04652,153,97.5024,96.4559,59.565,1193,"exact"
2013,"florida atlantic",-6.10758,234,99.3915,105.499,63.1766,1194,"exact"
2013,"florida gulf coast",3.35293,129,103.304,99.9512,66.6594,1195,"exact"
2013,"florida",31.9831,1,118.162,86.1792,60.6898,1196,"exact"
2013,"florida a&m",-18.5857,328,89.3768,107.963,66.7688,1197,"exact"
2013,"fiu",-1.49482,188,101.451,102.946,67.1053,1198,"exact"
2013,"florida st.",4.78414,119,106.966,102.182,63.6794,1199,"exact"
2013,"fordham",-7.88716,252,99.9057,107.793,66.5645,1200,"exact"
2013,"fresno st.",6.66757,100,100.477,93.809,59.8684,1201,"exact"
2013,"furman",-23.3981,342,91.6801,115.078,62.9488,1202,"exact"
2013,"george washington",5.25512,114,100.372,95.1166,65.7949,1203,"exact"
2013,"georgia southern",-11.331,282,95.7129,107.044,60.1925,1204,"exact"
2013,"gardner webb",-1.55602,189,98.633,100.189,60.2167,1205,"exact"
2013,"george mason",2.49357,142,103.245,100.752,64.2316,1206,"exact"
2013,"georgetown",22.1624,15,107.747,85.5846,59.9536,1207,"exact"
2013,"georgia",5.37875,113,101.799,96.42,60.2265,1208,"exact"
2013,"georgia st.",-1.58419,190,105.515,107.099,61.8372,1209,"exact"
2013,"georgia tech",6.38221,103,99.7456,93.3634,64.4381,1210,"exact"
2013,"gonzaga",28.9467,4,120.831,91.8845,62.4727,1211,"exact"
2013,"grambling st.",-46.2684,347,75.8303,122.099,61.8344,1212,"exact"
2013,"hampton",-10.4321,276,88.8812,99.3134,67.9353,1214,"exact"
2013,"hartford",-4.69926,220,93.972,98.6713,61.8037,1216,"exact"
2013,"harvard",6.90592,98,108.139,101.233,62.4831,1217,"exact"
2013,"hawaii",-2.87356,201,103.479,106.352,67.2603,1218,"exact"
2013,"high point",-4.49125,218,99.9281,104.419,63.4635,1219,"exact"
2013,"hofstra",-13.5688,304,89.3796,102.948,62.5879,1220,"exact"
2013,"holy cross",-6.3967,236,98.9415,105.338,60.7265,1221,"exact"
2013,"houston",-1.27195,184,107.834,109.105,68.183,1222,"exact"
2013,"houston baptist",-17.5051,324,87.7229,105.228,66.6073,1223,"exact"
2013,"howard",-18.6195,329,83.9236,102.543,60.3669,1224,"exact"
2013,"idaho",-2.41308,197,110.042,112.455,61.3596,1225,"exact"
2013,"idaho st.",-16.4524,321,91.6538,108.106,58.436,1226,"exact"
2013,"illinois chicago",-0.738421,178,98.8392,99.5776,61.9967,1227,"manual"
2013,"illinois",15.1395,44,110.496,95.3564,64.2338,1228,"exact"
2013,"illinois st.",11.2602,64,109.624,98.3643,68.2228,1229,"exact"
2013,"indiana",29.9242,3,122.482,92.5582,65.7072,1231,"exact"
2013,"indiana st.",7.55166,92,103.27,95.7186,63.3959,1232,"exact"
2013,"iona",7.85234,91,114.644,106.791,68.6813,1233,"exact"
2013,"iowa",16.7028,33,108.7,91.9975,65.6903,1234,"exact"
2013,"iowa st.",16.2941,36,116.863,100.569,67.5365,1235,"exact"
2013,"ipfw",-6.96274,242,98.2551,105.218,64.1035,1236,"exact"
2013,"iupui",-20.1234,332,97.7312,117.855,63.5443,1237,"exact"
2013,"jackson st.",-15.0895,316,93.7163,108.806,66.7377,1238,"exact"
2013,"jacksonville",-12.7455,296,95.3953,108.141,66.9518,1239,"exact"
2013,"jacksonville st.",-3.32948,207,102.6,105.929,60.1266,1240,"exact"
2013,"james madison",-1.67462,191,99.5556,101.23,62.5026,1241,"exact"
2013,"kansas",25.4211,6,113.253,87.8314,65.5441,1242,"exact"
2013,"kansas st.",18.2582,27,113.291,95.0325,60.9899,1243,"exact"
2013,"kennesaw st.",-21.2908,337,91.3939,112.685,62.3659,1244,"exact"
2013,"kent st.",5.60111,109,108.123,102.522,64.5896,1245,"exact"
2013,"kentucky",13.6524,53,111.423,97.7707,65.1251,1246,"exact"
2013,"la salle",13.3018,57,110.546,97.2446,64.3651,1247,"exact"
2013,"lafayette",-0.0944718,169,105.943,106.038,63.7411,1248,"exact"
2013,"lamar",-25.5074,346,85.6866,111.194,68.2883,1249,"exact"
2013,"lehigh",7.21428,94,108.506,101.292,65.1649,1250,"exact"
2013,"liberty",-9.51521,267,100.529,110.044,63.8178,1251,"exact"
2013,"lipscomb",-12.8503,298,97.6605,110.511,68.6365,1252,"exact"
2013,"long beach st.",2.15802,146,106.177,104.019,64.8737,1253,"exact"
2013,"liu brooklyn",-1.37364,187,111.069,112.442,66.723,1254,"exact"
2013,"longwood",-21.7204,338,94.464,116.184,68.5066,1255,"exact"
2013,"louisiana tech",8.34506,87,102.105,93.7604,68.1754,1256,"exact"
2013,"louisville",31.1411,2,114.313,83.1717,65.2907,1257,"exact"
2013,"loyola marymount",-3.56424,211,98.239,101.803,62.8204,1258,"exact"
2013,"loyola md",3.92182,125,105.02,101.098,61.8299,1259,"exact"
2013,"loyola chicago",0.323971,162,103.112,102.788,61.1652,1260,"exact"
2013,"lsu",6.60905,101,105.55,98.9412,67.053,1261,"exact"
2013,"maine",-8.88389,263,97.1284,106.012,67.068,1263,"exact"
2013,"manhattan",0.915572,155,95.1668,94.2512,60.0061,1264,"exact"
2013,"marist",-6.5514,237,98.6974,105.249,66.0998,1265,"exact"
2013,"marquette",18.6549,25,113.994,95.3386,62.8067,1266,"exact"
2013,"marshall",-4.50037,219,102.043,106.544,65.6463,1267,"exact"
2013,"maryland",13.3397,56,106.829,93.489,65.4711,1268,"exact"
2013,"massachusetts",8.44108,85,107.996,99.5552,68.9314,1269,"exact"
2013,"mcneese st.",-12.3831,289,95.7519,108.135,62.204,1270,"exact"
2013,"maryland eastern shore",-24.8329,344,86.4244,111.257,61.8947,1271,"exact"
2013,"memphis",16.6993,34,108.62,91.9204,67.7883,1272,"exact"
2013,"mercer",2.68943,140,102.278,99.5887,60.4796,1273,"exact"
2013,"miami fl",22.2852,13,113.044,90.7587,61.2753,1274,"exact"
2013,"miami oh",-6.69001,238,98.7283,105.418,63.4205,1275,"exact"
2013,"michigan",24.9907,9,120.868,95.8775,62.8699,1276,"exact"
2013,"michigan st.",23.2393,10,112.662,89.423,62.5852,1277,"exact"
2013,"minnesota",19.1442,23,113.792,94.6477,61.1328,1278,"exact"
2013,"mississippi",16.5223,35,112.338,95.8159,68.7636,1279,"exact"
2013,"mississippi st.",-7.90935,253,91.6785,99.5878,66.1036,1280,"exact"
2013,"missouri",19.2225,22,115.006,95.7839,65.5079,1281,"exact"
2013,"umkc",-15.2775,318,93.6905,108.968,62.4042,1282,"exact"
2013,"missouri st.",-4.00059,215,100.933,104.933,58.9779,1283,"exact"
2013,"monmouth",-13.8266,309,91.5751,105.402,67.7441,1284,"exact"
2013,"montana",2.71159,138,105.569,102.857,61.796,1285,"exact"
2013,"montana st.",-13.6061,305,100.229,113.835,63.9037,1286,"exact"
2013,"morehead st.",-4.8096,225,99.6045,104.414,67.5075,1287,"exact"
2013,"morgan st.",-3.32588,206,99.3284,102.654,65.2743,1288,"exact"
2013,"mississippi valley st.",-22.1861,339,89.8708,112.057,68.5978,1290,"manual"
2013,"mount st. mary's",-3.61334,212,102.42,106.033,65.2424,1291,"exact"
2013,"middle tennessee",15.5372,41,107.517,91.9796,62.9037,1292,"exact"
2013,"murray st.",3.51667,127,105.604,102.088,64.2503,1293,"exact"
2013,"northern colorado",-7.22291,243,102.581,109.804,65.7967,1294,"exact"
2013,"north dakota st.",10.3897,71,105.332,94.9419,58.951,1295,"exact"
2013,"northern illinois",-16.4723,322,85.6515,102.124,60.3105,1296,"exact"
2013,"northern kentucky",-7.9643,254,97.087,105.051,57.4285,1297,"exact"
2013,"navy",-15.1544,317,89.8846,105.039,58.7425,1298,"exact"
2013,"north carolina a&t",-5.32804,228,92.5828,97.9108,64.8071,1299,"exact"
2013,"north carolina central",0.153743,166,99.1108,98.9571,62.0396,1300,"exact"
2013,"nc state",17.4046,29,116.772,99.3673,66.1873,1301,"exact"
2013,"nebraska omaha",-16.1594,319,101.86,118.019,70.2254,1303,"exact"
2013,"nebraska",2.69188,139,101.877,99.1855,59.8435,1304,"exact"
2013,"nevada",0.75831,157,105.574,104.816,64.8988,1305,"exact"
2013,"new hampshire",-9.40592,265,92.6065,102.012,62.0904,1306,"exact"
2013,"new mexico",20.7068,16,110.537,89.8302,63.1277,1307,"exact"
2013,"new mexico st.",8.84441,81,105.566,96.7219,63.1987,1308,"exact"
2013,"new orleans",-25.0747,345,88.0118,113.087,68.5918,1309,"exact"
2013,"niagara",3.15202,134,106.799,103.647,66.9812,1310,"exact"
2013,"nicholls st.",-12.269,288,98.5087,110.778,65.3466,1311,"exact"
2013,"njit",-8.80732,262,94.5895,103.397,65.2677,1312,"exact"
2013,"norfolk st.",-4.7744,224,96.2476,101.022,66.0946,1313,"exact"
2013,"north carolina",17.1634,32,112.478,95.3146,68.7962,1314,"exact"
2013,"north dakota",-8.33404,260,96.7846,105.119,65.3641,1315,"exact"
2013,"north florida",-8.26114,258,100.515,108.776,64.116,1316,"exact"
2013,"north texas",-8.20193,257,97.2251,105.427,64.5957,1317,"exact"
2013,"northeastern",-0.525906,175,106.863,107.389,61.9445,1318,"exact"
2013,"northern arizona",-12.7138,294,96.6262,109.34,67.3806,1319,"exact"
2013,"northern iowa",11.1361,68,106.335,95.1984,60.5972,1320,"exact"
2013,"northwestern",2.7821,137,104.234,101.452,59.3389,1321,"exact"
2013,"northwestern st.",3.18756,133,106.886,103.699,71.4118,1322,"exact"
2013,"notre dame",17.4382,28,115.515,98.0769,59.569,1323,"exact"
2013,"oakland",-2.49835,198,107.192,109.69,67.0679,1324,"exact"
2013,"ohio",9.32637,78,106.733,97.407,65.8023,1325,"exact"
2013,"ohio st.",25.1682,7,114.487,89.3191,62.2577,1326,"exact"
2013,"oklahoma",14.3172,50,111.409,97.0916,64.6503,1328,"exact"
2013,"oklahoma st.",19.4182,20,109.664,90.2456,65.3529,1329,"exact"
2013,"old dominion",-10.6516,277,98.4178,109.069,64.6054,1330,"exact"
2013,"oral roberts",0.998576,154,105.879,104.88,63.1621,1331,"exact"
2013,"oregon",14.8613,46,105.529,90.6673,67.0931,1332,"exact"
2013,"oregon st.",6.57989,102,109.172,102.592,66.3874,1333,"exact"
2013,"pacific",5.53976,111,106.871,101.331,61.5719,1334,"exact"
2013,"penn",-7.79088,251,94.8118,102.603,65.9883,1335,"exact"
2013,"penn st.",0.205806,165,101.791,101.585,63.3089,1336,"exact"
2013,"pepperdine",-4.89343,226,98.7846,103.678,61.5288,1337,"exact"
2013,"pittsburgh",25.1014,8,116.301,91.1994,58.1464,1338,"exact"
2013,"portland",-8.32809,259,95.1922,103.52,63.0297,1339,"exact"
2013,"portland st.",-13.7585,308,103.248,117.007,63.0433,1340,"exact"
2013,"prairie view a&m",-17.5073,325,87.7367,105.244,65.3522,1341,"exact"
2013,"presbyterian",-22.9873,341,94.7043,117.692,60.2563,1342,"exact"
2013,"princeton",7.9922,90,108.601,100.609,58.6612,1343,"exact"
2013,"providence",10.7979,70,106.916,96.1182,64.1586,1344,"exact"
2013,"purdue",10.0904,74,105.626,95.5352,64.2234,1345,"exact"
2013,"quinnipiac",-3.44598,208,102.244,105.69,64.5902,1346,"exact"
2013,"radford",-12.8026,297,91.2271,104.03,65.4295,1347,"exact"
2013,"rhode island",-2.35767,196,100.317,102.675,60.8805,1348,"exact"
2013,"rice",-17.5833,326,95.7508,113.334,60.8047,1349,"exact"
2013,"richmond",8.03565,89,110.483,102.448,61.4135,1350,"exact"
2013,"rider",0.675801,160,98.9501,98.2743,63.901,1351,"exact"
2013,"robert morris",2.00508,147,104.705,102.7,62.8929,1352,"exact"
2013,"rutgers",6.09171,106,107.33,101.238,62.439,1353,"exact"
2013,"south carolina st.",-22.2428,340,91.6433,113.886,63.2414,1354,"exact"
2013,"south dakota st.",7.16609,95,112.586,105.42,61.9938,1355,"exact"
2013,"southern illinois",-0.783379,179,102.602,103.385,60.9661,1356,"exact"
2013,"sacred heart",-9.58371,268,101.44,111.024,66.1972,1357,"exact"
2013,"sam houston st.",-5.5791,229,93.8125,99.3916,60.7658,1358,"exact"
2013,"samford",-12.5228,290,97.8195,110.342,58.0553,1359,"exact"
2013,"san diego",-0.376877,173,102.585,102.961,61.7995,1360,"exact"
2013,"san diego st.",18.5799,26,107.707,89.1276,64.8362,1361,"exact"
2013,"san francisco",2.99326,135,106.932,103.938,64.91,1362,"exact"
2013,"san jose st.",-13.2053,301,90.7446,103.95,65.1016,1363,"exact"
2013,"uc santa barbara",-3.79984,213,98.9664,102.766,61.9129,1364,"exact"
2013,"santa clara",8.80734,82,109.935,101.127,65.2621,1365,"exact"
2013,"savannah st.",-4.14145,216,87.6284,91.7698,61.1534,1366,"exact"
2013,"usc upstate",-3.13332,203,102.569,105.702,64.301,1367,"exact"
2013,"southeastern louisiana",-11.5871,285,93.8335,105.421,64.2611,1368,"exact"
2013,"southeast missouri st.",-4.7234,222,103.844,108.568,66.3336,1369,"manual"
2013,"seattle",-5.24875,227,94.1476,99.3963,67.4993,1370,"exact"
2013,"seton hall",4.82229,118,104.056,99.2339,62.8438,1371,"exact"
2013,"stephen f. austin",10.2743,72,100.095,89.8205,58.8391,1372,"exact"
2013,"siena",-12.7179,295,95.2301,107.948,61.9303,1373,"exact"
2013,"smu",-1.36322,185,100.576,101.939,61.7167,1374,"exact"
2013,"south alabama",-2.06358,193,98.7508,100.814,66.1895,1375,"exact"
2013,"south carolina",-3.49401,209,101.643,105.137,64.4222,1376,"exact"
2013,"south dakota",-7.52898,247,105.456,112.985,65.1148,1377,"exact"
2013,"south florida",2.52322,141,102.174,99.651,58.0554,1378,"exact"
2013,"southern miss",13.1334,58,111.078,97.9444,62.5266,1379,"exact"
2013,"southern",-0.292737,172,99.0012,99.294,62.7873,1380,"exact"
2013,"southern utah",-13.7458,307,91.9142,105.66,67.1533,1381,"exact"
2013,"st. bonaventure",4.53371,120,109.668,105.134,64.3738,1382,"exact"
2013,"st. francis ny",-4.74984,223,103,107.749,64.442,1383,"manual"
2013,"st. john's",6.258,105,100.362,94.1037,65.5001,1385,"exact"
2013,"saint joseph's",9.71346,75,108.976,99.2626,60.9812,1386,"exact"
2013,"saint louis",20.269,18,108.951,88.6822,63.0796,1387,"exact"
2013,"saint mary's",18.9259,24,116.686,97.7603,62.7285,1388,"exact"
2013,"saint peter's",-11.0154,279,92.7487,103.764,62.0583,1389,"exact"
2013,"stanford",14.8458,47,110.323,95.4774,65.9439,1390,"exact"
2013,"stetson",-6.78923,239,100.838,107.627,66.6286,1391,"exact"
2013,"stony brook",11.7542,62,106.458,94.7034,62.0348,1392,"exact"
2013,"syracuse",22.5652,12,114.546,91.9806,62.6287,1393,"exact"
2013,"texas a&m corpus chris",-14.9482,315,96.0484,110.997,60.1111,1394,"manual"
2013,"tcu",-9.50088,266,93.147,102.648,58.7857,1395,"exact"
2013,"temple",11.9609,60,111.464,99.5026,65.1334,1396,"exact"
2013,"tennessee",11.4779,63,108.881,97.4029,61.6099,1397,"exact"
2013,"tennessee st.",0.38622,161,104.901,104.515,65.7533,1398,"exact"
2013,"tennessee tech",-9.99346,271,97.1255,107.119,63.6016,1399,"exact"
2013,"texas",7.10682,96,102.568,95.4613,63.8794,1400,"exact"
2013,"texas a&m",6.93933,97,105.074,98.1344,59.0566,1401,"exact"
2013,"texas st.",-7.61212,249,101.121,108.733,69.8509,1402,"exact"
2013,"texas tech",-6.90448,241,100.217,107.121,65.8861,1403,"exact"
2013,"tennessee martin",-20.1385,333,93.7123,113.851,65.913,1404,"manual"
2013,"toledo",-1.15579,183,104.107,105.263,65.4939,1405,"exact"
2013,"towson",-0.646828,177,102.909,103.556,64.0686,1406,"exact"
2013,"troy",-10.2687,273,99.088,109.357,58.7623,1407,"exact"
2013,"tulane",1.58725,149,106.703,105.116,63.0965,1408,"exact"
2013,"tulsa",-0.593963,176,99.3666,99.9606,65.6142,1409,"exact"
2013,"texas pan american",-14.3341,312,94.1994,108.533,61.8621,1410,"manual"
2013,"texas southern",0.676155,159,105.515,104.839,61.5925,1411,"exact"
2013,"uab",0.205903,164,100.592,100.387,68.6068,1412,"exact"
2013,"uc davis",-3.12657,202,104.913,108.04,65.3758,1413,"exact"
2013,"uc irvine",3.22569,130,101.965,98.7393,63.8434,1414,"exact"
2013,"uc riverside",-13.6374,306,89.5162,103.154,61.0107,1415,"exact"
2013,"ucf",3.1972,132,106.474,103.276,63.8091,1416,"exact"
2013,"ucla",15.1624,43,111.467,96.3046,67.4331,1417,"exact"
2013,"louisiana lafayette",-5.65466,230,100.587,106.241,67.8458,1418,"manual"
2013,"umbc",-13.9194,310,95.5267,109.446,65.1802,1420,"exact"
2013,"unc asheville",-3.27656,204,101.304,104.581,67.2323,1421,"exact"
2013,"unc greensboro",-11.7957,286,96.9675,108.763,69.8336,1422,"exact"
2013,"unc wilmington",-12.0264,287,96.8929,108.919,64.5015,1423,"exact"
2013,"unlv",17.2254,31,106.858,89.633,67.0633,1424,"exact"
2013,"usc",6.34696,104,103.178,96.8315,65.1592,1425,"exact"
2013,"ut arlington",2.46708,143,98.8894,96.4224,64.5571,1426,"exact"
2013,"utsa",-7.55818,248,101.011,108.569,62.066,1427,"exact"
2013,"utah",4.83633,117,104.46,99.6236,60.2752,1428,"exact"
2013,"utah st.",5.80329,108,109.695,103.891,59.9468,1429,"exact"
2013,"utah valley",-12.6464,292,98.6952,111.342,62.1839,1430,"exact"
2013,"utep",5.17881,115,103.507,98.3282,59.2833,1431,"exact"
2013,"vcu",19.3295,21,113.747,94.4178,65.764,1433,"exact"
2013,"valparaiso",11.9193,61,111.066,99.147,63.7461,1434,"exact"
2013,"vanderbilt",6.8193,99,102.51,95.6906,58.97,1435,"exact"
2013,"vermont",3.19898,131,102.815,99.6165,60.1515,1436,"exact"
2013,"villanova",13.6158,54,106.057,92.4411,65.6855,1437,"exact"
2013,"virginia",16.2669,37,107.657,91.3899,58.0296,1438,"exact"
2013,"virginia tech",-0.128694,170,107.145,107.274,65.2537,1439,"exact"
2013,"vmi",-11.4469,283,102.046,113.493,69.0031,1440,"exact"
2013,"western carolina",-7.48,246,101.492,108.972,64.3643,1441,"exact"
2013,"western illinois",1.12627,151,96.5268,95.4005,55.8251,1442,"exact"
2013,"western kentucky",-0.965895,180,101.798,102.763,63.8433,1443,"exact"
2013,"western michigan",2.30786,145,103.261,100.953,63.7574,1444,"exact"
2013,"wagner",-1.15248,182,97.0959,98.2483,65.1335,1447,"exact"
2013,"wake forest",2.85751,136,101.468,98.6105,67.092,1448,"exact"
2013,"washington",9.15847,80,107.361,98.2025,63.4363,1449,"exact"
2013,"washington st.",7.27663,93,107.443,100.167,60.0052,1450,"exact"
2013,"weber st.",8.31015,88,108.179,99.8687,62.8633,1451,"exact"
2013,"west virginia",4.02774,124,104.757,100.729,62.3248,1452,"exact"
2013,"green bay",4.53063,121,104.646,100.115,61.5963,1453,"exact"
2013,"milwaukee",-13.1224,299,95.2815,108.404,63.9824,1454,"exact"
2013,"wichita st.",17.3895,30,109.966,92.5764,62.4159,1455,"exact"
2013,"william & mary",-4.22363,217,106.327,110.551,61.4512,1456,"exact"
2013,"winthrop",-10.8076,278,95.0669,105.874,59.1195,1457,"exact"
2013,"wisconsin",23.008,11,108.829,85.8206,59.9822,1458,"exact"
2013,"wofford",-7.47409,245,89.0441,96.5182,61.6566,1459,"exact"
2013,"wright st.",4.38724,123,97.6582,93.2709,60.9643,1460,"exact"
2013,"wyoming",8.37291,86,103.879,95.5058,58.7486,1461,"exact"
2013,"xavier",9.55961,76,105.914,96.3548,61.0853,1462,"exact"
2013,"yale",-2.843,200,102.671,105.514,62.3869,1463,"exact"
2013,"youngstown st.",-1.93657,192,102.377,104.314,65.8426,1464,"exact"
2014,"abilene christian",-23.3517,347,93.5279,116.88,63.4665,1101,"exact"
2014,"air force",-6.97045,254,99.1735,106.144,63.8216,1102,"exact"
2014,"akron",2.61676,142,103.594,100.978,64.1515,1103,"exact"
2014,"alabama",8.19753,90,107.166,98.9688,62.2287,1104,"exact"
2014,"alabama a&m",-13.5089,301,91.6936,105.203,64.5204,1105,"exact"
2014,"alabama st.",-12.4215,293,97.8683,110.29,66.0917,1106,"exact"
2014,"albany",-1.71363,187,102.179,103.893,61.7185,1107,"exact"
2014,"alcorn st.",-16.1564,324,93.0265,109.183,62.2274,1108,"exact"
2014,"american",5.87548,107,103.925,98.0491,59.8927,1110,"exact"
2014,"appalachian st.",-18.808,331,91.4959,110.304,64.8908,1111,"exact"
2014,"arizona",30.3964,2,115.193,84.7964,63.1175,1112,"exact"
2014,"arizona st.",15.3941,37,110.175,94.7808,67.6129,1113,"exact"
2014,"arkansas little rock",-4.71822,217,100.67,105.388,66.5239,1114,"manual"
2014,"arkansas pine bluff",-16.6853,326,91.4463,108.132,65.2039,1115,"manual"
2014,"arkansas",13.772,50,110.796,97.0238,70.6916,1116,"exact"
2014,"arkansas st.",0.675602,160,106.181,105.506,66.7904,1117,"exact"
2014,"army",-5.06149,224,104.868,109.929,67.2438,1119,"exact"
2014,"auburn",3.80744,128,109.121,105.313,66.1973,1120,"exact"
2014,"austin peay",-12.3077,290,98.8047,111.112,69.0855,1122,"exact"
2014,"ball st.",-12.5167,296,96.3604,108.877,66.1024,1123,"exact"
2014,"baylor",17.8854,30,118.684,100.799,61.1487,1124,"exact"
2014,"belmont",5.27918,111,112.906,107.627,67.4152,1125,"exact"
2014,"bethune cookman",-20.3633,336,96.1302,116.494,60.9382,1126,"fuzzy"
2014,"binghamton",-19.4302,333,91.2488,110.679,64.4116,1127,"exact"
2014,"boise st.",10.5704,72,114.167,103.597,64.1722,1129,"exact"
2014,"boston college",2.39845,144,113.845,111.447,61.4523,1130,"exact"
2014,"boston university",4.165,126,105.762,101.597,65.3172,1131,"exact"
2014,"bowling green",-3.4748,206,92.8625,96.3373,65.2809,1132,"exact"
2014,"bradley",-4.24691,214,99.8825,104.129,62.7846,1133,"exact"
2014,"brown",0.898211,158,100.975,100.077,68.3699,1135,"exact"
2014,"bryant",-2.67541,197,105.474,108.15,65.5905,1136,"exact"
2014,"bucknell",1.24207,155,102.681,101.439,63.1014,1137,"exact"
2014,"buffalo",6.75368,101,109.53,102.776,66.8706,1138,"exact"
2014,"butler",7.81137,94,106.109,98.2977,62.2119,1139,"exact"
2014,"byu",14.7544,44,114.713,99.9591,71.172,1140,"exact"
2014,"central michigan",-11.0048,283,106.066,117.071,63.8956,1141,"exact"
2014,"cal poly",-0.599368,172,103.247,103.846,58.8564,1142,"exact"
2014,"california",11.6038,63,110.606,99.0023,64.9734,1143,"exact"
2014,"campbell",-18.0477,330,97.9466,115.994,62.2272,1144,"exact"
2014,"canisius",4.72573,120,111.78,107.054,65.1949,1145,"exact"
2014,"central arkansas",-17.869,329,94.8601,112.729,70.8812,1146,"exact"
2014,"central connecticut",-13.894,307,96.8871,110.781,68.655,1148,"exact"
2014,"charleston southern",-5.48723,228,105.437,110.924,65.9107,1149,"exact"
2014,"charlotte",-0.675868,173,102.144,102.82,67.7722,1150,"exact"
2014,"chattanooga",-9.2991,278,100.297,109.596,66.9995,1151,"exact"
2014,"chicago st.",-11.0862,284,97.7095,108.796,68.0197,1152,"exact"
2014,"cincinnati",19.0788,26,109.197,90.1186,61.2764,1153,"exact"
2014,"the citadel",-22.449,345,95.7256,118.175,63.74,1154,"exact"
2014,"clemson",13.4647,52,106.405,92.9404,58.3696,1155,"exact"
2014,"cleveland st.",8.84672,84,110.826,101.98,62.3621,1156,"exact"
2014,"coastal carolina",-5.97261,236,97.0064,102.979,65.898,1157,"exact"
2014,"college of charleston",-2.96444,201,97.5975,100.562,60.9389,1158,"exact"
2014,"colgate",-1.00611,177,108.206,109.212,62.6714,1159,"exact"
2014,"colorado",12.4727,60,107.9,95.4275,65.097,1160,"exact"
2014,"colorado st.",3.67413,129,110.103,106.429,65.1856,1161,"exact"
2014,"columbia",4.5267,122,105.91,101.384,60.2313,1162,"exact"
2014,"connecticut",19.1162,25,111.355,92.2385,63.4064,1163,"exact"
2014,"coppin st.",-12.4574,294,99.843,112.3,67.0189,1164,"exact"
2014,"cornell",-20.7266,340,99.8271,120.554,63.8142,1165,"exact"
2014,"creighton",24.7882,9,125.701,100.913,63.9037,1166,"exact"
2014,"cal st. bakersfield",-4.92797,220,100.38,105.308,63.8484,1167,"manual"
2014,"cal st. fullerton",-6.33999,244,100.616,106.956,65.7191,1168,"exact"
2014,"cal st. northridge",-4.87454,219,106.017,110.891,67.6878,1169,"exact"
2014,"sacramento st.",-8.71055,271,103.334,112.045,62.9838,1170,"exact"
2014,"dartmouth",-5.03716,221,103.196,108.233,63.1183,1171,"exact"
2014,"davidson",4.07848,127,112.738,108.66,66.1589,1172,"exact"
2014,"dayton",12.9838,56,113.694,100.71,63.8792,1173,"exact"
2014,"delaware",5.78601,109,111.299,105.513,70.5569,1174,"exact"
2014,"delaware st.",-15.79,319,96.5925,112.382,58.5226,1175,"exact"
2014,"denver",3.16445,135,110.317,107.153,57.9519,1176,"exact"
2014,"depaul",-0.179552,168,106.331,106.511,65.8604,1177,"exact"
2014,"detroit",-2.15057,194,100.893,103.043,66.2526,1178,"exact"
2014,"drake",-1.29996,180,104.611,105.911,63.1277,1179,"exact"
2014,"drexel",3.36013,132,104.74,101.38,62.6451,1180,"exact"
2014,"duke",25.3098,6,124.75,99.4399,64.8311,1181,"exact"
2014,"duquesne",1.49145,148,110.089,108.598,66.7404,1182,"exact"
2014,"eastern illinois",-13.8455,305,98.0781,111.924,64.5306,1183,"exact"
2014,"eastern kentucky",3.01993,137,111.315,108.295,64.6059,1184,"exact"
2014,"eastern michigan",4.47806,123,98.2676,93.7895,63.3998,1185,"exact"
2014,"eastern washington",-5.05388,222,105.548,110.602,69.2593,1186,"exact"
2014,"east carolina",-5.37829,226,105.655,111.033,63.9638,1187,"exact"
2014,"siu edwardsville",-12.4789,295,99.867,112.346,65.6427,1188,"exact"
2014,"elon",-3.00094,202,104.292,107.293,64.6819,1189,"exact"
2014,"east tennessee st.",-6.82339,250,102.49,109.313,68.809,1190,"exact"
2014,"evansville",-4.06277,211,102.749,106.812,65.7677,1191,"exact"
2014,"fairleigh dickinson",-10.697,282,101.735,112.432,65.1801,1192,"exact"
2014,"fairfield",-9.11735,277,95.0091,104.126,64.7355,1193,"exact"
2014,"florida atlantic",-6.45405,246,100.613,107.067,63.2438,1194,"exact"
2014,"florida gulf coast",-2.03367,193,99.8358,101.869,66.5052,1195,"exact"
2014,"florida",27.8106,3,116.216,88.4056,61.5519,1196,"exact"
2014,"florida a&m",-13.3547,300,94.385,107.74,70.1781,1197,"exact"
2014,"fiu",-5.59768,230,100.927,106.525,64.903,1198,"exact"
2014,"florida st.",15.2742,38,111.926,96.6522,65.2048,1199,"exact"
2014,"fordham",-2.88267,200,108.316,111.199,67.668,1200,"exact"
2014,"fresno st.",4.40466,125,110.052,105.647,65.4486,1201,"exact"
2014,"furman",-20.8688,343,94.3166,115.185,63.8963,1202,"exact"
2014,"george washington",14.2297,48,110.212,95.9821,65.8095,1203,"exact"
2014,"georgia southern",-12.2597,289,97.6746,109.934,64.9743,1204,"exact"
2014,"gardner webb",-7.13157,257,98.4115,105.543,65.058,1205,"exact"
2014,"george mason",2.74139,140,105.453,102.712,65.2835,1206,"exact"
2014,"georgetown",13.1554,53,112.009,98.8533,63.1528,1207,"exact"
2014,"georgia",9.21651,80,108.568,99.3515,62.7685,1208,"exact"
2014,"georgia st.",11.5972,64,115.011,103.414,64.2206,1209,"exact"
2014,"georgia tech",5.14322,112,104.35,99.2063,64.5369,1210,"exact"
2014,"gonzaga",20.6386,22,113.594,92.9558,64.5603,1211,"exact"
2014,"grambling st.",-26.2005,349,95.3172,121.518,66.18,1212,"exact"
2014,"grand canyon",-5.8434,234,105.328,111.171,65.6647,1213,"exact"
2014,"hampton",-5.06062,223,95.5306,100.591,70.0948,1214,"exact"
2014,"hartford",-5.73367,231,101.636,107.369,62.089,1216,"exact"
2014,"harvard",17.3178,32,112.027,94.7095,64.1253,1217,"exact"
2014,"hawaii",3.3113,133,110.678,107.367,67.108,1218,"exact"
2014,"high point",-7.8039,261,104.467,112.271,62.667,1219,"exact"
2014,"hofstra",-8.36774,266,104.489,112.856,64.0097,1220,"exact"
2014,"holy cross",1.32693,154,103.99,102.663,62.7757,1221,"exact"
2014,"houston",2.98687,138,110.51,107.523,65.6064,1222,"exact"
2014,"houston baptist",-20.7005,339,91.1163,111.817,67.8645,1223,"exact"
2014,"howard",-19.0139,332,87.2568,106.271,66.0996,1224,"exact"
2014,"idaho",-6.90254,251,105.079,111.982,65.8581,1225,"exact"
2014,"idaho st.",-6.95138,253,103.971,110.922,63.2474,1226,"exact"
2014,"illinois chicago",-8.99534,275,100.01,109.006,64.7324,1227,"manual"
2014,"illinois",12.7029,58,106.061,93.3581,61.2461,1228,"exact"
2014,"illinois st.",2.0977,146,101.919,99.8215,66.9704,1229,"exact"
2014,"incarnate word",-7.65414,260,102.253,109.907,68.8784,1230,"exact"
2014,"indiana",11.3261,66,107.198,95.8718,67.2582,1231,"exact"
2014,"indiana st.",5.97223,105,106.439,100.467,65.2879,1232,"exact"
2014,"iona",9.51201,78,117.622,108.11,68.7103,1233,"exact"
2014,"iowa",21.0299,20,120.152,99.1218,69.1598,1234,"exact"
2014,"iowa st.",20.9515,21,116.764,95.8121,70.4795,1235,"exact"
2014,"ipfw",2.7577,139,108.234,105.476,65.4134,1236,"exact"
2014,"iupui",-17.8147,328,96.053,113.868,64.3787,1237,"exact"
2014,"jackson st.",-12.3636,292,93.3338,105.697,65.2691,1238,"exact"
2014,"jacksonville",-14.0454,308,102.547,116.592,68.0182,1239,"exact"
2014,"jacksonville st.",-14.5394,311,97.5054,112.045,60.8783,1240,"exact"
2014,"james madison",-8.36053,265,98.0694,106.43,63.7378,1241,"exact"
2014,"kansas",25.4011,5,119.974,94.5731,66.8907,1242,"exact"
2014,"kansas st.",14.3949,46,108.305,93.9099,63.6653,1243,"exact"
2014,"kennesaw st.",-20.7315,342,91.4281,112.16,66.1827,1244,"exact"
2014,"kent st.",-1.67852,186,103.837,105.515,64.9688,1245,"exact"
2014,"kentucky",21.1505,19,116.202,95.0512,64.6236,1246,"exact"
2014,"la salle",5.89733,106,105.827,99.9302,62.8706,1247,"exact"
2014,"lafayette",-6.18117,242,108.911,115.092,64.8189,1248,"exact"
2014,"lamar",-20.7278,341,92.6261,113.354,66.701,1249,"exact"
2014,"lehigh",-5.82862,233,97.7315,103.56,64.5146,1250,"exact"
2014,"liberty",-11.8442,287,100.729,112.574,63.1106,1251,"exact"
2014,"lipscomb",-8.72709,272,102.603,111.33,68.8839,1252,"exact"
2014,"long beach st.",2.46704,143,104.595,102.128,64.8311,1253,"exact"
2014,"liu brooklyn",-15.6651,318,102.531,118.196,66.6437,1254,"exact"
2014,"longwood",-23.438,348,95.0451,118.483,66.8857,1255,"exact"
2014,"louisiana tech",14.9348,42,109.375,94.4401,69.3112,1256,"exact"
2014,"louisville",30.5677,1,119.102,88.5345,67.4981,1257,"exact"
2014,"loyola marymount",-0.679205,174,105.331,106.01,68.0555,1258,"exact"
2014,"loyola md",-11.9537,288,96.8675,108.821,64.8537,1259,"exact"
2014,"loyola chicago",-6.37766,245,101.817,108.195,62.1347,1260,"exact"
2014,"lsu",11.4737,65,109.792,98.318,68.9408,1261,"exact"
2014,"umass lowell",-16.0818,323,94.9057,110.988,62.8761,1262,"exact"
2014,"maine",-20.6057,338,94.9941,115.6,73.2328,1263,"exact"
2014,"manhattan",9.55527,77,106.544,96.9886,68.0296,1264,"exact"
2014,"marist",-4.11618,213,101.044,105.161,64.5788,1265,"exact"
2014,"marquette",12.0808,62,109.855,97.7745,64.7082,1266,"exact"
2014,"marshall",-5.9799,237,99.4336,105.414,67.1221,1267,"exact"
2014,"maryland",14.2404,47,109.08,94.8391,67.6454,1268,"exact"
2014,"massachusetts",14.1875,49,109.841,95.6537,70.3142,1269,"exact"
2014,"mcneese st.",-14.1443,309,97.5138,111.658,66.0236,1270,"exact"
2014,"maryland eastern shore",-20.3099,335,98.6891,118.999,65.2721,1271,"exact"
2014,"memphis",14.9304,43,111.252,96.3212,67.8621,1272,"exact"
2014,"mercer",7.46633,98,108.78,101.313,63.9334,1273,"exact"
2014,"miami fl",9.83969,75,108.765,98.925,57.2218,1274,"exact"
2014,"miami oh",-4.11016,212,98.7776,102.888,65.7219,1275,"exact"
2014,"michigan",22.7757,12,122.369,99.5935,61.5484,1276,"exact"
2014,"michigan st.",23.7886,11,118.203,94.4143,64.3969,1277,"exact"
2014,"minnesota",13.5777,51,113.052,99.4744,63.2341,1278,"exact"
2014,"mississippi",8.42421,88,110.564,102.14,68.2481,1279,"exact"
2014,"mississippi st.",-3.75746,208,99.6128,103.37,67.0575,1280,"exact"
2014,"missouri",11.0956,68,113.793,102.698,64.8734,1281,"exact"
2014,"umkc",-8.76853,273,98.0313,106.8,68.5271,1282,"exact"
2014,"missouri st.",1.33935,153,106.161,104.822,63.4487,1283,"exact"
2014,"monmouth",-8.68133,269,96.2366,104.918,66.8627,1284,"exact"
2014,"montana",-3.83361,210,107.371,111.204,60.0335,1285,"exact"
2014,"montana st.",-12.9479,298,94.8855,107.833,64.1046,1286,"exact"
2014,"morehead st.",-1.49153,182,102.01,103.501,67.7454,1287,"exact"
2014,"morgan st.",-5.23216,225,99.9796,105.212,67.7341,1288,"exact"
2014,"mississippi valley st.",-22.6613,346,92.658,115.319,71.0948,1290,"manual"
2014,"mount st. mary's",-3.75021,207,107.491,111.241,68.4474,1291,"exact"
2014,"middle tennessee",7.92059,92,104.689,96.7688,62.8121,1292,"exact"
2014,"murray st.",-0.229992,169,107.345,107.575,65.9526,1293,"exact"
2014,"northern colorado",-3.79599,209,108.406,112.202,62.9307,1294,"exact"
2014,"north dakota st.",12.5832,59,116.004,103.42,63.0184,1295,"exact"
2014,"northern illinois",-3.39323,205,94.2237,97.617,61.7326,1296,"exact"
2014,"northern kentucky",-14.5407,312,102.075,116.615,61.3605,1297,"exact"
2014,"navy",-13.6433,303,92.6389,106.282,62.0612,1298,"exact"
2014,"north carolina a&t",-19.7287,334,93.2655,112.994,65.5421,1299,"exact"
2014,"north carolina central",8.29208,89,107.276,98.9836,62.708,1300,"exact"
2014,"nc state",10.5467,73,113.205,102.658,64.734,1301,"exact"
2014,"nebraska omaha",0.0518134,165,104.911,104.859,72.3534,1303,"exact"
2014,"nebraska",13.1363,54,108.82,95.6836,64.698,1304,"exact"
2014,"nevada",2.27901,145,109.036,106.757,63.6497,1305,"exact"
2014,"new hampshire",-17.7233,327,88.1993,105.923,61.4301,1306,"exact"
2014,"new mexico",17.5475,31,113.782,96.2346,64.7417,1307,"exact"
2014,"new mexico st.",10.6331,71,112.746,102.113,65.3613,1308,"exact"
2014,"new orleans",-15.3037,317,95.6684,110.972,70.3341,1309,"exact"
2014,"niagara",-9.00927,276,101.301,110.31,70.8426,1310,"exact"
2014,"nicholls st.",-13.6895,304,97.5922,111.282,63.7683,1311,"exact"
2014,"njit",-13.8725,306,96.2605,110.133,66.7473,1312,"exact"
2014,"norfolk st.",-7.90892,262,102.347,110.256,63.0105,1313,"exact"
2014,"north carolina",18.3881,29,111.545,93.1571,69.426,1314,"exact"
2014,"north dakota",-6.94261,252,104.335,111.277,68.088,1315,"exact"
2014,"north florida",-8.19529,264,102.593,110.788,66.9317,1316,"exact"
2014,"north texas",-5.5918,229,98.8979,104.49,67.0981,1317,"exact"
2014,"northeastern",-3.23062,204,100.946,104.176,63.4396,1318,"exact"
2014,"northern arizona",-7.15631,258,100.274,107.43,62.5504,1319,"exact"
2014,"northern iowa",7.98128,91,112.673,104.692,64.362,1320,"exact"
2014,"northwestern",3.2693,134,97.6925,94.4232,60.1377,1321,"exact"
2014,"northwestern st.",-1.44296,181,108.149,109.592,74.4269,1322,"exact"
2014,"notre dame",7.7595,95,113.174,105.414,62.9408,1323,"exact"
2014,"oakland",-2.02935,192,109.418,111.448,67.3773,1324,"exact"
2014,"ohio",4.78991,118,107.156,102.366,64.1075,1325,"exact"
2014,"ohio st.",21.6743,15,109.354,87.6797,64.0434,1326,"exact"
2014,"oklahoma",18.4058,28,117.886,99.4806,69.9669,1328,"exact"
2014,"oklahoma st.",21.5328,16,115.772,94.2393,66.9981,1329,"exact"
2014,"old dominion",-1.92177,190,99.2992,101.221,62.6619,1330,"exact"
2014,"oral roberts",-1.62243,185,107.595,109.217,63.0364,1331,"exact"
2014,"oregon",18.783,27,118.258,99.4749,67.8101,1332,"exact"
2014,"oregon st.",6.95479,100,112.199,105.244,65.4964,1333,"exact"
2014,"pacific",1.45847,149,109.038,107.58,65.8033,1334,"exact"
2014,"penn",-7.52508,259,98.6578,106.183,68.3992,1335,"exact"
2014,"penn st.",9.64269,76,110.716,101.074,64.8458,1336,"exact"
2014,"pepperdine",1.22032,156,107.453,106.233,65.2606,1337,"exact"
2014,"pittsburgh",21.5198,17,116.412,94.8924,62.7245,1338,"exact"
2014,"portland",5.72337,110,108.927,103.204,65.1945,1339,"exact"
2014,"portland st.",-8.4968,267,102.152,110.649,64.9357,1340,"exact"
2014,"prairie view a&m",-16.5281,325,95.8556,112.384,66.088,1341,"exact"
2014,"presbyterian",-26.419,350,93.5863,120.005,63.7457,1342,"exact"
2014,"princeton",7.55731,97,107.642,100.085,63.2164,1343,"exact"
2014,"providence",14.7367,45,114.031,99.2945,63.2914,1344,"exact"
2014,"purdue",7.75635,96,107.857,100.101,67.4002,1345,"exact"
2014,"quinnipiac",1.45538,150,110.905,109.45,68.4594,1346,"exact"
2014,"radford",-8.09749,263,105.354,113.452,66.5409,1347,"exact"
2014,"rhode island",5.04367,115,103.991,98.9468,64.3654,1348,"exact"
2014,"rice",-13.3142,299,94.1933,107.507,62.6051,1349,"exact"
2014,"richmond",7.87949,93,104.78,96.901,62.0818,1350,"exact"
2014,"rider",-4.82354,218,106.258,111.082,65.6259,1351,"exact"
2014,"robert morris",-1.85493,189,104.628,106.482,63.9069,1352,"exact"
2014,"rutgers",-0.698444,175,105.932,106.63,66.6367,1353,"exact"
2014,"south carolina st.",-21.2969,344,91.0564,112.353,64.7945,1354,"exact"
2014,"south dakota st.",3.4763,130,106.583,103.107,65.7734,1355,"exact"
2014,"southern illinois",0.182312,164,105.693,105.51,61.72,1356,"exact"
2014,"sacred heart",-13.5907,302,98.831,112.422,66.1284,1357,"exact"
2014,"sam houston st.",-2.79977,198,105.46,108.259,64.5435,1358,"exact"
2014,"samford",-15.8362,320,100.337,116.173,65.4802,1359,"exact"
2014,"san diego",3.12626,136,104.732,101.605,61.3951,1360,"exact"
2014,"san diego st.",19.8236,24,109.055,89.2312,62.8054,1361,"exact"
2014,"san francisco",9.14518,83,112.601,103.455,64.1237,1362,"exact"
2014,"san jose st.",-11.6619,285,94.0688,105.731,64.3199,1363,"exact"
2014,"uc santa barbara",6.50889,103,110.331,103.822,62.3379,1364,"exact"
2014,"santa clara",1.35049,152,106.933,105.583,64.1289,1365,"exact"
2014,"savannah st.",-10.1275,281,91.1675,101.295,63.2354,1366,"exact"
2014,"usc upstate",-0.153878,167,105.149,105.303,64.2595,1367,"exact"
2014,"southeastern louisiana",-14.2661,310,98.2073,112.473,63.3928,1368,"exact"
2014,"southeast missouri st.",-5.84859,235,107.658,113.506,69.2151,1369,"manual"
2014,"seattle",-5.76615,232,99.9641,105.73,65.5286,1370,"exact"
2014,"seton hall",8.82933,85,108.879,100.049,64.4686,1371,"exact"
2014,"stephen f. austin",10.7884,70,111.44,100.651,61.7091,1372,"exact"
2014,"siena",-1.53307,184,101.225,102.758,64.8952,1373,"exact"
2014,"smu",17.1445,33,109.582,92.4374,64.9789,1374,"exact"
2014,"south alabama",-7.08707,256,100.643,107.73,64.7088,1375,"exact"
2014,"south carolina",4.86741,117,106.835,101.968,65.7154,1376,"exact"
2014,"south dakota",-6.67936,247,101.568,108.248,65.7952,1377,"exact"
2014,"south florida",-2.3039,195,101.796,104.099,64.0576,1378,"exact"
2014,"southern miss",10.9356,69,110.611,99.6757,62.8377,1379,"exact"
2014,"southern",-2.33622,196,97.2771,99.6133,65.8798,1380,"exact"
2014,"southern utah",-26.5562,351,87.3563,113.912,64.3888,1381,"exact"
2014,"st. bonaventure",8.74082,86,110.759,102.018,66.0401,1382,"exact"
2014,"st. francis ny",-2.82684,199,98.3623,101.189,65.2411,1383,"manual"
2014,"st. john's",15.2252,39,108.775,93.5497,66.4947,1385,"exact"
2014,"saint joseph's",13.0273,55,111.261,98.2332,64.4393,1386,"exact"
2014,"saint louis",15.792,35,105.599,89.8073,65.5822,1387,"exact"
2014,"saint mary's",11.2469,67,112.96,101.713,61.4212,1388,"exact"
2014,"saint peter's",-6.17469,241,97.4384,103.613,60.7124,1389,"exact"
2014,"stanford",15.9959,34,113.435,97.4392,65.271,1390,"exact"
2014,"stetson",-20.4581,337,93.7642,114.222,61.509,1391,"exact"
2014,"stony brook",0.368363,162,105.18,104.812,64.7471,1392,"exact"
2014,"syracuse",21.5042,18,114.707,93.2029,59.7435,1393,"exact"
2014,"texas a&m corpus chris",-5.47969,227,103.903,109.383,60.6284,1394,"manual"
2014,"tcu",-4.28678,215,99.0455,103.332,64.0322,1395,"exact"
2014,"temple",1.41375,151,110.303,108.889,66.5856,1396,"exact"
2014,"tennessee",21.7438,14,115.185,93.4414,62.0374,1397,"exact"
2014,"tennessee st.",-12.3191,291,101.091,113.41,63.409,1398,"exact"
2014,"tennessee tech",-8.8948,274,99.6,108.495,66.4889,1399,"exact"
2014,"texas",14.9889,41,110.262,95.2735,67.2135,1400,"exact"
2014,"texas a&m",4.73444,119,101.398,96.6635,61.7007,1401,"exact"
2014,"texas st.",-9.43672,279,94.5353,103.972,61.298,1402,"exact"
2014,"texas tech",9.17086,82,111.162,101.992,60.119,1403,"exact"
2014,"tennessee martin",-16.0283,321,102.381,118.409,67.6897,1404,"manual"
2014,"toledo",6.4625,104,115.466,109.004,67.1937,1405,"exact"
2014,"towson",3.44142,131,110.442,107.001,63.7995,1406,"exact"
2014,"troy",-6.77462,249,101.488,108.263,63.5505,1407,"exact"
2014,"tulane",-11.8111,286,99.5483,111.359,62.1031,1408,"exact"
2014,"tulsa",9.33939,79,105.972,96.6323,67.1059,1409,"exact"
2014,"texas pan american",-12.7643,297,93.3531,106.117,64.309,1410,"manual"
2014,"texas southern",-6.75033,248,106.018,112.768,65.8018,1411,"exact"
2014,"uab",0.917668,157,103.593,102.675,66.9775,1412,"exact"
2014,"uc davis",-14.9175,315,100.926,115.843,65.0421,1413,"exact"
2014,"uc irvine",8.55438,87,103.834,95.2797,62.9618,1414,"exact"
2014,"uc riverside",-8.68678,270,98.4229,107.11,66.0533,1415,"exact"
2014,"ucf",0.668303,161,106.61,105.941,66.4833,1416,"exact"
2014,"ucla",22.2575,13,118.14,95.8826,68.6469,1417,"exact"
2014,"louisiana lafayette",5.08877,114,109.939,104.85,68.8604,1418,"manual"
2014,"umbc",-16.0561,322,92.1772,108.233,66.7935,1420,"exact"
2014,"unc asheville",-6.26292,243,106.095,112.358,69.1985,1421,"exact"
2014,"unc greensboro",-15.1749,316,93.4341,108.609,69.0793,1422,"exact"
2014,"unc wilmington",-9.87609,280,95.4954,105.371,62.4506,1423,"exact"
2014,"unlv",9.20836,81,107.768,98.5598,65.445,1424,"exact"
2014,"usc",1.89645,147,103.181,101.285,68.5955,1425,"exact"
2014,"ut arlington",-4.40102,216,105.544,109.945,68.3648,1426,"exact"
2014,"utsa",-14.6678,313,100.475,115.143,66.7768,1427,"exact"
2014,"utah",15.7086,36,111.286,95.577,63.5067,1428,"exact"
2014,"utah st.",4.56684,121,109.379,104.812,62.3839,1429,"exact"
2014,"utah valley",-3.12388,203,102.31,105.434,61.0522,1430,"exact"
2014,"utep",6.56851,102,105.405,98.836,63.388,1431,"exact"
2014,"vcu",20.2135,23,108.679,88.4655,69.3132,1433,"exact"
2014,"valparaiso",0.724521,159,103.599,102.874,63.9294,1434,"exact"
2014,"vanderbilt",5.11822,113,103.545,98.4272,62.1623,1435,"exact"
2014,"vermont",10.2967,74,109.755,99.4581,62.2892,1436,"exact"
2014,"villanova",25.2627,7,117.154,91.8909,65.8913,1437,"exact"
2014,"virginia",26.4285,4,113.85,87.4218,59.6528,1438,"exact"
2014,"virginia tech",-0.780815,176,99.6777,100.458,62.5917,1439,"exact"
2014,"vmi",-6.07498,240,105.363,111.438,72.9513,1440,"exact"
2014,"western carolina",-5.99876,238,103.039,109.038,65.7855,1441,"exact"
2014,"western illinois",-8.67355,268,93.9449,102.618,61.1333,1442,"exact"
2014,"western kentucky",-1.12774,178,100.589,101.717,64.6338,1443,"exact"
2014,"western michigan",4.41973,124,106.443,102.024,65.2493,1444,"exact"
2014,"wagner",-1.80065,188,98.0865,99.8871,66.8375,1447,"exact"
2014,"wake forest",4.91509,116,106.166,101.251,66.6271,1448,"exact"
2014,"washington",7.00161,99,111.469,104.468,66.9659,1449,"exact"
2014,"washington st.",-1.52092,183,101.399,102.92,60.706,1450,"exact"
2014,"weber st.",-0.49027,170,106.025,106.516,63.2017,1451,"exact"
2014,"west virginia",12.7512,57,115.381,102.63,66.54,1452,"exact"
2014,"green bay",12.1193,61,109.265,97.1459,65.5657,1453,"exact"
2014,"milwaukee",0.3633,163,104.63,104.266,65.9973,1454,"exact"
2014,"wichita st.",25.1804,8,117.117,91.937,63.5718,1455,"exact"
2014,"william & mary",-0.112163,166,112.062,112.174,63.7305,1456,"exact"
2014,"winthrop",-6.0535,239,102.516,108.57,64.497,1457,"exact"
2014,"wisconsin",23.8262,10,120.678,96.8522,62.7652,1458,"exact"
2014,"wofford",-2.02301,191,100.924,102.947,60.7578,1459,"exact"
2014,"wright st.",2.68976,141,100.099,97.4094,63.5156,1460,"exact"
2014,"wyoming",5.78775,108,106.041,100.253,59.2981,1461,"exact"
2014,"xavier",15.0151,40,113.691,98.6757,64.4463,1462,"exact"
2014,"yale",-0.561939,171,101.71,102.272,63.5951,1463,"exact"
2014,"youngstown st.",-1.18472,179,107.533,108.718,66.2339,1464,"exact"
2015,"abilene christian",-20.2857,342,92.8823,113.168,63.5477,1101,"exact"
2015,"air force",-2.73925,198,107.788,110.527,61.3939,1102,"exact"
2015,"akron",6.1982,104,104.892,98.6939,63.3348,1103,"exact"
2015,"alabama",11.5173,62,110.461,98.9436,61.7411,1104,"exact"
2015,"alabama a&m",-19.0969,333,94.5181,113.615,63.1659,1105,"exact"
2015,"alabama st.",-8.39607,266,97.2697,105.666,67.1804,1106,"exact"
2015,"albany",3.03231,134,106.463,103.431,60.7359,1107,"exact"
2015,"alcorn st.",-24.4098,347,92.3927,116.803,66.4766,1108,"exact"
2015,"american",-1.90165,189,101.965,103.866,56.5784,1110,"exact"
2015,"appalachian st.",-9.97801,287,97.7043,107.682,65.0231,1111,"exact"
2015,"arizona",32.3143,3,118.227,85.9123,65.5943,1112,"exact"
2015,"arizona st.",10.5388,69,109.36,98.8215,65.355,1113,"exact"
2015,"arkansas little rock",-5.92892,236,103.694,109.623,63.9953,1114,"manual"
2015,"arkansas pine bluff",-16.8655,323,92.0172,108.883,62.957,1115,"manual"
2015,"arkansas",16.9767,29,114.941,97.964,69.1346,1116,"exact"
2015,"arkansas st.",-11.2185,297,95.5212,106.74,65.4435,1117,"exact"
2015,"army",-7.65079,252,99.6523,107.303,68.9217,1119,"exact"
2015,"auburn",2.62163,142,105.429,102.807,66.9431,1120,"exact"
2015,"austin peay",-14.7801,318,93.9174,108.698,66.4067,1122,"exact"
2015,"ball st.",-7.21305,247,100.189,107.402,63.3042,1123,"exact"
2015,"baylor",23.4796,13,117.192,93.7123,61.2742,1124,"exact"
2015,"belmont",1.49515,149,109.115,107.619,66.5706,1125,"exact"
2015,"bethune cookman",-18.7841,331,90.6353,109.419,60.0026,1126,"fuzzy"
2015,"binghamton",-16.464,322,93.45,109.914,62.7613,1127,"exact"
2015,"boise st.",13.9824,45,111.769,97.7869,62.8256,1129,"exact"
2015,"boston college",5.43022,113,107.308,101.877,63.1031,1130,"exact"
2015,"boston university",-6.41182,240,105.87,112.282,63.8835,1131,"exact"
2015,"bowling green",7.1538,93,105.767,98.6136,63.3369,1132,"exact"
2015,"bradley",-7.8648,254,93.1203,100.985,61.8744,1133,"exact"
2015,"brown",-8.45149,269,98.8719,107.323,67.1526,1135,"exact"
2015,"bryant",-5.89728,235,103.609,109.506,62.8386,1136,"exact"
2015,"bucknell",-3.25924,205,105.043,108.302,63.8126,1137,"exact"
2015,"buffalo",12.339,57,111.344,99.0045,68.4522,1138,"exact"
2015,"butler",19.6267,21,110.554,90.9269,63.0408,1139,"exact"
2015,"byu",17.7947,27,119.356,101.562,69.7923,1140,"exact"
2015,"central michigan",8.9381,77,114.672,105.734,63.689,1141,"exact"
2015,"cal poly",1.46039,150,102.584,101.124,58.3416,1142,"exact"
2015,"california",5.13028,115,103.736,98.6052,65.0677,1143,"exact"
2015,"campbell",-12.2762,302,96.958,109.234,61.0193,1144,"exact"
2015,"canisius",-0.36477,168,101.242,101.607,62.4555,1145,"exact"
2015,"central arkansas",-27.3742,349,90.7169,118.091,68.7293,1146,"exact"
2015,"central connecticut",-20.7657,343,92.4562,113.222,62.5406,1148,"exact"
2015,"charleston southern",-2.7963,199,106.371,109.167,65.0356,1149,"exact"
2015,"charlotte",2.10345,144,109.503,107.399,66.5278,1150,"exact"
2015,"chattanooga",0.0501567,165,105.044,104.994,64.2755,1151,"exact"
2015,"chicago st.",-18.4465,327,88.5696,107.016,62.4008,1152,"exact"
2015,"cincinnati",14.2488,41,108.353,94.1045,59.2099,1153,"exact"
2015,"the citadel",-18.6564,328,102.652,121.308,58.3108,1154,"exact"
2015,"clemson",7.5779,88,103.846,96.268,61.2864,1155,"exact"
2015,"cleveland st.",6.15127,106,107.133,100.981,60.2039,1156,"exact"
2015,"coastal carolina",1.6211,147,105.424,103.803,63.6717,1157,"exact"
2015,"college of charleston",-9.2249,278,95.7532,104.978,60.5047,1158,"exact"
2015,"colgate",-1.37111,178,107.423,108.794,60.3918,1159,"exact"
2015,"colorado",7.79176,86,106.96,99.1687,64.4626,1160,"exact"
2015,"colorado st.",11.1147,63,111.524,100.409,66.1744,1161,"exact"
2015,"columbia",0.0818252,164,107.071,106.989,59.952,1162,"exact"
2015,"connecticut",10.8159,65,107.578,96.7617,61.748,1163,"exact"
2015,"coppin st.",-17.1292,325,98.6156,115.745,73.4698,1164,"exact"
2015,"cornell",-3.03684,204,96.2835,99.3203,63.9697,1165,"exact"
2015,"creighton",8.55903,82,110.655,102.096,61.8263,1166,"exact"
2015,"cal st. bakersfield",-6.66143,244,99.0589,105.72,60.2576,1167,"manual"
2015,"cal st. fullerton",-10.4976,291,98.618,109.116,65.4331,1168,"exact"
2015,"cal st. northridge",-8.4215,268,100.284,108.706,64.5611,1169,"exact"
2015,"sacramento st.",-3.01783,203,107.717,110.735,61.5906,1170,"exact"
2015,"dartmouth",-0.32914,167,101.471,101.8,62.6714,1171,"exact"
2015,"davidson",16.8188,30,120.481,103.662,66.5178,1172,"exact"
2015,"dayton",13.8856,49,108.983,95.0972,63.3147,1173,"exact"
2015,"delaware",-7.96316,258,101.24,109.204,65.0814,1174,"exact"
2015,"delaware st.",-7.60409,251,102.117,109.721,66.5475,1175,"exact"
2015,"denver",-4.90941,225,105.454,110.364,56.9662,1176,"exact"
2015,"depaul",1.83996,145,108.098,106.258,66.6882,1177,"exact"
2015,"detroit",-1.47775,182,102.742,104.22,67.1744,1178,"exact"
2015,"drake",-9.32866,280,104.591,113.92,58.7101,1179,"exact"
2015,"drexel",-7.20529,246,98.8293,106.035,60.3756,1180,"exact"
2015,"duke",29.3074,6,124.253,94.9453,65.6368,1181,"exact"
2015,"duquesne",-4.09108,217,108.189,112.28,67.0473,1182,"exact"
2015,"eastern illinois",-5.73359,234,99.0563,104.79,61.9031,1183,"exact"
2015,"eastern kentucky",3.71312,128,105.241,101.528,63.0159,1184,"exact"
2015,"eastern michigan",3.25862,131,101.383,98.1242,65.4789,1185,"exact"
2015,"eastern washington",2.96737,135,112.165,109.197,67.9604,1186,"exact"
2015,"east carolina",-4.60052,222,103.39,107.991,60.9575,1187,"exact"
2015,"siu edwardsville",-7.57633,250,96.981,104.557,66.1565,1188,"exact"
2015,"elon",-7.23625,248,98.005,105.241,67.72,1189,"exact"
2015,"east tennessee st.",-4.39596,220,102.701,107.097,67.3759,1190,"exact"
2015,"evansville",3.61585,129,104.841,101.225,64.9683,1191,"exact"
2015,"fairleigh dickinson",-15.1273,319,96.8848,112.012,67.1059,1192,"exact"
2015,"fairfield",-11.3055,298,94.7468,106.052,60.9906,1193,"exact"
2015,"florida atlantic",-10.0835,290,98.3493,108.433,63.5796,1194,"exact"
2015,"florida gulf coast",-0.816327,171,101.443,102.26,63.7776,1195,"exact"
2015,"florida",15.5061,35,106.976,91.4696,62.523,1196,"exact"
2015,"florida a&m",-31.7025,350,84.902,116.605,65.065,1197,"exact"
2015,"fiu",-8.36726,265,95.6044,103.972,64.3012,1198,"exact"
2015,"florida st.",6.26062,103,104.984,98.7229,65.6678,1199,"exact"
2015,"fordham",-3.33906,206,101.529,104.868,65.1687,1200,"exact"
2015,"fresno st.",-2.61587,196,102.4,105.016,64.6189,1201,"exact"
2015,"furman",-13.2374,308,97.7529,110.99,62.1158,1202,"exact"
2015,"george washington",10.3727,70,107.705,97.3321,61.2368,1203,"exact"
2015,"georgia southern",1.55568,148,99.9726,98.4169,63.1971,1204,"exact"
2015,"gardner webb",-4.44002,221,106.351,110.791,67.134,1205,"exact"
2015,"george mason",-2.80614,200,102.51,105.316,63.7867,1206,"exact"
2015,"georgetown",19.5694,22,113.166,93.597,63.7582,1207,"exact"
2015,"georgia",15.3937,36,109.524,94.1302,63.6563,1208,"exact"
2015,"georgia st.",9.77537,73,110.463,100.687,62.5745,1209,"exact"
2015,"georgia tech",7.42044,89,103.034,95.6135,63.4182,1210,"exact"
2015,"gonzaga",28.9239,7,121.92,92.9958,64.2083,1211,"exact"
2015,"grambling st.",-37.6305,351,78.4395,116.07,65.0944,1212,"exact"
2015,"grand canyon",-8.23075,262,106.561,114.792,63.7127,1213,"exact"
2015,"hampton",-8.51136,270,96.0398,104.551,68.6346,1214,"exact"
2015,"hartford",-9.7304,281,96.9534,106.684,62.7323,1216,"exact"
2015,"harvard",8.74154,80,103.686,94.9442,61.137,1217,"exact"
2015,"hawaii",3.86361,127,104.648,100.785,68.648,1218,"exact"
2015,"high point",1.41587,151,108.085,106.669,61.6757,1219,"exact"
2015,"hofstra",5.81,111,111.394,105.584,68.2953,1220,"exact"
2015,"holy cross",-6.70081,245,100.693,107.394,63.3823,1221,"exact"
2015,"houston",-3.55141,210,100.997,104.549,63.9115,1222,"exact"
2015,"houston baptist",-13.7701,314,101.05,114.82,65.8772,1223,"exact"
2015,"howard",-8.05118,261,93.3072,101.358,62.5646,1224,"exact"
2015,"idaho",-5.55697,231,107.105,112.662,67.2396,1225,"exact"
2015,"idaho st.",-14.0353,315,96.8754,110.911,63.1562,1226,"exact"
2015,"illinois chicago",-9.78155,283,100.573,110.355,64.2484,1227,"manual"
2015,"illinois",12.55,55,107.955,95.4047,64.487,1228,"exact"
2015,"illinois st.",10.6168,68,107.715,97.0982,64.4413,1229,"exact"
2015,"incarnate word",-3.83152,213,107.72,111.551,67.3048,1230,"exact"
2015,"indiana",13.8074,50,119.285,105.478,66.0482,1231,"exact"
2015,"indiana st.",-1.14287,173,101.953,103.095,66.4631,1232,"exact"
2015,"iona",6.10759,107,113.177,107.07,69.0971,1233,"exact"
2015,"iowa",18.251,25,113.359,95.1085,63.3054,1234,"exact"
2015,"iowa st.",23.031,14,120.166,97.135,69.3108,1235,"exact"
2015,"ipfw",-1.42006,180,106.979,108.399,63.9643,1236,"exact"
2015,"iupui",-9.81105,284,93.5063,103.317,63.0207,1237,"exact"
2015,"jackson st.",-13.5332,311,90.7948,104.328,62.9262,1238,"exact"
2015,"jacksonville",-19.4203,338,95.9931,115.413,63.5134,1239,"exact"
2015,"jacksonville st.",-13.721,312,94.5041,108.225,62.8349,1240,"exact"
2015,"james madison",-2.91041,201,104.401,107.311,63.7554,1241,"exact"
2015,"kansas",23.7421,12,114.271,90.5293,66.6617,1242,"exact"
2015,"kansas st.",8.92703,78,106.458,97.5313,61.8172,1243,"exact"
2015,"kennesaw st.",-20.2775,341,93.3518,113.629,64.897,1244,"exact"
2015,"kent st.",4.48171,124,106.097,101.615,61.1548,1245,"exact"
2015,"kentucky",37.4333,1,121.27,83.8367,61.9696,1246,"exact"
2015,"la salle",6.17458,105,100.904,94.7291,63.8985,1247,"exact"
2015,"lafayette",-1.75874,188,112.691,114.45,64.3104,1248,"exact"
2015,"lamar",-8.60177,271,99.7665,108.368,65.6542,1249,"exact"
2015,"lehigh",-3.00674,202,99.3363,102.343,65.9623,1250,"exact"
2015,"liberty",-19.3403,336,90.0734,109.414,65.6192,1251,"exact"
2015,"lipscomb",-11.0178,296,100.383,111.401,67.425,1252,"exact"
2015,"long beach st.",3.23011,132,103.644,100.413,64.8981,1253,"exact"
2015,"liu brooklyn",-9.86914,286,96.6156,106.485,67.1481,1254,"exact"
2015,"longwood",-14.3271,317,96.5662,110.893,66.1688,1255,"exact"
2015,"louisiana tech",8.80124,79,107.451,98.6495,66.8857,1256,"exact"
2015,"louisville",20.4245,19,108.601,88.176,64.8006,1257,"exact"
2015,"loyola marymount",-7.88895,255,102.766,110.655,62.0502,1258,"exact"
2015,"loyola md",-13.2524,309,92.6596,105.912,62.4501,1259,"exact"
2015,"loyola chicago",2.63516,141,104.855,102.219,60.2417,1260,"exact"
2015,"lsu",13.9432,47,108.743,94.7996,69.0966,1261,"exact"
2015,"umass lowell",-12.5345,304,93.7233,106.258,63.4906,1262,"exact"
2015,"maine",-21.9563,345,93.2712,115.228,65.6827,1263,"exact"
2015,"manhattan",0.742583,155,101.932,101.19,67.2455,1264,"exact"
2015,"marist",-12.9978,307,94.0451,107.043,64.7838,1265,"exact"
2015,"marquette",6.81311,97,104.835,98.0224,63.4573,1266,"exact"
2015,"marshall",-7.93991,257,95.8042,103.744,69.6104,1267,"exact"
2015,"maryland",16.1924,33,111.125,94.9328,63.7514,1268,"exact"
2015,"massachusetts",4.2611,125,106.025,101.764,66.7777,1269,"exact"
2015,"mcneese st.",-11.0122,295,100.356,111.369,62.5756,1270,"exact"
2015,"maryland eastern shore",-3.60762,211,104.189,107.796,63.9745,1271,"exact"
2015,"memphis",7.84814,85,105.207,97.3594,66.0094,1272,"exact"
2015,"mercer",-1.18094,175,104.217,105.398,59.6931,1273,"exact"
2015,"miami fl",14.3267,39,112.412,98.0858,61.7649,1274,"exact"
2015,"miami oh",-3.76067,212,102.239,105.999,64.3734,1275,"exact"
2015,"michigan",9.56413,74,109.674,100.11,59.4798,1276,"exact"
2015,"michigan st.",20.9213,18,115.973,95.052,62.8407,1277,"exact"
2015,"minnesota",12.9859,54,112.284,99.2984,66.9992,1278,"exact"
2015,"mississippi",14.4267,38,114.568,100.141,65.6482,1279,"exact"
2015,"mississippi st.",0.750636,154,100.251,99.5001,63.5384,1280,"exact"
2015,"missouri",-1.90517,190,101.676,103.581,61.7204,1281,"exact"
2015,"umkc",-9.99542,288,97.4471,107.443,63.3387,1282,"exact"
2015,"missouri st.",-7.92044,256,98.3369,106.257,61.1807,1283,"exact"
2015,"monmouth",-1.69471,185,100.106,101.801,63.3556,1284,"exact"
2015,"montana",0.142913,162,105.112,104.969,61.5813,1285,"exact"
2015,"montana st.",-15.3558,320,95.0831,110.439,65.0542,1286,"exact"
2015,"morehead st.",0.427552,161,103.308,102.88,64.7565,1287,"exact"
2015,"morgan st.",-19.0489,332,93.6737,112.723,64.1664,1288,"exact"
2015,"mississippi valley st.",-25.6643,348,91.1525,116.817,69.8472,1290,"manual"
2015,"mount st. mary's",-5.06857,227,97.9632,103.032,62.1327,1291,"exact"
2015,"middle tennessee",1.39603,152,101.752,100.356,60.8621,1292,"exact"
2015,"murray st.",9.81808,72,115.056,105.238,66.1725,1293,"exact"
2015,"northern colorado",-7.69403,253,109.796,117.49,62.9425,1294,"exact"
2015,"north dakota st.",0.601364,157,102.68,102.079,60.2617,1295,"exact"
2015,"northern illinois",-0.807691,170,102.503,103.311,62.2751,1296,"exact"
2015,"northern kentucky",-6.48037,241,103.748,110.228,63.3112,1297,"exact"
2015,"navy",-9.17307,277,98.288,107.461,60.7513,1298,"exact"
2015,"north carolina a&t",-19.4826,339,92.9156,112.398,61.335,1299,"exact"
2015,"north carolina central",5.56944,112,103.489,97.9195,59.1179,1300,"exact"
2015,"nc state",15.3629,37,114.001,98.6377,63.8463,1301,"exact"
2015,"nebraska omaha",-7.98521,259,102.292,110.277,73.1906,1303,"exact"
2015,"nebraska",4.63417,121,99.1525,94.5183,63.0933,1304,"exact"
2015,"nevada",-8.25294,263,97.4717,105.725,63.4332,1305,"exact"
2015,"new hampshire",-1.75367,187,99.9302,101.684,63.5296,1306,"exact"
2015,"new mexico",3.09797,133,101.279,98.1807,61.7894,1307,"exact"
2015,"new mexico st.",7.0055,94,106.825,99.8197,62.9742,1308,"exact"
2015,"new orleans",-12.7662,306,96.7589,109.525,67.3632,1309,"exact"
2015,"niagara",-11.6954,300,99.1386,110.834,64.4632,1310,"exact"
2015,"nicholls st.",-17.8708,326,89.788,107.659,65.8095,1311,"exact"
2015,"njit",-1.32776,176,103.674,105.002,65.3659,1312,"exact"
2015,"norfolk st.",-2.2937,194,104.275,106.569,64.3595,1313,"exact"
2015,"north carolina",23.7959,11,117.921,94.1249,69.0232,1314,"exact"
2015,"north dakota",-14.1465,316,96.2232,110.37,67.3452,1315,"exact"
2015,"north florida",2.91181,137,108.032,105.12,66.7256,1316,"exact"
2015,"north texas",-6.38795,239,98.0902,104.478,65.2216,1317,"exact"
2015,"northeastern",4.82045,119,107.892,103.071,63.0556,1318,"exact"
2015,"northern arizona",-2.2664,193,101.844,104.11,63.8483,1319,"exact"
2015,"northern iowa",20.9503,17,115.17,94.2192,58.014,1320,"exact"
2015,"northwestern",4.64955,120,107.398,102.749,59.4897,1321,"exact"
2015,"northwestern st.",-3.3489,207,112.689,116.037,72.7506,1322,"exact"
2015,"notre dame",24.0703,10,124.623,100.552,63.2851,1323,"exact"
2015,"oakland",0.721479,156,110.848,110.127,65.5404,1324,"exact"
2015,"ohio",-5.05422,226,102.838,107.892,66.2235,1325,"exact"
2015,"ohio st.",21.0066,16,115.312,94.3058,65.1703,1326,"exact"
2015,"oklahoma",24.1001,9,111.785,87.6854,66.9861,1328,"exact"
2015,"oklahoma st.",16.1789,34,111.825,95.6458,62.7105,1329,"exact"
2015,"old dominion",10.7613,66,107.263,96.5014,59.4953,1330,"exact"
2015,"oral roberts",-3.86926,215,104.309,108.178,64.6098,1331,"exact"
2015,"oregon",13.1844,52,114.457,101.273,66.1195,1332,"exact"
2015,"oregon st.",5.84295,110,99.5604,93.7175,60.2928,1333,"exact"
2015,"pacific",-5.41747,230,103.048,108.465,61.2,1334,"exact"
2015,"penn",-10.5384,292,97.1946,107.733,62.9816,1335,"exact"
2015,"penn st.",8.08432,83,104.853,96.7683,65.0904,1336,"exact"
2015,"pepperdine",6.07719,108,101.591,95.5138,63.0775,1337,"exact"
2015,"pittsburgh",9.02301,76,113.968,104.945,60.0734,1338,"exact"
2015,"portland",4.82735,118,109.238,104.41,63.9813,1339,"exact"
2015,"portland st.",-8.03731,260,102.315,110.352,65.6024,1340,"exact"
2015,"prairie view a&m",-11.8807,301,97.0073,108.888,68.3221,1341,"exact"
2015,"presbyterian",-18.733,329,95.7218,114.455,61.7539,1342,"exact"
2015,"princeton",0.570377,158,106.999,106.429,64.307,1343,"exact"
2015,"providence",17.5673,28,112.954,95.3871,64.8656,1344,"exact"
2015,"purdue",13.9802,46,110.824,96.8436,63.9932,1345,"exact"
2015,"quinnipiac",-1.4188,179,102.332,103.75,66.1126,1346,"exact"
2015,"radford",-2.26312,192,105.559,107.822,63.7122,1347,"exact"
2015,"rhode island",11.9184,59,103.808,91.8899,65.0454,1348,"exact"
2015,"rice",-3.40466,208,101.581,104.985,61.7097,1349,"exact"
2015,"richmond",12.245,58,108.48,96.2354,60.8358,1350,"exact"
2015,"rider",-0.295372,166,100.709,101.004,63.8308,1351,"exact"
2015,"robert morris",-1.54229,183,102.327,103.869,65.0415,1352,"exact"
2015,"rutgers",-2.46838,195,98.2165,100.685,64.6432,1353,"exact"
2015,"south carolina st.",-18.7451,330,89.9186,108.664,63.8117,1354,"exact"
2015,"south dakota st.",5.89143,109,107.222,101.331,65.4889,1355,"exact"
2015,"southern illinois",-5.34901,229,98.0834,103.432,62.011,1356,"exact"
2015,"sacred heart",-6.22592,238,102.906,109.132,68.2226,1357,"exact"
2015,"sam houston st.",7.21341,91,102.39,95.1765,64.5117,1358,"exact"
2015,"samford",-10.7955,294,101.424,112.219,65.9157,1359,"exact"
2015,"san diego",6.88671,95,103.924,97.0372,62.7033,1360,"exact"
2015,"san diego st.",16.2186,32,104.401,88.1829,59.9465,1361,"exact"
2015,"san francisco",2.92878,136,105.622,102.693,65.3331,1362,"exact"
2015,"san jose st.",-24.1955,346,86.0965,110.292,63.5826,1363,"exact"
2015,"uc santa barbara",6.45597,98,108.363,101.907,62.0098,1364,"exact"
2015,"santa clara",-1.35493,177,105.705,107.06,60.8569,1365,"exact"
2015,"savannah st.",-19.8171,340,86.8486,106.666,64.2354,1366,"exact"
2015,"usc upstate",0.0844478,163,104.275,104.191,62.8962,1367,"exact"
2015,"southeastern louisiana",-12.4753,303,95.6637,108.139,65.9167,1368,"exact"
2015,"southeast missouri st.",-6.05914,237,102.06,108.119,65.4427,1369,"manual"
2015,"seattle",-8.35836,264,98.0797,106.438,61.3811,1370,"exact"
2015,"seton hall",8.02713,84,108.785,100.757,65.4902,1371,"exact"
2015,"stephen f. austin",14.0106,44,114.494,100.484,65.2365,1372,"exact"
2015,"siena",-8.6899,273,104.965,113.654,65.8118,1373,"exact"
2015,"smu",18.0372,26,113.524,95.4867,62.8424,1374,"exact"
2015,"south alabama",-11.589,299,100.42,112.009,68.3882,1375,"exact"
2015,"south carolina",11.589,61,105.157,93.568,63.8852,1376,"exact"
2015,"south dakota",-4.77646,224,102.817,107.593,64.9945,1377,"exact"
2015,"south florida",-8.69086,274,98.9278,107.619,63.3948,1378,"exact"
2015,"southern miss",-13.7221,313,96.8595,110.582,61.688,1379,"exact"
2015,"southern",-9.09614,276,93.5629,102.659,64.4297,1380,"exact"
2015,"southern utah",-13.3923,310,98.1139,111.506,67.2456,1381,"exact"
2015,"st. bonaventure",5.40415,114,104.901,99.4965,64.1737,1382,"exact"
2015,"st. francis ny",0.437679,160,102.763,102.325,63.8179,1383,"manual"
2015,"st. john's",14.3233,40,110.125,95.8018,66.1943,1385,"exact"
2015,"saint joseph's",0.464738,159,99.8992,99.4344,63.0593,1386,"exact"
2015,"saint louis",-9.84705,285,95.4758,105.323,62.6244,1387,"exact"
2015,"saint mary's",11.877,60,111.277,99.4001,62.1076,1388,"exact"
2015,"saint peter's",-2.02252,191,99.3685,101.391,59.9205,1389,"exact"
2015,"stanford",13.9238,48,113.395,99.4712,64.4446,1390,"exact"
2015,"stetson",-19.2884,335,96.3548,115.643,65.5448,1391,"exact"
2015,"stony brook",3.31381,130,102.277,98.9634,63.5833,1392,"exact"
2015,"syracuse",12.4333,56,106.237,93.8038,65.5462,1393,"exact"
2015,"texas a&m corpus chris",-5.32475,228,99.645,104.97,62.1247,1394,"manual"
2015,"tcu",13.0316,53,108.624,95.5925,63.303,1395,"exact"
2015,"temple",10.6372,67,103.632,92.9947,64.9747,1396,"exact"
2015,"tennessee",7.33439,90,109.031,101.696,60.192,1397,"exact"
2015,"tennessee st.",-19.3992,337,88.8309,108.23,63.3016,1398,"exact"
2015,"tennessee tech",-7.25578,249,103.594,110.849,65.966,1399,"exact"
2015,"texas",20.1184,20,112.877,92.759,61.7245,1400,"exact"
2015,"texas a&m",13.2347,51,108.617,95.3823,63.2653,1401,"exact"
2015,"texas st.",-5.56251,232,93.0694,98.6319,61.0017,1402,"exact"
2015,"texas tech",1.73539,146,102.111,100.376,61.2571,1403,"exact"
2015,"tennessee martin",-0.83491,172,108.111,108.946,61.154,1404,"manual"
2015,"toledo",7.74376,87,112.949,105.205,66.2619,1405,"exact"
2015,"towson",-8.41954,267,100.488,108.908,60.0338,1406,"exact"
2015,"troy",-10.0776,289,99.1913,109.269,64.4299,1407,"exact"
2015,"tulane",-4.09929,218,99.4835,103.583,62.7277,1408,"exact"
2015,"tulsa",9.35714,75,103.022,93.6653,63.4155,1409,"exact"
2015,"texas pan american",-19.2012,334,92.8731,112.074,63.6664,1410,"manual"
2015,"texas southern",-3.8688,214,103.049,106.918,62.9114,1411,"exact"
2015,"uab",2.82779,138,104.585,101.758,64.4025,1412,"exact"
2015,"uc davis",6.34879,101,111.833,105.484,62.7416,1413,"exact"
2015,"uc irvine",6.85898,96,105.818,98.9592,63.3775,1414,"exact"
2015,"uc riverside",-4.13859,219,98.1155,102.254,65.0455,1415,"exact"
2015,"ucf",-9.2698,279,102.33,111.6,63.7031,1416,"exact"
2015,"ucla",14.1346,42,112.266,98.1315,65.4935,1417,"exact"
2015,"louisiana lafayette",2.81265,139,104.954,102.141,69.5785,1418,"manual"
2015,"umbc",-20.7875,344,88.7564,109.544,64.026,1420,"exact"
2015,"unc asheville",-6.65962,243,101.639,108.299,67.5716,1421,"exact"
2015,"unc greensboro",-9.77019,282,99.2537,109.024,65.4099,1422,"exact"
2015,"unc wilmington",-0.589734,169,100.723,101.312,67.0247,1423,"exact"
2015,"unlv",6.33005,102,107.531,101.201,64.8677,1424,"exact"
2015,"usc",1.30229,153,100.915,99.6123,67.83,1425,"exact"
2015,"ut arlington",-2.71755,197,102.816,105.533,69.3631,1426,"exact"
2015,"utsa",-3.53274,209,105.989,109.522,65.6837,1427,"exact"
2015,"utah",26.9035,8,116.433,89.5299,60.3923,1428,"exact"
2015,"utah st.",4.51037,123,107.09,102.58,63.1771,1429,"exact"
2015,"utah valley",-16.394,321,92.2458,108.64,61.5939,1430,"exact"
2015,"utep",7.16747,92,106.236,99.0688,64.2975,1431,"exact"
2015,"vcu",16.5157,31,110.62,94.1043,66.5049,1433,"exact"
2015,"valparaiso",10.9697,64,106.629,95.6594,62.1996,1434,"exact"
2015,"vanderbilt",14.0696,43,114.282,100.212,62.5421,1435,"exact"
2015,"vermont",4.18026,126,102.546,98.3657,63.1533,1436,"exact"
2015,"villanova",30.9562,4,122.473,91.5163,63.8347,1437,"exact"
2015,"virginia",30.8885,5,115.318,84.4292,57.5332,1438,"exact"
2015,"virginia tech",-1.17262,174,105.579,106.752,63.3644,1439,"exact"
2015,"vmi",-10.794,293,97.9111,108.705,76.2801,1440,"exact"
2015,"western carolina",-5.72387,233,101.367,107.091,65.4704,1441,"exact"
2015,"western illinois",-17.058,324,90.8941,107.952,66.3919,1442,"exact"
2015,"western kentucky",2.36681,143,104.504,102.137,66.0788,1443,"exact"
2015,"western michigan",2.79382,140,108.808,106.014,64.2877,1444,"exact"
2015,"wagner",-12.5591,305,98.3557,110.915,66.9195,1447,"exact"
2015,"wake forest",4.55208,122,105.9,101.348,67.7679,1448,"exact"
2015,"washington",4.92268,117,108.221,103.299,65.0272,1449,"exact"
2015,"washington st.",-1.69761,186,108.587,110.284,66.9109,1450,"exact"
2015,"weber st.",-8.60275,272,99.3117,107.914,62.4999,1451,"exact"
2015,"west virginia",18.7531,23,113.252,94.4993,67.9793,1452,"exact"
2015,"green bay",10.3149,71,104.726,94.411,64.4657,1453,"exact"
2015,"milwaukee",-3.90139,216,102.632,106.533,64.1696,1454,"exact"
2015,"wichita st.",21.6555,15,114.962,93.3065,61.4547,1455,"exact"
2015,"william & mary",5.04481,116,113.211,108.167,63.6177,1456,"exact"
2015,"winthrop",-1.47584,181,103.897,105.372,65.5993,1457,"exact"
2015,"wisconsin",33.5251,2,126.815,93.2904,58.0767,1458,"exact"
2015,"wofford",6.39782,100,104.909,98.5115,60.5424,1459,"exact"
2015,"wright st.",-6.60127,242,98.4787,105.08,62.8111,1460,"exact"
2015,"wyoming",6.40364,99,104.478,98.0741,58.648,1461,"exact"
2015,"xavier",18.6517,24,115.283,96.6313,65.1714,1462,"exact"
2015,"yale",8.69421,81,106.907,98.2132,61.6636,1463,"exact"
2015,"youngstown st.",-9.01827,275,105.463,114.481,66.7636,1464,"exact"
2016,"abilene christian",-15.2506,318,96.7967,112.047,67.7675,1101,"exact"
2016,"air force",-7.03444,244,98.85,105.884,66.8821,1102,"exact"
2016,"akron",8.888,87,110.291,101.403,67.5306,1103,"exact"
2016,"alabama",8.65171,89,105.609,96.9576,64.7681,1104,"exact"
2016,"alabama a&m",-13.3468,304,99.915,113.262,65.1547,1105,"exact"
2016,"alabama st.",-11.5129,287,98.8843,110.397,68.8909,1106,"exact"
2016,"albany",4.18816,124,106.485,102.297,65.9133,1107,"exact"
2016,"alcorn st.",-14.5864,314,97.7322,112.319,65.4116,1108,"exact"
2016,"american",-15.4065,319,91.8119,107.218,61.2437,1110,"exact"
2016,"appalachian st.",-8.23514,259,102.431,110.667,70.2715,1111,"exact"
2016,"arizona",21.8831,16,117.368,95.4851,68.3189,1112,"exact"
2016,"arizona st.",8.77813,88,109.531,100.753,67.8477,1113,"exact"
2016,"arkansas little rock",13.3265,57,108.951,95.6244,63.2633,1114,"manual"
2016,"arkansas pine bluff",-20.6355,344,88.7669,109.402,63.9919,1115,"manual"
2016,"arkansas",10.6782,68,110.55,99.8717,69.627,1116,"exact"
2016,"arkansas st.",-7.59979,254,99.9581,107.558,71.9689,1117,"exact"
2016,"army",-7.26084,251,99.4357,106.697,72.19,1119,"exact"
2016,"auburn",-2.3309,187,101.492,103.823,71.7524,1120,"exact"
2016,"austin peay",-5.09934,219,104.005,109.104,69.3154,1122,"exact"
2016,"ball st.",0.542081,157,102.894,102.352,65.2389,1123,"exact"
2016,"baylor",19.9152,24,118.756,98.8407,66.4547,1124,"exact"
2016,"belmont",3.36572,132,113.09,109.724,71.6503,1125,"exact"
2016,"bethune cookman",-13.8254,308,97.7202,111.546,66.4359,1126,"fuzzy"
2016,"binghamton",-16.3464,325,87.7949,104.141,65.2404,1127,"exact"
2016,"boise st.",8.51478,93,109.319,100.804,69.1764,1129,"exact"
2016,"boston college",-6.04909,234,94.8508,100.9,66.6479,1130,"exact"
2016,"boston university",-6.27518,236,102.398,108.673,69.5708,1131,"exact"
2016,"bowling green",-5.71078,227,100.627,106.338,68.255,1132,"exact"
2016,"bradley",-16.3804,326,86.1627,102.543,66.9592,1133,"exact"
2016,"brown",-9.52452,266,101.981,111.505,70.3169,1135,"exact"
2016,"bryant",-21.6506,346,92.9078,114.558,67.3283,1136,"exact"
2016,"bucknell",-0.918713,173,104.964,105.883,71.1279,1137,"exact"
2016,"buffalo",2.71119,141,105.541,102.83,71.9828,1138,"exact"
2016,"butler",15.8497,39,117.318,101.468,67.7286,1139,"exact"
2016,"byu",13.464,55,112.358,98.8938,73.4091,1140,"exact"
2016,"central michigan",1.16259,154,110.761,109.598,66.4633,1141,"exact"
2016,"cal poly",-3.58196,201,107.276,110.858,66.244,1142,"exact"
2016,"california",19.6396,25,112.902,93.2625,68.0218,1143,"exact"
2016,"campbell",-12.3749,295,100.118,112.493,68.0088,1144,"exact"
2016,"canisius",-5.80843,229,108.107,113.915,67.4669,1145,"exact"
2016,"central arkansas",-15.9271,321,100.663,116.59,71.7067,1146,"exact"
2016,"central connecticut",-26.744,351,92.2989,119.043,66.969,1148,"exact"
2016,"charleston southern",-12.4598,296,99.0301,111.49,68.1397,1149,"exact"
2016,"charlotte",-3.12781,197,105.463,108.591,70.249,1150,"exact"
2016,"chattanooga",7.41784,104,107.156,99.7384,66.1763,1151,"exact"
2016,"chicago st.",-22.1136,347,91.6028,113.716,69.0104,1152,"exact"
2016,"cincinnati",17.1593,31,110.035,92.8755,64.1147,1153,"exact"
2016,"the citadel",-14.1525,310,102.898,117.051,80.07,1154,"exact"
2016,"clemson",13.9734,49,112.915,98.9417,63.6755,1155,"exact"
2016,"cleveland st.",-11.9626,292,91.3311,103.294,63.7371,1156,"exact"
2016,"coastal carolina",-0.13441,165,103.851,103.986,66.4012,1157,"exact"
2016,"college of charleston",4.29825,120,98.3595,94.0612,63.7571,1158,"exact"
2016,"colgate",-7.8736,256,103.627,111.501,64.8215,1159,"exact"
2016,"colorado",13.5905,54,108.785,95.1948,68.9529,1160,"exact"
2016,"colorado st.",1.98501,147,112.129,110.144,68.0718,1161,"exact"
2016,"columbia",4.54377,118,111.788,107.244,64.7558,1162,"exact"
2016,"connecticut",18.752,27,111.651,92.899,65.7403,1163,"exact"
2016,"coppin st.",-16.9532,333,95.7437,112.697,69.8318,1164,"exact"
2016,"cornell",-10.5648,279,97.8607,108.425,72.6557,1165,"exact"
2016,"creighton",14.0678,48,112.386,98.3178,70.106,1166,"exact"
2016,"cal st. bakersfield",6.49871,107,103.37,96.8714,67.6197,1167,"manual"
2016,"cal st. fullerton",-8.80499,263,101.452,110.257,68.6349,1168,"exact"
2016,"cal st. northridge",-6.46087,237,100.615,107.075,70.3584,1169,"exact"
2016,"sacramento st.",-9.99367,272,98.6487,108.642,68.38,1170,"exact"
2016,"dartmouth",-6.1591,235,99.0809,105.24,67.4478,1171,"exact"
2016,"davidson",6.35603,109,114.265,107.909,70.154,1172,"exact"
2016,"dayton",13.3434,56,106.934,93.5907,67.8498,1173,"exact"
2016,"delaware",-10.2273,274,101.285,111.512,67.3621,1174,"exact"
2016,"delaware st.",-24.5519,350,88.3457,112.898,66.1057,1175,"exact"
2016,"denver",-2.808,195,102.826,105.634,60.7962,1176,"exact"
2016,"depaul",-2.60128,191,103.802,106.404,66.8407,1177,"exact"
2016,"detroit",-0.998863,175,110.203,111.202,73.6344,1178,"exact"
2016,"drake",-8.99226,264,103.664,112.656,65.3827,1179,"exact"
2016,"drexel",-6.99854,243,99.4084,106.407,64.421,1180,"exact"
2016,"duke",22.0532,14,121.786,99.7328,67.5008,1181,"exact"
2016,"duquesne",0.409197,159,106.075,105.665,72.5555,1182,"exact"
2016,"eastern illinois",-9.45003,265,100.249,109.699,67.1452,1183,"exact"
2016,"eastern kentucky",-3.58823,202,107.204,110.793,72.1201,1184,"exact"
2016,"eastern michigan",1.37971,152,106.507,105.128,70.3291,1185,"exact"
2016,"eastern washington",-3.18894,198,111.453,114.642,68.8342,1186,"exact"
2016,"east carolina",-2.68492,194,103.034,105.719,67.0916,1187,"exact"
2016,"siu edwardsville",-14.5658,313,94.8851,109.451,66.1066,1188,"exact"
2016,"elon",0.273112,161,106.359,106.086,71.0745,1189,"exact"
2016,"east tennessee st.",1.59209,149,108.064,106.472,68.956,1190,"exact"
2016,"evansville",10.1105,75,107.824,97.7139,68.5669,1191,"exact"
2016,"fairleigh dickinson",-9.74686,270,104.836,114.583,71.1346,1192,"exact"
2016,"fairfield",-2.62319,193,104.729,107.352,71.1806,1193,"exact"
2016,"florida atlantic",-12.6911,298,95.3893,108.08,67.4506,1194,"exact"
2016,"florida gulf coast",-1.39023,179,102.917,104.307,66.5831,1195,"exact"
2016,"florida",15.9988,36,109.425,93.4261,69.0396,1196,"exact"
2016,"florida a&m",-24.4227,349,83.558,107.981,69.3587,1197,"exact"
2016,"fiu",-5.9626,233,102.822,108.785,65.2363,1198,"exact"
2016,"florida st.",14.1365,46,112.951,98.8149,71.4324,1199,"exact"
2016,"fordham",0.30505,160,102.509,102.204,66.3211,1200,"exact"
2016,"fresno st.",6.69862,106,107.084,100.385,68.9375,1201,"exact"
2016,"furman",-0.188725,166,105.631,105.82,64.8368,1202,"exact"
2016,"george washington",10.6658,69,112.685,102.02,65.896,1203,"exact"
2016,"georgia southern",-4.37374,209,104.658,109.031,68.5868,1204,"exact"
2016,"gardner webb",-5.56134,225,100.554,106.115,69.0079,1205,"exact"
2016,"george mason",-3.62954,203,101.087,104.717,67.7398,1206,"exact"
2016,"georgetown",10.6461,70,110.629,99.9833,67.8154,1207,"exact"
2016,"georgia",10.9449,67,107.252,96.3067,67.0982,1208,"exact"
2016,"georgia st.",-1.60331,182,99.4969,101.1,64.7839,1209,"exact"
2016,"georgia tech",12.5257,59,112.551,100.025,67.1515,1210,"exact"
2016,"gonzaga",19.2756,26,116.44,97.1644,67.1988,1211,"exact"
2016,"grambling st.",-21.3094,345,88.1646,109.474,65.7197,1212,"exact"
2016,"grand canyon",4.25768,121,105.553,101.295,69.0507,1213,"exact"
2016,"hampton",-6.80879,241,99.7519,106.561,71.2725,1214,"exact"
2016,"hartford",-16.132,323,99.4112,115.543,69.1441,1216,"exact"
2016,"harvard",-0.923347,174,99.9854,100.909,65.8867,1217,"exact"
2016,"hawaii",11.736,63,108.243,96.5071,70.5206,1218,"exact"
2016,"high point",2.53686,142,110.522,107.985,66.1682,1219,"exact"
2016,"hofstra",8.30224,96,111.202,102.9,69.2688,1220,"exact"
2016,"holy cross",-11.4879,286,97.0369,108.525,63.6033,1221,"exact"
2016,"houston",12.6198,58,116.884,104.264,66.2536,1222,"exact"
2016,"houston baptist",-10.5876,280,101.959,112.546,70.0591,1223,"exact"
2016,"howard",-16.4475,328,93.3384,109.786,70.3708,1224,"exact"
2016,"idaho",-4.39829,210,98.4475,102.846,65.6666,1225,"exact"
2016,"idaho st.",-9.73852,269,99.0034,108.742,70.0284,1226,"exact"
2016,"illinois chicago",-18.0039,335,89.4892,107.493,71.5829,1227,"manual"
2016,"illinois",4.15141,125,106.74,102.588,67.9878,1228,"exact"
2016,"illinois st.",4.20887,123,103.538,99.3289,67.152,1229,"exact"
2016,"incarnate word",-7.04986,245,101.839,108.889,67.1401,1230,"exact"
2016,"indiana",22.7957,12,120.855,98.0589,67.7325,1231,"exact"
2016,"indiana st.",-0.809287,171,98.9046,99.7138,70.1348,1232,"exact"
2016,"iona",7.8333,99,110.602,102.768,71.7927,1233,"exact"
2016,"iowa",21.3563,19,116.298,94.9421,68.812,1234,"exact"
2016,"iowa st.",21.0754,21,121.033,99.9576,71.0322,1235,"exact"
2016,"ipfw",3.77471,129,112.102,108.327,69.2705,1236,"exact"
2016,"iupui",-4.08023,207,99.6846,103.765,68.4163,1237,"exact"
2016,"jackson st.",-6.9299,242,94.7581,101.688,67.6159,1238,"exact"
2016,"jacksonville",-10.0855,273,99.7287,109.814,70.409,1239,"exact"
2016,"jacksonville st.",-12.5679,297,98.2033,110.771,64.8996,1240,"exact"
2016,"james madison",8.57153,90,107.904,99.3324,66.789,1241,"exact"
2016,"kansas",29.804,1,120.379,90.575,68.811,1242,"exact"
2016,"kansas st.",13.8438,50,108.814,94.9698,66.6497,1243,"exact"
2016,"kennesaw st.",-8.7114,262,101.258,109.97,68.5609,1244,"exact"
2016,"kent st.",-1.28595,178,106.129,107.414,67.1955,1245,"exact"
2016,"kentucky",25.1996,7,122.508,97.3082,66.9955,1246,"exact"
2016,"la salle",-9.64909,267,98.8234,108.473,66.2193,1247,"exact"
2016,"lafayette",-16.5194,330,99.2551,115.775,69.3269,1248,"exact"
2016,"lamar",-15.4635,320,97.0453,112.509,71.9158,1249,"exact"
2016,"lehigh",-2.82112,196,104.554,107.375,67.7913,1250,"exact"
2016,"liberty",-11.7059,289,98.7195,110.425,63.0786,1251,"exact"
2016,"lipscomb",-10.2811,275,101.162,111.443,72.7498,1252,"exact"
2016,"long beach st.",6.46633,108,107.533,101.067,69.7471,1253,"exact"
2016,"liu brooklyn",-11.6815,288,99.9017,111.583,72.2357,1254,"exact"
2016,"longwood",-12.1752,293,100.356,112.531,69.1651,1255,"exact"
2016,"louisiana tech",0.753882,156,104.659,103.905,71.0179,1256,"exact"
2016,"louisville",24.3155,10,113.035,88.7196,66.0679,1257,"exact"
2016,"loyola marymount",-5.20839,222,103.314,108.522,67.4954,1258,"exact"
2016,"loyola md",-11.7755,290,100.503,112.278,66.6236,1259,"exact"
2016,"loyola chicago",-2.21211,186,99.5001,101.712,64.9253,1260,"exact"
2016,"lsu",9.78315,79,111.728,101.944,72.2566,1261,"exact"
2016,"umass lowell",-15.1804,317,100.179,115.36,73.1602,1262,"exact"
2016,"maine",-18.3533,336,95.9281,114.281,76.8506,1263,"exact"
2016,"manhattan",-7.24286,250,98.8077,106.051,67.93,1264,"exact"
2016,"marist",-13.4743,305,102.011,115.485,68.0925,1265,"exact"
2016,"marquette",7.02679,105,107.265,100.238,70.033,1266,"exact"
2016,"marshall",1.58054,150,110.661,109.081,77.2428,1267,"exact"
2016,"maryland",20.7136,22,116.294,95.5806,67.2907,1268,"exact"
2016,"massachusetts",-0.635812,169,102.457,103.093,70.708,1269,"exact"
2016,"mcneese st.",-16.3887,327,97.6178,114.007,67.9497,1270,"exact"
2016,"maryland eastern shore",-15.1543,316,98.2912,113.446,67.1657,1271,"exact"
2016,"memphis",10.2096,73,107.356,97.1467,73.348,1272,"exact"
2016,"mercer",-1.11038,177,106.237,107.348,63.2147,1273,"exact"
2016,"miami fl",22.848,11,118.848,95.9995,65.897,1274,"exact"
2016,"miami oh",-7.19017,248,97.129,104.319,64.2789,1275,"exact"
2016,"michigan",14.5538,44,115.094,100.54,65.9134,1276,"exact"
2016,"michigan st.",29.6807,2,123.022,93.3408,66.3201,1277,"exact"
2016,"minnesota",-2.55052,189,101.325,103.875,68.4034,1278,"exact"
2016,"mississippi",10.0368,77,111.686,101.65,68.5036,1279,"exact"
2016,"mississippi st.",9.882,78,110.006,100.124,69.2753,1280,"exact"
2016,"missouri",0.464602,158,104.657,104.193,67.9789,1281,"exact"
2016,"umkc",-7.36534,252,103.021,110.386,66.2932,1282,"exact"
2016,"missouri st.",-5.76238,228,99.931,105.693,68.8639,1283,"exact"
2016,"monmouth",9.40398,81,107.515,98.1107,72.7279,1284,"exact"
2016,"montana",2.33195,144,106.185,103.853,65.3241,1285,"exact"
2016,"montana st.",-7.21708,249,106.328,113.545,68.4755,1286,"exact"
2016,"morehead st.",2.77631,139,104.868,102.092,64.6583,1287,"exact"
2016,"morgan st.",-13.3294,302,94.8161,108.145,69.067,1288,"exact"
2016,"mississippi valley st.",-19.3529,340,91.2715,110.624,71.0862,1290,"manual"
2016,"mount st. mary's",-8.6426,261,93.4669,102.109,68.4838,1291,"exact"
2016,"middle tennessee",3.93408,128,103.144,99.21,67.5556,1292,"exact"
2016,"murray st.",-0.287092,168,106.073,106.36,64.3364,1293,"exact"
2016,"northern colorado",-14.5408,312,103.22,117.761,68.2369,1294,"exact"
2016,"north dakota st.",2.18725,146,101.74,99.5525,64.435,1295,"exact"
2016,"northern illinois",0.112749,163,101.488,101.375,67.8339,1296,"exact"
2016,"northern kentucky",-7.78077,255,100.336,108.117,67.2371,1297,"exact"
2016,"navy",-3.69033,204,99.1249,102.815,64.8007,1298,"exact"
2016,"north carolina a&t",-18.8958,338,95.493,114.389,67.5452,1299,"exact"
2016,"north carolina central",-13.1139,301,98.0771,111.191,65.8746,1300,"exact"
2016,"nc state",10.1675,74,113.811,103.643,67.5541,1301,"exact"
2016,"nebraska omaha",2.23502,145,108.814,106.579,75.7562,1303,"exact"
2016,"nebraska",8.92586,85,110.224,101.298,67.0807,1304,"exact"
2016,"nevada",2.90683,137,99.4286,96.5218,71.0492,1305,"exact"
2016,"new hampshire",-7.12571,246,99.545,106.671,67.1261,1306,"exact"
2016,"new mexico",4.91296,116,108.209,103.296,70.8727,1307,"exact"
2016,"new mexico st.",5.67495,111,103.135,97.4598,65.2274,1308,"exact"
2016,"new orleans",-15.0236,315,96.1529,111.177,72.1423,1309,"exact"
2016,"niagara",-13.7512,306,94.0245,107.776,65.6603,1310,"exact"
2016,"nicholls st.",-16.6854,332,91.9472,108.633,68.2879,1311,"exact"
2016,"njit",-4.60227,212,101.97,106.573,69.153,1312,"exact"
2016,"norfolk st.",-6.68516,240,105.927,112.612,67.6565,1313,"exact"
2016,"north carolina",28.0379,4,121.139,93.1009,71.0747,1314,"exact"
2016,"north dakota",-3.47041,200,98.7371,102.207,71.5595,1315,"exact"
2016,"north florida",-0.743464,170,113.956,114.699,70.1271,1316,"exact"
2016,"north texas",-12.2121,294,100.402,112.614,69.6924,1317,"exact"
2016,"northeastern",3.50382,130,106.897,103.393,65.1741,1318,"exact"
2016,"northern arizona",-20.4898,343,92.3473,112.837,70.2097,1319,"exact"
2016,"northern iowa",10.0945,76,108.298,98.2039,62.3968,1320,"exact"
2016,"northwestern",11.2472,65,110.971,99.7238,63.5759,1321,"exact"
2016,"northwestern st.",-16.5962,331,101.291,117.888,73.702,1322,"exact"
2016,"notre dame",15.9813,37,119.69,103.709,64.933,1323,"exact"
2016,"oakland",8.56678,91,115.936,107.369,73.4646,1324,"exact"
2016,"ohio",3.21586,135,111.381,108.166,69.3705,1325,"exact"
2016,"ohio st.",10.5728,71,107.068,96.4951,67.6974,1326,"exact"
2016,"oklahoma",24.849,8,117.285,92.4357,69.8681,1328,"exact"
2016,"oklahoma st.",8.15872,97,106.366,98.2077,63.9046,1329,"exact"
2016,"old dominion",5.79582,110,106.29,100.494,61.2725,1330,"exact"
2016,"oral roberts",-0.914996,172,107.494,108.409,68.7771,1331,"exact"
2016,"oregon",22.7847,13,119.63,96.8455,68.0532,1332,"exact"
2016,"oregon st.",12.4371,60,110.836,98.3992,67.1452,1333,"exact"
2016,"pacific",-5.6937,226,100.313,106.007,66.4425,1334,"exact"
2016,"penn",-7.90942,257,99.7192,107.629,67.6921,1335,"exact"
2016,"penn st.",2.79937,138,103.25,100.45,66.0543,1336,"exact"
2016,"pepperdine",3.35195,134,106.118,102.766,67.4081,1337,"exact"
2016,"pittsburgh",16.2013,35,115.484,99.2827,65.557,1338,"exact"
2016,"portland",-4.08296,208,106.708,110.791,71.7354,1339,"exact"
2016,"portland st.",-8.23143,258,101.966,110.198,71.9751,1340,"exact"
2016,"prairie view a&m",-18.5692,337,88.7886,107.358,68.5633,1341,"exact"
2016,"presbyterian",-16.1292,322,93.5672,109.696,67.1591,1342,"exact"
2016,"princeton",10.5315,72,112.043,101.512,68.5471,1343,"exact"
2016,"providence",13.5932,53,109.321,95.7275,68.4903,1344,"exact"
2016,"purdue",24.5939,9,117,92.4061,67.5995,1345,"exact"
2016,"quinnipiac",-11.3875,285,91.8495,103.237,68.4958,1346,"exact"
2016,"radford",-4.87682,216,104.17,109.047,65.7466,1347,"exact"
2016,"rhode island",9.17293,84,108.048,98.8753,64.3585,1348,"exact"
2016,"rice",-10.3879,276,105.277,115.665,69.7035,1349,"exact"
2016,"richmond",7.42359,103,113.278,105.854,67.9974,1350,"exact"
2016,"rider",-4.84247,214,99.3348,104.177,64.2917,1351,"exact"
2016,"robert morris",-13.3419,303,91.6267,104.969,67.7745,1352,"exact"
2016,"rutgers",-10.5151,277,97.2474,107.763,70.3112,1353,"exact"
2016,"south carolina st.",-9.71297,268,103.199,112.912,67.2697,1354,"exact"
2016,"south dakota st.",9.58182,80,110.826,101.245,68.2819,1355,"exact"
2016,"southern illinois",2.35123,143,106.741,104.39,69.2534,1356,"exact"
2016,"sacred heart",-12.9679,299,99.4007,112.369,71.2142,1357,"exact"
2016,"sam houston st.",-4.06221,206,102.102,106.164,66.9918,1358,"exact"
2016,"samford",-4.8877,217,102.853,107.741,67.9705,1359,"exact"
2016,"san diego",-9.8182,271,93.6076,103.426,66.0513,1360,"exact"
2016,"san diego st.",14.0944,47,104.472,90.3774,64.7287,1361,"exact"
2016,"san francisco",-3.74357,205,107.065,110.809,70.4361,1362,"exact"
2016,"san jose st.",-7.59058,253,96.9243,104.515,69.439,1363,"exact"
2016,"uc santa barbara",7.72877,100,107.069,99.3399,66.6704,1364,"exact"
2016,"santa clara",-7.17169,247,101.455,108.626,65.4785,1365,"exact"
2016,"savannah st.",-16.5077,329,87.1947,103.702,65.8087,1366,"exact"
2016,"usc upstate",-16.1669,324,100.217,116.384,66.1682,1367,"exact"
2016,"southeastern louisiana",-14.4522,311,97.7252,112.177,67.947,1368,"exact"
2016,"southeast missouri st.",-19.3669,341,90.9312,110.298,70.7378,1369,"manual"
2016,"seattle",-11.8184,291,94.6016,106.42,65.4276,1370,"exact"
2016,"seton hall",17.6691,30,111.433,93.7641,69.4734,1371,"exact"
2016,"stephen f. austin",14.405,45,111.339,96.9336,67.4268,1372,"exact"
2016,"siena",4.55686,117,108.274,103.717,69.7553,1373,"exact"
2016,"smu",22.0412,15,119.059,97.0181,65.7467,1374,"exact"
2016,"south alabama",-8.37235,260,95.5226,103.895,69.5614,1375,"exact"
2016,"south carolina",13.6796,52,108.631,94.9517,70.2173,1376,"exact"
2016,"south dakota",-4.84989,215,105.856,110.706,70.4987,1377,"exact"
2016,"south florida",-6.59743,239,97.9789,104.576,66.6528,1378,"exact"
2016,"southern miss",-14.1269,309,96.133,110.26,63.3063,1379,"exact"
2016,"southern",-5.31079,223,100.906,106.217,68.9507,1380,"exact"
2016,"southern utah",-20.1835,342,98.0766,118.26,68.1283,1381,"exact"
2016,"st. bonaventure",9.2243,83,113.503,104.279,67.9141,1382,"exact"
2016,"st. francis ny",-11.1763,284,93.6959,104.872,65.7872,1383,"manual"
2016,"st. john's",-5.31482,224,97.0555,102.37,72.0267,1385,"exact"
2016,"saint joseph's",14.6358,43,113.435,98.7988,70.3117,1386,"exact"
2016,"saint louis",-5.95427,232,96.5068,102.461,69.0486,1387,"exact"
2016,"saint mary's",17.8932,29,118.599,100.706,61.4817,1388,"exact"
2016,"saint peter's",-4.75846,213,96.6852,101.444,64.4671,1389,"exact"
2016,"stanford",7.92768,98,107.964,100.036,65.719,1390,"exact"
2016,"stetson",-10.6872,281,103.514,114.201,70.5148,1391,"exact"
2016,"stony brook",8.53773,92,107.481,98.9433,66.9582,1392,"exact"
2016,"syracuse",15.8501,38,111.357,95.507,64.9033,1393,"exact"
2016,"texas a&m corpus chris",0.0477367,164,102.28,102.232,68.4216,1394,"manual"
2016,"tcu",3.49943,131,101.543,98.0437,69.5269,1395,"exact"
2016,"temple",8.34785,95,106.619,98.2712,65.9852,1396,"exact"
2016,"tennessee",7.45703,102,110.739,103.282,68.8282,1397,"exact"
2016,"tennessee st.",0.186177,162,102.024,101.838,67.9651,1398,"exact"
2016,"tennessee tech",-2.57337,190,108.362,110.935,69.359,1399,"exact"
2016,"texas",17.1061,32,112.821,95.7146,65.1637,1400,"exact"
2016,"texas a&m",21.8057,17,114.159,92.3528,66.5488,1401,"exact"
2016,"texas st.",-4.50269,211,99.1327,103.635,63.5,1402,"exact"
2016,"texas tech",14.7244,42,113.846,99.1212,65.9989,1403,"exact"
2016,"tennessee martin",-5.11982,220,104.29,109.41,66.3158,1404,"manual"
2016,"toledo",4.02583,126,108.308,104.282,68.8439,1405,"exact"
2016,"towson",1.55317,151,105.746,104.193,65.3894,1406,"exact"
2016,"troy",-10.7844,282,97.9773,108.762,68.3071,1407,"exact"
2016,"tulane",-3.38707,199,97.6659,101.053,67.5682,1408,"exact"
2016,"tulsa",11.788,62,111.352,99.564,68.4348,1409,"exact"
2016,"ut rio grande valley",-22.2179,348,94.8365,117.054,67.4267,1410,"manual"
2016,"texas southern",-1.53055,180,106.451,107.981,67.6175,1411,"exact"
2016,"uab",5.1398,112,108.719,103.579,68.0854,1412,"exact"
2016,"uc davis",-6.53072,238,93.5265,100.057,65.9154,1413,"exact"
2016,"uc irvine",8.4958,94,106.321,97.8252,67.0223,1414,"exact"
2016,"uc riverside",-5.914,231,99.834,105.748,67.0406,1415,"exact"
2016,"ucf",-1.9888,185,101.766,103.755,67.8517,1416,"exact"
2016,"ucla",11.1017,66,112.605,101.503,69.4847,1417,"exact"
2016,"louisiana lafayette",5.01461,114,110.054,105.04,70.1544,1418,"manual"
2016,"umbc",-17.9178,334,99.5228,117.441,69.5014,1420,"exact"
2016,"unc asheville",4.21193,122,103.529,99.3166,70.1811,1421,"exact"
2016,"unc greensboro",-4.91831,218,103.206,108.125,67.5106,1422,"exact"
2016,"unc wilmington",9.25855,82,110.051,100.792,70.1618,1423,"exact"
2016,"unlv",4.95784,115,103.134,98.1761,72.997,1424,"exact"
2016,"usc",14.7848,41,113.901,99.116,71.1914,1425,"exact"
2016,"ut arlington",7.62775,101,107.169,99.5414,72.3867,1426,"exact"
2016,"utsa",-19.2168,339,97.529,116.746,71.4049,1427,"exact"
2016,"utah",18.1129,28,115.673,97.5601,65.2107,1428,"exact"
2016,"utah st.",3.06593,136,110.972,107.906,66.9474,1429,"exact"
2016,"utah valley",-10.5525,278,99.3739,109.926,74.1103,1430,"exact"
2016,"utep",-5.14085,221,102.234,107.375,71.5947,1431,"exact"
2016,"vcu",16.2152,34,110.984,94.769,69.4498,1433,"exact"
2016,"valparaiso",15.3837,40,107.747,92.3632,66.2795,1434,"exact"
2016,"vanderbilt",19.9195,23,114.458,94.5381,67.7217,1435,"exact"
2016,"vermont",1.02983,155,107.681,106.651,67.1121,1436,"exact"
2016,"villanova",26.7471,5,118.299,91.552,66.5578,1437,"exact"
2016,"virginia",29.0952,3,120.224,91.1288,60.6947,1438,"exact"
2016,"virginia tech",11.3196,64,110.235,98.9151,69.4076,1439,"exact"
2016,"vmi",-13.7705,307,96.8356,110.606,68.6997,1440,"exact"
2016,"western carolina",-2.60959,192,101.571,104.18,68.7764,1441,"exact"
2016,"western illinois",-5.84778,230,100.956,106.804,67.7137,1442,"exact"
2016,"western kentucky",-1.04498,176,108.224,109.269,66.9884,1443,"exact"
2016,"western michigan",-1.53333,181,103.49,105.024,68.0524,1444,"exact"
2016,"wagner",-2.4708,188,100.156,102.627,65.6734,1447,"exact"
2016,"wake forest",4.45593,119,106.784,102.328,71.3526,1448,"exact"
2016,"washington",12.1847,61,109.687,97.5025,76.8301,1449,"exact"
2016,"washington st.",-1.75953,183,103.697,105.456,68.7435,1450,"exact"
2016,"weber st.",2.74146,140,103.593,100.851,66.9958,1451,"exact"
2016,"west virginia",25.9146,6,116.39,90.4754,69.3697,1452,"exact"
2016,"green bay",3.98885,127,108.225,104.236,76.1219,1453,"exact"
2016,"milwaukee",5.08468,113,112.092,107.007,65.8714,1454,"exact"
2016,"wichita st.",21.1508,20,111.743,90.5918,65.8499,1455,"exact"
2016,"william & mary",8.88963,86,113.14,104.251,68.3011,1456,"exact"
2016,"winthrop",1.1778,153,108.341,107.164,72.7026,1457,"exact"
2016,"wisconsin",16.3651,33,111.769,95.4038,63.2633,1458,"exact"
2016,"wofford",-1.89945,184,106.068,107.967,65.2635,1459,"exact"
2016,"wright st.",1.85951,148,100.948,99.0883,65.0984,1460,"exact"
2016,"wyoming",-0.28387,167,108.177,108.461,64.5978,1461,"exact"
2016,"xavier",21.71,18,117.096,95.3858,71.9214,1462,"exact"
2016,"yale",13.8265,51,109.51,95.6837,65.9753,1463,"exact"
2016,"youngstown st.",-10.8362,283,102.826,113.662,72.4042,1464,"exact"
2017,"abilene christian",-12.053,300,96.7143,108.767,65.7352,1101,"exact"
2017,"air force",-5.44277,224,104.144,109.587,66.9261,1102,"exact"
2017,"akron",5.92696,99,112.886,106.959,65.5453,1103,"exact"
2017,"alabama",13.4889,54,105.461,91.9717,64.9821,1104,"exact"
2017,"alabama a&m",-30.2128,351,91.4217,121.635,64.2149,1105,"exact"
2017,"alabama st.",-21.5536,342,91.1121,112.666,68.3056,1106,"exact"
2017,"albany",3.11804,127,107.774,104.656,64.0972,1107,"exact"
2017,"alcorn st.",-10.3648,280,95.4874,105.852,67.6736,1108,"exact"
2017,"american",-13.2873,308,94.8585,108.146,64.2375,1110,"exact"
2017,"appalachian st.",-9.11605,268,99.6286,108.745,70.4649,1111,"exact"
2017,"arizona",22.7427,19,117.585,94.8418,65.6678,1112,"exact"
2017,"arizona st.",2.60372,131,111.844,109.24,69.8814,1113,"exact"
2017,"little rock",-6.601,240,98.3263,104.927,63.1728,1114,"exact"
2017,"arkansas pine bluff",-25.201,348,85.6539,110.855,67.4936,1115,"manual"
2017,"arkansas",15.5987,38,116.639,101.04,69.4151,1116,"exact"
2017,"arkansas st.",3.29373,123,106.403,103.11,67.2191,1117,"exact"
2017,"army",-6.43556,239,98.3817,104.817,71.2619,1119,"exact"
2017,"auburn",8.27424,83,111.72,103.446,73.5005,1120,"exact"
2017,"austin peay",-11.0841,288,106.062,117.146,69.8971,1122,"exact"
2017,"ball st.",-0.471208,176,104.729,105.2,70.83,1123,"exact"
2017,"baylor",25.0078,13,117.289,92.281,63.0844,1124,"exact"
2017,"belmont",7.60241,85,110.428,102.825,67.9084,1125,"exact"
2017,"bethune cookman",-20.21,340,95.0609,115.271,68.1729,1126,"fuzzy"
2017,"binghamton",-13.684,312,96.203,109.887,65.8573,1127,"exact"
2017,"boise st.",6.50858,95,109.629,103.12,69.3293,1129,"exact"
2017,"boston college",0.421257,160,104.325,103.904,71.0404,1130,"exact"
2017,"boston university",-2.08188,193,101.362,103.444,69.5645,1131,"exact"
2017,"bowling green",-7.20801,248,100.034,107.242,69.8834,1132,"exact"
2017,"bradley",-4.30575,215,98.3675,102.673,67.522,1133,"exact"
2017,"brown",-9.82258,277,104.083,113.905,71.1135,1135,"exact"
2017,"bryant",-10.3794,281,101.615,111.995,69.0033,1136,"exact"
2017,"bucknell",8.71601,80,109.074,100.358,69.6888,1137,"exact"
2017,"buffalo",3.11189,128,105.274,102.162,71.2767,1138,"exact"
2017,"butler",20.9097,26,117.971,97.0613,65.3305,1139,"exact"
2017,"byu",9.68343,74,109.066,99.3826,75.3079,1140,"exact"
2017,"central michigan",-6.02561,230,111.557,117.582,75.2279,1141,"exact"
2017,"cal poly",-13.1776,307,99.833,113.011,65.2888,1142,"exact"
2017,"california",12.7162,58,104.846,92.1302,65.3239,1143,"exact"
2017,"campbell",-11.3574,291,99.2588,110.616,65.4274,1144,"exact"
2017,"canisius",-1.62597,191,108.35,109.976,69.5641,1145,"exact"
2017,"central arkansas",-13.5046,311,103.984,117.489,70.9455,1146,"exact"
2017,"central connecticut",-21.0873,341,92.8567,113.944,64.8126,1148,"exact"
2017,"charleston southern",-13.403,309,103.253,116.656,68.1431,1149,"exact"
2017,"charlotte",-6.28251,235,103.102,109.384,72.6471,1150,"exact"
2017,"chattanooga",4.5883,113,106.657,102.069,65.3898,1151,"exact"
2017,"chicago st.",-19.3781,336,91.9076,111.286,66.9857,1152,"exact"
2017,"cincinnati",22.3165,22,114.215,91.8982,63.7687,1153,"exact"
2017,"the citadel",-10.7417,286,105.592,116.334,79.6777,1154,"exact"
2017,"clemson",15.8878,35,115.903,100.015,66.2751,1155,"exact"
2017,"cleveland st.",-6.80863,243,96.3652,103.174,65.3167,1156,"exact"
2017,"coastal carolina",-2.78741,200,102.466,105.253,67.8916,1157,"exact"
2017,"college of charleston",7.50912,86,105.854,98.3449,64.1382,1158,"exact"
2017,"colgate",-9.13005,269,98.5384,107.668,64.9715,1159,"exact"
2017,"colorado",10.2105,72,111.929,101.718,67.6559,1160,"exact"
2017,"colorado st.",8.47805,81,108.324,99.846,66.0585,1161,"exact"
2017,"columbia",-6.1952,232,100.985,107.18,68.7622,1162,"exact"
2017,"connecticut",6.73137,93,105.362,98.6309,64.8976,1163,"exact"
2017,"coppin st.",-21.7467,343,93.6657,115.412,68.6931,1164,"exact"
2017,"cornell",-8.67358,263,99.6715,108.345,69.5643,1165,"exact"
2017,"creighton",19.5902,27,115.639,96.0487,70.8829,1166,"exact"
2017,"cal st. bakersfield",4.53188,115,97.9547,93.4228,66.2841,1167,"manual"
2017,"cal st. fullerton",-8.54552,262,96.9018,105.447,68.4557,1168,"exact"
2017,"cal st. northridge",-10.5935,284,104.006,114.6,72.6328,1169,"exact"
2017,"sacramento st.",-11.4828,294,100.81,112.293,65.4315,1170,"exact"
2017,"dartmouth",-12.9633,305,99.1684,112.132,67.2934,1171,"exact"
2017,"davidson",7.81452,84,108.467,100.653,68.3537,1172,"exact"
2017,"dayton",15.6735,36,112.3,96.6262,68.5788,1173,"exact"
2017,"delaware",-11.0879,289,97.317,108.405,64.7293,1174,"exact"
2017,"delaware st.",-19.855,339,94.2467,114.102,65.6551,1175,"exact"
2017,"denver",-1.53764,189,107.558,109.096,66.6617,1176,"exact"
2017,"depaul",-1.02928,183,103.443,104.472,67.5355,1177,"exact"
2017,"detroit",-12.3278,302,102.197,114.525,72.5376,1178,"exact"
2017,"drake",-8.18788,260,102.886,111.074,69.5144,1179,"exact"
2017,"drexel",-7.15902,247,102.85,110.009,70.2154,1180,"exact"
2017,"duke",25.0887,12,120.988,95.8991,67.9699,1181,"exact"
2017,"duquesne",-5.19614,221,101.892,107.088,69.952,1182,"exact"
2017,"eastern illinois",-4.85832,219,100.072,104.931,68.4805,1183,"exact"
2017,"eastern kentucky",-9.47048,274,98.369,107.839,67.4467,1184,"exact"
2017,"eastern michigan",1.24215,148,105.999,104.757,68.0465,1185,"exact"
2017,"eastern washington",-1.41757,188,108.701,110.118,66.7291,1186,"exact"
2017,"east carolina",-1.18178,184,97.0692,98.251,66.8068,1187,"exact"
2017,"siu edwardsville",-14.1426,318,94.971,109.114,69.121,1188,"exact"
2017,"elon",2.21349,135,104.323,102.109,67.689,1189,"exact"
2017,"east tennessee st.",11.4836,64,107.974,96.4902,70.0234,1190,"exact"
2017,"evansville",0.885573,155,104.102,103.216,66.6464,1191,"exact"
2017,"fairleigh dickinson",-8.97932,266,102.935,111.915,68.9066,1192,"exact"
2017,"fairfield",-3.56282,206,99.258,102.821,68.9391,1193,"exact"
2017,"florida atlantic",-9.30509,272,98.4897,107.795,68.8017,1194,"exact"
2017,"florida gulf coast",5.016,108,109.563,104.547,65.2507,1195,"exact"
2017,"florida",26.3891,9,115.851,89.4618,68.8208,1196,"exact"
2017,"florida a&m",-22.343,344,93.6301,115.973,69.1391,1197,"exact"
2017,"fiu",-9.63691,276,102.876,112.513,64.8587,1198,"exact"
2017,"florida st.",22.7426,20,116.738,93.9951,70.7622,1199,"exact"
2017,"fordham",-2.94574,201,96.9756,99.9214,64.1672,1200,"exact"
2017,"fresno st.",5.91186,100,104.855,98.9428,68.2824,1201,"exact"
2017,"furman",5.30675,106,107.279,101.972,65.4669,1202,"exact"
2017,"george washington",3.17548,125,108.224,105.048,65.5363,1203,"exact"
2017,"georgia southern",-0.237753,172,106.541,106.779,68.6543,1204,"exact"
2017,"gardner webb",-0.693269,180,102.747,103.44,70.6984,1205,"exact"
2017,"george mason",4.57872,114,108.555,103.977,68.4538,1206,"exact"
2017,"georgetown",10.9511,68,108.573,97.6214,68.5191,1207,"exact"
2017,"georgia",12.827,57,108.687,95.8596,66.9976,1208,"exact"
2017,"georgia st.",3.50473,121,104.658,101.153,68.1544,1209,"exact"
2017,"georgia tech",8.3684,82,99.0095,90.6411,67.8728,1210,"exact"
2017,"gonzaga",33.0538,1,120.711,87.6571,70.022,1211,"exact"
2017,"grambling st.",-16.0779,328,96.5442,112.622,66.9961,1212,"exact"
2017,"grand canyon",0.233156,163,101.246,101.013,68.8299,1213,"exact"
2017,"hampton",-13.1642,306,93.6594,106.824,68.1462,1214,"exact"
2017,"hartford",-18.263,333,92.512,110.775,68.3639,1216,"exact"
2017,"harvard",4.83634,111,106.603,101.766,66.9201,1217,"exact"
2017,"hawaii",-9.01996,267,96.8967,105.917,67.0538,1218,"exact"
2017,"high point",-9.15999,270,98.9445,108.105,65.5832,1219,"exact"
2017,"hofstra",-1.3091,186,111.049,112.358,67.515,1220,"exact"
2017,"holy cross",-4.60911,217,98.4957,103.105,60.334,1221,"exact"
2017,"houston",14.4603,49,113.959,99.4988,64.9701,1222,"exact"
2017,"houston baptist",-4.24441,214,104.766,109.011,69.9645,1223,"exact"
2017,"howard",-19.5575,338,90.4936,110.051,67.9371,1224,"exact"
2017,"idaho",-5.35489,222,101.182,106.537,66.4699,1225,"exact"
2017,"idaho st.",-18.2581,332,97.7064,115.964,68.8093,1226,"exact"
2017,"illinois chicago",-6.93258,245,100.926,107.859,71.646,1227,"manual"
2017,"illinois",10.5395,70,107.559,97.0198,66.1911,1228,"exact"
2017,"illinois st.",14.3302,51,106.614,92.284,64.6834,1229,"exact"
2017,"incarnate word",-12.7822,303,101.507,114.289,71.674,1230,"exact"
2017,"indiana",15.1429,42,116.585,101.442,68.2292,1231,"exact"
2017,"indiana st.",-2.74099,199,99.5074,102.248,69.5922,1232,"exact"
2017,"iona",4.00176,118,110.197,106.195,70.4839,1233,"exact"
2017,"iowa",10.6067,69,112.368,101.762,71.209,1234,"exact"
2017,"iowa st.",23.113,17,119.541,96.4283,68.1638,1235,"exact"
2017,"fort wayne",1.47593,145,109.53,108.054,71.2523,1236,"exact"
2017,"iupui",-2.72663,198,106.93,109.656,69.205,1237,"exact"
2017,"jackson st.",-16.2007,329,92.775,108.976,64.2232,1238,"exact"
2017,"jacksonville",-9.22783,271,102.599,111.827,67.6009,1239,"exact"
2017,"jacksonville st.",0.583245,158,105.363,104.78,63.5728,1240,"exact"
2017,"james madison",-5.17263,220,98.8649,104.038,63.88,1241,"exact"
2017,"kansas",25.975,10,120.833,94.8585,70.2533,1242,"exact"
2017,"kansas st.",17.5538,29,112.038,94.4839,66.1487,1243,"exact"
2017,"kennesaw st.",-7.28246,250,102.59,109.873,69.3064,1244,"exact"
2017,"kent st.",1.73415,141,104.421,102.687,68.2714,1245,"exact"
2017,"kentucky",27.2664,4,119.139,91.8728,72.7658,1246,"exact"
2017,"la salle",1.93973,137,110.583,108.643,68.5844,1247,"exact"
2017,"lafayette",-17.2419,330,96.1257,113.368,69.2101,1248,"exact"
2017,"lamar",-5.58246,226,103.238,108.82,67.8791,1249,"exact"
2017,"lehigh",3.80396,119,107.192,103.388,69.5381,1250,"exact"
2017,"liberty",-3.90954,211,99.4097,103.319,62.6608,1251,"exact"
2017,"lipscomb",0.319248,161,107.135,106.816,74.1533,1252,"exact"
2017,"long beach st.",-5.59296,227,104.576,110.169,69.4599,1253,"exact"
2017,"liu brooklyn",-7.66089,254,100.04,107.701,66.9198,1254,"exact"
2017,"longwood",-25.1198,347,92.1694,117.289,70.4041,1255,"exact"
2017,"louisiana tech",7.00262,91,107.9,100.898,68.4339,1256,"exact"
2017,"louisville",26.7186,6,117.179,90.4602,67.9905,1257,"exact"
2017,"loyola marymount",-0.0202852,167,103.157,103.177,67.2156,1258,"exact"
2017,"loyola md",-7.31175,251,98.6523,105.964,65.4597,1259,"exact"
2017,"loyola chicago",6.49538,96,108.89,102.394,65.6278,1260,"exact"
2017,"lsu",-0.496025,177,109.461,109.957,71.8252,1261,"exact"
2017,"umass lowell",-11.3943,292,104.246,115.64,71.6722,1262,"exact"
2017,"maine",-19.4846,337,91.1178,110.602,67.8441,1263,"exact"
2017,"manhattan",-10.8471,287,96.827,107.674,68.8406,1264,"exact"
2017,"marist",-13.8937,316,100.57,114.464,66.7485,1265,"exact"
2017,"marquette",17.5711,28,120.943,103.371,69.9346,1266,"exact"
2017,"marshall",1.15762,150,110.783,109.626,77.54,1267,"exact"
2017,"maryland",14.838,45,113.565,98.7271,67.0658,1268,"exact"
2017,"massachusetts",0.806239,156,100.664,99.8577,71.779,1269,"exact"
2017,"mcneese st.",-14.0705,317,96.0705,110.141,69.8659,1270,"exact"
2017,"maryland eastern shore",-14.5431,321,97.8835,112.427,68.4613,1271,"exact"
2017,"memphis",6.05651,98,107.08,101.023,68.304,1272,"exact"
2017,"mercer",1.7404,140,109.647,107.906,61.5703,1273,"exact"
2017,"miami fl",16.9602,32,110.386,93.4254,62.9821,1274,"exact"
2017,"miami oh",-10.0812,279,95.8207,105.902,68.5115,1275,"exact"
2017,"michigan",22.618,21,121.592,98.9742,62.8409,1276,"exact"
2017,"michigan st.",14.9753,43,110.569,95.5936,66.7308,1277,"exact"
2017,"minnesota",16.5907,33,109.574,92.9833,69.3901,1278,"exact"
2017,"mississippi",9.36765,77,110.101,100.733,71.454,1279,"exact"
2017,"mississippi st.",6.85274,92,106.387,99.5341,68.8347,1280,"exact"
2017,"missouri",0.2317,164,101.304,101.072,67.8946,1281,"exact"
2017,"umkc",-5.39126,223,102.436,107.827,70.7659,1282,"exact"
2017,"missouri st.",2.27476,134,108.264,105.989,66.0043,1283,"exact"
2017,"monmouth",8.76606,79,108.819,100.053,72.2825,1284,"exact"
2017,"montana",-2.45739,195,105.965,108.423,66.553,1285,"exact"
2017,"montana st.",-6.71773,242,102.977,109.695,69.183,1286,"exact"
2017,"morehead st.",-3.10659,203,106.716,109.822,68.53,1287,"exact"
2017,"morgan st.",-15.3336,323,91.1868,106.52,67.5887,1288,"exact"
2017,"mississippi valley st.",-22.4516,345,95.779,118.231,71.1286,1290,"manual"
2017,"mount st. mary's",-4.23312,213,98.9775,103.211,66.8082,1291,"exact"
2017,"middle tennessee",14.6582,48,111.64,96.9823,64.2498,1292,"exact"
2017,"murray st.",-2.69663,197,107.086,109.782,68.5733,1293,"exact"
2017,"northern colorado",-10.5959,285,96.4985,107.094,68.3806,1294,"exact"
2017,"north dakota st.",0.160851,165,104.505,104.344,66.6187,1295,"exact"
2017,"northern illinois",-3.5084,205,98.8712,102.38,66.6751,1296,"exact"
2017,"northern kentucky",1.33605,147,106.647,105.311,67.8323,1297,"exact"
2017,"navy",-3.77741,208,99.653,103.43,64.13,1298,"exact"
2017,"north carolina a&t",-27.4762,349,95.4974,122.974,62.7364,1299,"exact"
2017,"north carolina central",0.961015,153,102.796,101.835,66.3643,1300,"exact"
2017,"nc state",5.64944,104,112.876,107.227,70.2288,1301,"exact"
2017,"nebraska omaha",-0.396721,175,108.497,108.893,73.657,1303,"exact"
2017,"nebraska",5.15981,107,105.076,99.9162,67.9612,1304,"exact"
2017,"nevada",13.3415,55,114.477,101.135,69.6483,1305,"exact"
2017,"new hampshire",-0.65684,179,102.365,103.022,65.3503,1306,"exact"
2017,"new mexico",3.26532,124,106.387,103.122,68.7435,1307,"exact"
2017,"new mexico st.",7.31463,88,110.052,102.738,67.51,1308,"exact"
2017,"new orleans",-0.517773,178,100.844,101.362,66.1458,1309,"exact"
2017,"niagara",-8.13961,258,101.254,109.393,68.9622,1310,"exact"
2017,"nicholls st.",-13.7478,313,100.376,114.124,69.3079,1311,"exact"
2017,"njit",-10.3871,282,98.7041,109.091,67.5088,1312,"exact"
2017,"norfolk st.",-11.7688,298,93.8581,105.627,68.6766,1313,"exact"
2017,"north carolina",28.0091,3,122.075,94.0654,70.6955,1314,"exact"
2017,"north dakota",-0.311268,173,102.854,103.166,71.25,1315,"exact"
2017,"north florida",-7.56871,253,101.781,109.35,69.8609,1316,"exact"
2017,"north texas",-14.5147,320,96.209,110.724,70.0449,1317,"exact"
2017,"northeastern",0.633976,157,107.055,106.421,65.9673,1318,"exact"
2017,"northern arizona",-15.6323,326,94.9361,110.568,69.1132,1319,"exact"
2017,"northern iowa",-0.05008,169,97.5752,97.6252,63.3287,1320,"exact"
2017,"northwestern",15.511,39,111.189,95.6778,65.1075,1321,"exact"
2017,"northwestern st.",-11.4453,293,100.999,112.444,71.2246,1322,"exact"
2017,"notre dame",21.0939,25,118.891,97.7973,67.0898,1323,"exact"
2017,"oakland",4.89889,109,103.801,98.9016,71.8903,1324,"exact"
2017,"ohio",5.67684,103,105.574,99.8969,70.2802,1325,"exact"
2017,"ohio st.",10.3199,71,111.319,100.999,67.8637,1326,"exact"
2017,"oklahoma",11.0431,65,107.292,96.249,69.8619,1328,"exact"
2017,"oklahoma st.",22.1043,24,124.834,102.73,70.289,1329,"exact"
2017,"old dominion",3.50228,122,100.678,97.1761,60.969,1330,"exact"
2017,"oral roberts",-6.30257,236,104.389,110.691,68.9747,1331,"exact"
2017,"oregon",23.8276,16,117.728,93.9002,66.7169,1332,"exact"
2017,"oregon st.",-8.85567,264,97.0448,105.9,64.4191,1333,"exact"
2017,"pacific",-6.67224,241,99.6109,106.283,66.3943,1334,"exact"
2017,"penn",-0.0926536,170,102.587,102.68,66.54,1335,"exact"
2017,"penn st.",7.42462,87,104.575,97.1508,70.3393,1336,"exact"
2017,"pepperdine",-11.9802,299,102.095,114.076,68.434,1337,"exact"
2017,"pittsburgh",9.5328,75,112.725,103.193,65.347,1338,"exact"
2017,"portland",-9.94979,278,98.7504,108.7,65.7426,1339,"exact"
2017,"portland st.",-6.81618,244,104.183,111,72.5309,1340,"exact"
2017,"prairie view a&m",-13.4923,310,97.9682,111.461,67.4932,1341,"exact"
2017,"presbyterian",-29.2266,350,88.8542,118.081,64.0745,1342,"exact"
2017,"princeton",12.5002,59,109.396,96.8962,63.1679,1343,"exact"
2017,"providence",12.8992,56,108.021,95.1217,66.3485,1344,"exact"
2017,"purdue",24.2236,15,116.912,92.6889,68.8912,1345,"exact"
2017,"quinnipiac",-11.6956,295,101.354,113.049,73.0602,1346,"exact"
2017,"radford",-11.6997,296,96.1329,107.833,63.874,1347,"exact"
2017,"rhode island",15.6156,37,110.668,95.0527,66.1243,1348,"exact"
2017,"rice",0.886773,154,107.928,107.041,72.2277,1349,"exact"
2017,"richmond",7.10248,90,108.771,101.669,69.0438,1350,"exact"
2017,"rider",-3.87895,210,100.742,104.621,72.1132,1351,"exact"
2017,"robert morris",-8.90059,265,91.5773,100.478,68.6587,1352,"exact"
2017,"rutgers",2.28626,133,101.551,99.2645,66.1584,1353,"exact"
2017,"south carolina st.",-19.2286,335,99.095,118.324,68.2439,1354,"exact"
2017,"south dakota st.",-1.33359,187,110.782,112.116,67.0521,1355,"exact"
2017,"southern illinois",1.16323,149,104.844,103.681,65.2376,1356,"exact"
2017,"sacred heart",-12.2492,301,97.523,109.772,70.9476,1357,"exact"
2017,"sam houston st.",-6.24629,234,97.2179,103.464,69.9373,1358,"exact"
2017,"samford",0.984955,152,108.266,107.281,68.6578,1359,"exact"
2017,"san diego",-8.08158,256,100.125,108.207,63.1821,1360,"exact"
2017,"san diego st.",8.94029,78,103.903,94.9629,64.868,1361,"exact"
2017,"san francisco",5.45849,105,103.282,97.8234,68.6648,1362,"exact"
2017,"san jose st.",-4.32824,216,100.167,104.495,70.6269,1363,"exact"
2017,"uc santa barbara",-18.1434,331,91.3316,109.475,64.0291,1364,"exact"
2017,"santa clara",3.15189,126,105.524,102.372,62.5222,1365,"exact"
2017,"savannah st.",-13.888,315,100.659,114.547,80.9081,1366,"exact"
2017,"usc upstate",-5.93309,228,105.281,111.214,67.9882,1367,"exact"
2017,"southeastern louisiana",-6.03642,231,97.8183,103.855,67.0435,1368,"exact"
2017,"southeast missouri st.",-5.99488,229,103.254,109.249,68.4542,1369,"manual"
2017,"seattle",-9.63557,275,95.5677,105.203,67.4994,1370,"exact"
2017,"seton hall",13.9487,53,109.8,95.8517,67.2845,1371,"exact"
2017,"stephen f. austin",-5.49212,225,96.731,102.223,66.3493,1372,"exact"
2017,"siena",-0.36063,174,106.05,106.41,68.5822,1373,"exact"
2017,"smu",25.2591,11,120.073,94.8141,63.5675,1374,"exact"
2017,"south alabama",-6.3787,237,98.775,105.154,69.7147,1375,"exact"
2017,"south carolina",17.0302,31,105.546,88.5163,68.211,1376,"exact"
2017,"south dakota",1.58921,144,103.817,102.228,70.6425,1377,"exact"
2017,"south florida",-11.1718,290,96.4854,107.657,68.6323,1378,"exact"
2017,"southern miss",-15.4633,324,92.9402,108.403,65.4074,1379,"exact"
2017,"southern",-15.5819,325,97.9569,113.539,68.4182,1380,"exact"
2017,"southern utah",-18.5867,334,101.19,119.777,71.2866,1381,"exact"
2017,"st. bonaventure",7.27961,89,109.014,101.734,68.6349,1382,"exact"
2017,"st. francis ny",-24.3173,346,87.7768,112.094,67.0279,1383,"manual"
2017,"st. john's",6.52153,94,109.153,102.631,73.1847,1385,"exact"
2017,"saint joseph's",-0.937271,182,102.256,103.193,68.316,1386,"exact"
2017,"saint louis",-9.35039,273,95.4233,104.774,63.3987,1387,"exact"
2017,"saint mary's",24.6377,14,118.894,94.2568,59.2901,1388,"exact"
2017,"saint peter's",4.84357,110,102.57,97.7262,60.6549,1389,"exact"
2017,"stanford",5.81715,101,104.775,98.9579,68.2786,1390,"exact"
2017,"stetson",-14.2792,319,100.887,115.167,72.334,1391,"exact"
2017,"stony brook",-3.96632,212,101.98,105.946,65.7439,1392,"exact"
2017,"syracuse",14.3426,50,115.94,101.597,66.3545,1393,"exact"
2017,"texas a&m corpus chris",-3.25637,204,102.955,106.211,67.884,1394,"manual"
2017,"tcu",15.2943,41,113.172,97.8776,66.8837,1395,"exact"
2017,"temple",4.20816,117,108.389,104.181,66.9778,1396,"exact"
2017,"tennessee",12.1202,62,109.84,97.7196,69.2764,1397,"exact"
2017,"tennessee st.",0.53477,159,100.268,99.7337,66.87,1398,"exact"
2017,"tennessee tech",-8.12513,257,98.8755,107.001,68.1841,1399,"exact"
2017,"texas",10.1616,73,104.125,93.9629,67.4841,1400,"exact"
2017,"texas a&m",11.0129,66,108.479,97.466,64.3887,1401,"exact"
2017,"texas st.",-0.128537,171,102.479,102.607,61.8471,1402,"exact"
2017,"texas tech",14.7469,46,112.554,97.8068,63.7129,1403,"exact"
2017,"tennessee martin",-3.84122,209,106.914,110.755,67.2028,1404,"manual"
2017,"toledo",2.6879,129,108.752,106.065,66.238,1405,"exact"
2017,"towson",4.31203,116,105.431,101.119,67.8305,1406,"exact"
2017,"troy",2.67571,130,109.892,107.217,68.0509,1407,"exact"
2017,"tulane",-6.42599,238,102.591,109.017,70.2938,1408,"exact"
2017,"tulsa",1.65507,143,104.523,102.868,68.0401,1409,"exact"
2017,"ut rio grande valley",-12.9257,304,100.314,113.24,73.8828,1410,"manual"
2017,"texas southern",-3.66476,207,103.622,107.286,68.4526,1411,"exact"
2017,"uab",-2.48478,196,103.832,106.316,65.9743,1412,"exact"
2017,"uc davis",-4.75235,218,97.8508,102.603,68.4821,1413,"exact"
2017,"uc irvine",1.86172,138,100.956,99.0942,66.3524,1414,"exact"
2017,"uc riverside",-13.8653,314,92.1375,106.003,67.7495,1415,"exact"
2017,"ucf",10.9965,67,103.857,92.8606,65.6061,1416,"exact"
2017,"ucla",22.9515,18,122.757,99.8057,73.179,1417,"exact"
2017,"louisiana lafayette",1.71999,142,111.188,109.468,72.1797,1418,"manual"
2017,"umbc",-2.22302,194,108.369,110.592,70.4524,1420,"exact"
2017,"unc asheville",5.75249,102,107.594,101.842,68.0312,1421,"exact"
2017,"unc greensboro",3.6142,120,107.765,104.15,66.4688,1422,"exact"
2017,"unc wilmington",12.3867,60,117.706,105.319,70.0795,1423,"exact"
2017,"unlv",-7.25803,249,98.1489,105.407,68.2244,1424,"exact"
2017,"usc",12.3407,61,112.508,100.168,68.8968,1425,"exact"
2017,"ut arlington",9.47958,76,109.783,100.303,69.9544,1426,"exact"
2017,"utsa",-7.54333,252,95.0844,102.628,67.9584,1427,"exact"
2017,"utah",14.7432,47,114.195,99.4519,68.461,1428,"exact"
2017,"utah st.",2.21124,136,106.776,104.565,66.4613,1429,"exact"
2017,"utah valley",-1.54502,190,100.154,101.699,73.337,1430,"exact"
2017,"utep",-2.98917,202,99.7102,102.699,66.1778,1431,"exact"
2017,"vcu",14.3025,52,110.018,95.716,68.1834,1433,"exact"
2017,"valparaiso",6.39547,97,106.689,100.293,66.8467,1434,"exact"
2017,"vanderbilt",16.2376,34,112.303,96.065,65.5596,1435,"exact"
2017,"vermont",11.8847,63,110.832,98.9477,64.3336,1436,"exact"
2017,"villanova",30.7772,2,122.753,91.9756,63.9872,1437,"exact"
2017,"virginia",26.6671,7,113.686,87.0194,58.8864,1438,"exact"
2017,"virginia tech",14.9395,44,117.358,102.419,68.2782,1439,"exact"
2017,"vmi",-16.0285,327,97.6391,113.668,68.9581,1440,"exact"
2017,"western carolina",-14.7506,322,90.1326,104.883,66.7371,1441,"exact"
2017,"western illinois",-11.7475,297,97.0821,108.83,68.6927,1442,"exact"
2017,"western kentucky",-6.20846,233,102.934,109.143,65.7355,1443,"exact"
2017,"western michigan",0.302711,162,107.037,106.734,67.752,1444,"exact"
2017,"wagner",-7.13183,246,100.931,108.063,62.7916,1447,"exact"
2017,"wake forest",17.2722,30,120.873,103.6,70.4705,1448,"exact"
2017,"washington",-0.0338739,168,107.646,107.679,70.9157,1449,"exact"
2017,"washington st.",-2.02236,192,104.367,106.389,67.488,1450,"exact"
2017,"weber st.",-0.737074,181,108.278,109.015,66.449,1451,"exact"
2017,"west virginia",26.7991,5,116.472,89.6731,69.8998,1452,"exact"
2017,"green bay",-1.29011,185,101.898,103.189,73.7049,1453,"exact"
2017,"milwaukee",-8.52617,261,99.7635,108.29,62.465,1454,"exact"
2017,"wichita st.",26.4121,8,119.636,93.2236,68.6272,1455,"exact"
2017,"william & mary",2.36836,132,112.007,109.639,70.8447,1456,"exact"
2017,"winthrop",4.62694,112,106.436,101.809,70.9519,1457,"exact"
2017,"wisconsin",22.2926,23,113.589,91.2963,63.2884,1458,"exact"
2017,"wofford",1.77939,139,110.046,108.267,66.6556,1459,"exact"
2017,"wright st.",0.115156,166,106.416,106.3,68.939,1460,"exact"
2017,"wyoming",1.34305,146,103.402,102.059,73.4579,1461,"exact"
2017,"xavier",15.3189,40,114.744,99.4255,67.1917,1462,"exact"
2017,"yale",1.10166,151,106.106,105.004,68.0232,1463,"exact"
2017,"youngstown st.",-10.4986,283,102.445,112.943,71.6041,1464,"exact"
2018,"abilene christian",-8.89336,265,98.7584,107.652,68.4251,1101,"exact"
2018,"air force",-6.12387,232,100.858,106.982,65.9345,1102,"exact"
2018,"akron",-8.29336,258,102.084,110.378,67.7289,1103,"exact"
2018,"alabama",13.8252,51,108.459,94.6334,68.7962,1104,"exact"
2018,"alabama a&m",-28.5736,351,86.7317,115.305,65.695,1105,"exact"
2018,"alabama st.",-20.1217,339,95.9583,116.08,68.7067,1106,"exact"
2018,"albany",1.43775,152,107.317,105.879,66.1383,1107,"exact"
2018,"alcorn st.",-19.6089,336,95.1709,114.78,67.9299,1108,"exact"
2018,"american",-16.2153,329,95.8765,112.092,66.5061,1110,"exact"
2018,"appalachian st.",-4.05258,208,103.761,107.814,70.0171,1111,"exact"
2018,"arizona",19.3692,21,119.012,99.6425,67.313,1112,"exact"
2018,"arizona st.",14.714,45,117.651,102.937,71.5605,1113,"exact"
2018,"little rock",-11.7383,294,94.2562,105.994,64.9731,1114,"exact"
2018,"arkansas pine bluff",-16.5966,330,93.7489,110.346,67.4153,1115,"manual"
2018,"arkansas",15.635,37,117.32,101.685,69.6899,1116,"exact"
2018,"arkansas st.",-10.4554,281,104.844,115.299,69.5131,1117,"exact"
2018,"army",-8.8612,264,100.037,108.898,70.3704,1119,"exact"
2018,"auburn",20.6348,16,118.196,97.5614,72.2946,1120,"exact"
2018,"austin peay",-2.30435,188,105.23,107.535,68.7758,1122,"exact"
2018,"ball st.",-0.309988,174,103.571,103.881,69.8897,1123,"exact"
2018,"baylor",16.1649,34,111.2,95.0346,66.4201,1124,"exact"
2018,"belmont",9.01879,83,113.007,103.988,66.9012,1125,"exact"
2018,"bethune cookman",-11.1004,285,99.855,110.955,76.0268,1126,"fuzzy"
2018,"binghamton",-12.1856,300,97.6222,109.808,66.0295,1127,"exact"
2018,"boise st.",13.127,58,110.617,97.4901,68.3666,1129,"exact"
2018,"boston college",10.716,73,113.834,103.118,70.1484,1130,"exact"
2018,"boston university",-8.38666,260,100.406,108.792,67.4842,1131,"exact"
2018,"bowling green",-6.31489,238,102.363,108.678,70.0539,1132,"exact"
2018,"bradley",3.77418,125,104.533,100.759,65.7438,1133,"exact"
2018,"brown",-9.17291,269,101.118,110.291,71.6575,1135,"exact"
2018,"bryant",-21.7588,344,99.1515,120.91,70.0727,1136,"exact"
2018,"bucknell",6.8137,100,109.182,102.368,71.4452,1137,"exact"
2018,"buffalo",10.4931,77,114.284,103.791,72.8022,1138,"exact"
2018,"butler",17.8667,25,115.758,97.8916,67.8456,1139,"exact"
2018,"byu",10.967,70,109.043,98.0758,67.3485,1140,"exact"
2018,"central michigan",-0.458209,177,108.06,108.518,67.2261,1141,"exact"
2018,"cal poly",-14.6783,322,98.6925,113.371,66.1817,1142,"exact"
2018,"california",-6.78228,241,98.7142,105.496,68.6367,1143,"exact"
2018,"campbell",-5.65788,227,104.711,110.369,67.9112,1144,"exact"
2018,"canisius",3.47331,130,107.802,104.329,68.6964,1145,"exact"
2018,"central arkansas",-3.6301,201,106.065,109.695,72.6483,1146,"exact"
2018,"central connecticut",-12.6074,306,98.3842,110.992,64.4696,1148,"exact"
2018,"charleston southern",-7.62623,248,99.5751,107.201,66.42,1149,"exact"
2018,"charlotte",-13.5659,317,99.2459,112.812,71.1708,1150,"exact"
2018,"chattanooga",-12.5706,305,99.5772,112.148,65.4585,1151,"exact"
2018,"chicago st.",-22.466,346,96.8943,119.36,72.1254,1152,"exact"
2018,"cincinnati",26.9966,4,113.155,86.158,64.6798,1153,"exact"
2018,"the citadel",-13.3963,315,101.9,115.296,77.2216,1154,"exact"
2018,"clemson",20.2693,19,113.774,93.5052,65.6205,1155,"exact"
2018,"cleveland st.",-12.6266,307,97.8525,110.479,67.0338,1156,"exact"
2018,"coastal carolina",-4.07686,209,102.108,106.185,67.7749,1157,"exact"
2018,"college of charleston",4.73418,120,109.887,105.153,64.6463,1158,"exact"
2018,"colgate",-4.11154,210,105.332,109.443,66.2209,1159,"exact"
2018,"colorado",5.67601,110,105.412,99.7361,67.7413,1160,"exact"
2018,"colorado st.",-5.55015,225,102.992,108.542,69.5997,1161,"exact"
2018,"columbia",-6.14405,233,107.532,113.676,69.9189,1162,"exact"
2018,"connecticut",-0.251352,173,105.308,105.56,66.9317,1163,"exact"
2018,"coppin st.",-23.9745,347,86.7585,110.733,67.0236,1164,"exact"
2018,"cornell",-8.97831,267,104.811,113.789,69.1552,1165,"exact"
2018,"creighton",17.2792,27,116.454,99.1744,70.8444,1166,"exact"
2018,"cal st. bakersfield",-6.31828,239,97.8823,104.201,65.3109,1167,"manual"
2018,"cal st. fullerton",1.3154,153,104.984,103.669,69.5384,1168,"exact"
2018,"cal st. northridge",-16.1148,328,97.1748,113.29,65.726,1169,"exact"
2018,"sacramento st.",-10.469,282,100.156,110.625,65.5344,1170,"exact"
2018,"dartmouth",-12.1529,299,98.7331,110.886,66.7574,1171,"exact"
2018,"davidson",14.9051,43,117.399,102.494,64.1645,1172,"exact"
2018,"dayton",0.0754615,168,108.662,108.587,66.1889,1173,"exact"
2018,"delaware",-7.7246,250,102.21,109.935,65.8879,1174,"exact"
2018,"delaware st.",-27.9685,350,90.5592,118.528,64.8606,1175,"exact"
2018,"denver",-3.81948,206,103.105,106.924,66.4442,1176,"exact"
2018,"depaul",6.73631,101,104.75,98.0134,69.8151,1177,"exact"
2018,"detroit",-14.6765,321,102.603,117.28,72.3511,1178,"exact"
2018,"drake",1.23476,154,106.797,105.562,68.0323,1179,"exact"
2018,"drexel",-7.85724,253,103.158,111.015,69.0006,1180,"exact"
2018,"duke",29.1348,3,122.602,93.467,70.0021,1181,"exact"
2018,"duquesne",-3.55272,200,104.905,108.458,66.2143,1182,"exact"
2018,"eastern illinois",-8.22371,257,99.2873,107.511,65.5099,1183,"exact"
2018,"eastern kentucky",-11.1333,286,101.898,113.032,68.5091,1184,"exact"
2018,"eastern michigan",2.08468,147,103.38,101.296,64.5311,1185,"exact"
2018,"eastern washington",3.47985,129,108.344,104.864,66.1275,1186,"exact"
2018,"east carolina",-12.7236,308,97.1148,109.838,68.6719,1187,"exact"
2018,"siu edwardsville",-13.6681,318,99.7913,113.459,69.1599,1188,"exact"
2018,"elon",-7.81591,252,103.814,111.63,67.277,1189,"exact"
2018,"east tennessee st.",7.52941,92,105.603,98.0734,67.5968,1190,"exact"
2018,"evansville",2.65607,138,99.4854,96.8294,65.653,1191,"exact"
2018,"fairleigh dickinson",-9.85364,274,102.606,112.46,70.4182,1192,"exact"
2018,"fairfield",-4.20669,211,102.399,106.606,70.4743,1193,"exact"
2018,"florida atlantic",-7.00379,242,95.8007,102.805,69.2321,1194,"exact"
2018,"florida gulf coast",3.41726,132,108.292,104.875,71.2364,1195,"exact"
2018,"florida",18.7137,23,115.14,96.4262,66.7986,1196,"exact"
2018,"florida a&m",-21.13,341,95.921,117.051,67.035,1197,"exact"
2018,"fiu",-6.1826,235,98.312,104.495,68.9895,1198,"exact"
2018,"florida st.",15.8239,35,115.822,99.9984,71.6051,1199,"exact"
2018,"fordham",-11.6247,292,94.7467,106.371,65.9279,1200,"exact"
2018,"fresno st.",10.1991,79,110.083,99.8844,66.5742,1201,"exact"
2018,"furman",7.42108,93,109.301,101.88,68.586,1202,"exact"
2018,"george washington",-2.69404,194,103.751,106.445,65.7579,1203,"exact"
2018,"georgia southern",1.76452,150,106.317,104.553,68.8109,1204,"exact"
2018,"gardner webb",-8.62118,261,97.8426,106.464,67.6819,1205,"exact"
2018,"george mason",-5.15972,219,102.424,107.583,69.0072,1206,"exact"
2018,"georgetown",6.94308,99,109.801,102.858,70.4309,1207,"exact"
2018,"georgia",11.9104,64,107.77,95.8592,64.3908,1208,"exact"
2018,"georgia st.",7.20921,96,109.045,101.835,66.8969,1209,"exact"
2018,"georgia tech",5.02521,116,103.961,98.9358,66.1029,1210,"exact"
2018,"gonzaga",24.7352,8,119.824,95.0891,68.9851,1211,"exact"
2018,"grambling st.",-11.8877,296,94.4781,106.366,72.2164,1212,"exact"
2018,"grand canyon",5.4981,112,102.4,96.902,69.04,1213,"exact"
2018,"hampton",-7.5593,246,101.717,109.277,71.6117,1214,"exact"
2018,"hartford",-4.80558,214,102.66,107.465,66.4118,1216,"exact"
2018,"harvard",2.13911,144,101.431,99.2919,65.4558,1217,"exact"
2018,"hawaii",-3.12592,196,99.5787,102.705,67.8091,1218,"exact"
2018,"high point",-6.65759,240,100.358,107.015,65.8417,1219,"exact"
2018,"hofstra",0.813677,162,111.27,110.456,68.8438,1220,"exact"
2018,"holy cross",-11.472,290,97.7496,109.222,62.8523,1221,"exact"
2018,"houston",20.5396,17,115.787,95.2473,68.2176,1222,"exact"
2018,"houston baptist",-17.6515,332,99.2215,116.873,73.4498,1223,"exact"
2018,"howard",-18.9624,335,99.697,118.659,69.8481,1224,"exact"
2018,"idaho",3.72472,126,109.523,105.799,65.5733,1225,"exact"
2018,"idaho st.",-5.46799,221,103.631,109.099,68.1327,1226,"exact"
2018,"illinois chicago",-3.6584,202,100.88,104.539,71.9772,1227,"manual"
2018,"illinois",6.58303,103,109.865,103.282,69.8781,1228,"exact"
2018,"illinois st.",2.11818,145,105.791,103.673,68.8543,1229,"exact"
2018,"incarnate word",-21.5818,342,93.7442,115.326,69.6264,1230,"exact"
2018,"indiana",10.3979,78,109.728,99.3296,66.5953,1231,"exact"
2018,"indiana st.",2.23522,143,104.772,102.537,69.9286,1232,"exact"
2018,"iona",2.87263,134,110.261,107.388,70.6965,1233,"exact"
2018,"iowa",7.92445,90,116.679,108.754,70.3231,1234,"exact"
2018,"iowa st.",6.56511,104,110.162,103.597,68.903,1235,"exact"
2018,"fort wayne",1.16871,156,107.616,106.447,72.5983,1236,"exact"
2018,"iupui",-11.2209,287,98.2354,109.456,66.0769,1237,"exact"
2018,"jackson st.",-19.8194,337,89.6435,109.463,64.0611,1238,"exact"
2018,"jacksonville",-14.3559,320,94.3753,108.731,68.5735,1239,"exact"
2018,"jacksonville st.",1.81469,149,102.163,100.348,65.8717,1240,"exact"
2018,"james madison",-6.20158,236,101.513,107.715,67.8118,1241,"exact"
2018,"kansas",23.2388,9,120.933,97.6938,68.4279,1242,"exact"
2018,"kansas st.",14.7543,44,112.178,97.4236,65.5437,1243,"exact"
2018,"kennesaw st.",-12.8972,311,99.1498,112.047,68.5041,1244,"exact"
2018,"kent st.",-4.62772,213,102.398,107.026,68.6241,1245,"exact"
2018,"kentucky",20.4069,18,116.426,96.019,68.5818,1246,"exact"
2018,"la salle",1.05517,158,105.153,104.098,68.8817,1247,"exact"
2018,"lafayette",-10.319,279,102.094,112.413,68.2708,1248,"exact"
2018,"lamar",-3.66408,203,102.142,105.806,67.5922,1249,"exact"
2018,"lehigh",-6.23291,237,106.033,112.266,70.7583,1250,"exact"
2018,"liberty",-0.931358,180,104.811,105.743,63.2072,1251,"exact"
2018,"lipscomb",0.363623,165,103.793,103.43,74.8966,1252,"exact"
2018,"long beach st.",-2.2102,186,106.516,108.726,71.7448,1253,"exact"
2018,"liu brooklyn",-7.80028,251,103.335,111.135,71.3779,1254,"exact"
2018,"longwood",-20.4927,340,89.8977,110.39,69.0407,1255,"exact"
2018,"louisiana tech",1.20717,155,106.931,105.723,67.3459,1256,"exact"
2018,"louisville",16.5921,33,113.149,96.5566,69.6575,1257,"exact"
2018,"loyola marymount",-5.47849,222,107.878,113.356,66.9001,1258,"exact"
2018,"loyola md",-14.7787,324,96.4726,111.251,68.3198,1259,"exact"
2018,"loyola chicago",15.1402,41,111.331,96.1911,65.3221,1260,"exact"
2018,"lsu",12.4654,61,115.619,103.154,68.2442,1261,"exact"
2018,"umass lowell",-11.3048,288,103.71,115.015,71.5977,1262,"exact"
2018,"maine",-17.6567,333,91.1206,108.777,71.3161,1263,"exact"
2018,"manhattan",-4.83938,216,99.6527,104.492,65.7365,1264,"exact"
2018,"marist",-14.3502,319,98.8544,113.205,69.6217,1265,"exact"
2018,"marquette",13.7406,53,119.326,105.585,69.057,1266,"exact"
2018,"marshall",5.38402,114,109.328,103.944,74.8308,1267,"exact"
2018,"maryland",14.6641,46,114.103,99.4389,66.2237,1268,"exact"
2018,"massachusetts",-4.02731,207,106.751,110.778,66.3658,1269,"exact"
2018,"mcneese st.",-11.5693,291,100.821,112.391,70.3873,1270,"exact"
2018,"maryland eastern shore",-26.9646,349,91.0568,118.021,65.8346,1271,"exact"
2018,"memphis",0.952114,161,107.912,106.96,66.5042,1272,"exact"
2018,"mercer",1.85918,148,112.054,110.195,63.8558,1273,"exact"
2018,"miami fl",15.7103,36,113.309,97.5988,67.0632,1274,"exact"
2018,"miami oh",-2.59573,193,99.4139,102.01,66.6484,1275,"exact"
2018,"michigan",23.1909,10,115.9,92.7095,64.3592,1276,"exact"
2018,"michigan st.",26.3461,6,119.983,93.6364,67.1449,1277,"exact"
2018,"minnesota",4.99677,118,108.973,103.976,69.7864,1278,"exact"
2018,"mississippi",6.52741,105,111.487,104.959,70.0073,1279,"exact"
2018,"mississippi st.",12.3553,62,109.611,97.2553,67.6311,1280,"exact"
2018,"missouri",15.4717,38,113.275,97.803,65.6199,1281,"exact"
2018,"umkc",-10.0303,275,98.7816,108.812,69.2603,1282,"exact"
2018,"missouri st.",4.58991,122,108.516,103.926,65.4461,1283,"exact"
2018,"monmouth",-1.07324,181,103.927,105,69.9683,1284,"exact"
2018,"montana",10.8304,71,110.144,99.3132,67.9708,1285,"exact"
2018,"montana st.",-9.13325,268,102.464,111.597,69.6265,1286,"exact"
2018,"morehead st.",-10.0812,276,99.3027,109.384,68.4778,1287,"exact"
2018,"morgan st.",-14.702,323,96.6573,111.359,68.8212,1288,"exact"
2018,"mississippi valley st.",-24.4021,348,90.4705,114.873,69.3896,1290,"manual"
2018,"mount st. mary's",-6.07469,231,104.158,110.233,64.6683,1291,"exact"
2018,"middle tennessee",13.7784,52,110.444,96.6652,66.3307,1292,"exact"
2018,"murray st.",12.6951,59,113.139,100.444,67.3002,1293,"exact"
2018,"northern colorado",6.12837,108,107.414,101.286,71.2362,1294,"exact"
2018,"north dakota st.",-0.0250039,169,105.605,105.63,66.4453,1295,"exact"
2018,"northern illinois",-8.04564,255,103.512,111.558,67.0223,1296,"exact"
2018,"northern kentucky",7.30441,95,108.17,100.865,68.5285,1297,"exact"
2018,"navy",-5.76166,229,98.9341,104.696,65.361,1298,"exact"
2018,"north carolina a&t",-12.4728,304,98.7732,111.246,69.3382,1299,"exact"
2018,"north carolina central",-12.7366,309,98.1525,110.889,64.9456,1300,"exact"
2018,"nc state",15.1323,42,116.426,101.294,71.3548,1301,"exact"
2018,"nebraska omaha",-10.2575,277,104.607,114.865,69.7995,1303,"exact"
2018,"nebraska",13.4297,57,110.965,97.535,67.513,1304,"exact"
2018,"nevada",18.1814,24,119.901,101.72,69.4886,1305,"exact"
2018,"new hampshire",-10.5592,283,98.3927,108.952,65.3684,1306,"exact"
2018,"new mexico",6.65739,102,113.687,107.029,71.2869,1307,"exact"
2018,"new mexico st.",13.5573,55,108.457,94.9001,68.2276,1308,"exact"
2018,"new orleans",-9.20862,270,98.2369,107.446,66.223,1309,"exact"
2018,"niagara",-3.52611,199,110.586,114.112,73.3076,1310,"exact"
2018,"nicholls st.",-1.60384,183,103.593,105.197,73.4761,1311,"exact"
2018,"njit",-8.03894,254,98.8573,106.896,66.9084,1312,"exact"
2018,"norfolk st.",-13.0369,313,95.7339,108.771,68.959,1313,"exact"
2018,"north carolina",25.0348,7,121.959,96.9241,70.9501,1314,"exact"
2018,"north dakota",-6.15738,234,103.429,109.586,71.4336,1315,"exact"
2018,"north florida",-10.7085,284,107.929,118.638,73.5582,1316,"exact"
2018,"north texas",-2.11067,185,103.261,105.372,66.2923,1317,"exact"
2018,"northeastern",7.17547,97,107.928,100.752,66.9742,1318,"exact"
2018,"northern arizona",-15.7112,326,93.8653,109.576,68.6079,1319,"exact"
2018,"northern iowa",4.27234,123,103.326,99.0539,62.6277,1320,"exact"
2018,"northwestern",8.2695,87,109.271,101.001,63.8417,1321,"exact"
2018,"northwestern st.",-22.3565,345,88.6314,110.988,68.7974,1322,"exact"
2018,"notre dame",16.8168,31,116.105,99.2884,65.041,1323,"exact"
2018,"oakland",-0.757198,178,107.349,108.106,70.2619,1324,"exact"
2018,"ohio",-3.0839,195,100.799,103.883,71.2564,1325,"exact"
2018,"ohio st.",21.1094,15,116.15,95.0408,66.3996,1326,"exact"
2018,"oklahoma",14.419,47,115.128,100.709,75.8225,1328,"exact"
2018,"oklahoma st.",13.479,56,112.144,98.665,68.4698,1329,"exact"
2018,"old dominion",11.3267,68,108.709,97.3821,64.4272,1330,"exact"
2018,"oral roberts",-5.91252,230,106.436,112.348,65.2579,1331,"exact"
2018,"oregon",10.5677,76,110.876,100.308,66.7027,1332,"exact"
2018,"oregon st.",7.3766,94,108.83,101.453,65.5074,1333,"exact"
2018,"pacific",0.244182,166,107.255,107.011,66.2742,1334,"exact"
2018,"penn",3.69539,127,103.553,99.8577,68.8538,1335,"exact"
2018,"penn st.",17.1028,29,113.059,95.9558,67.5578,1336,"exact"
2018,"pepperdine",-8.84444,263,105.737,114.581,67.5211,1337,"exact"
2018,"pittsburgh",-5.60346,226,99.245,104.848,65.0871,1338,"exact"
2018,"portland",-8.95725,266,99.6831,108.64,67.0932,1339,"exact"
2018,"portland st.",0.751449,164,108.635,107.884,74.7532,1340,"exact"
2018,"prairie view a&m",-9.40984,272,101.561,110.971,70.7987,1341,"exact"
2018,"presbyterian",-17.7905,334,98.1256,115.916,63.3312,1342,"exact"
2018,"princeton",-2.45082,191,105.663,108.114,64.4662,1343,"exact"
2018,"providence",11.9189,63,108.926,97.0075,67.0963,1344,"exact"
2018,"purdue",26.6663,5,123.248,96.5818,67.2291,1345,"exact"
2018,"quinnipiac",-10.2942,278,102.156,112.45,66.4787,1346,"exact"
2018,"radford",-0.0477779,170,103.581,103.629,62.7351,1347,"exact"
2018,"rhode island",14.3818,49,111.71,97.328,68.6547,1348,"exact"
2018,"rice",-11.8816,295,98.9816,110.863,67.487,1349,"exact"
2018,"richmond",-0.797251,179,107.65,108.447,67.912,1350,"exact"
2018,"rider",2.50668,139,109.349,106.842,73.5617,1351,"exact"
2018,"robert morris",-7.45463,244,95.2299,102.685,69.2486,1352,"exact"
2018,"rutgers",2.9428,133,99.4501,96.5073,65.9633,1353,"exact"
2018,"south carolina st.",-21.7421,343,97.1576,118.9,70.428,1354,"exact"
2018,"south dakota st.",10.5907,75,114.629,104.038,70.2629,1355,"exact"
2018,"southern illinois",2.66309,137,106.375,103.712,66.555,1356,"exact"
2018,"sacred heart",-12.317,303,96.4538,108.771,68.3181,1357,"exact"
2018,"sam houston st.",-4.52845,212,102.129,106.658,66.634,1358,"exact"
2018,"samford",-11.9356,297,108.13,120.065,71.1956,1359,"exact"
2018,"san diego",3.96095,124,104.017,100.056,66.8296,1360,"exact"
2018,"san diego st.",14.1504,50,111.286,97.1358,68.6523,1361,"exact"
2018,"san francisco",2.2469,142,103.139,100.892,66.5341,1362,"exact"
2018,"san jose st.",-12.0379,298,95.8941,107.932,67.017,1363,"exact"
2018,"uc santa barbara",4.68981,121,111.909,107.219,66.6292,1364,"exact"
2018,"santa clara",-9.71982,273,99.8354,109.555,64.6148,1365,"exact"
2018,"savannah st.",-13.4122,316,101.283,114.695,82.2412,1366,"exact"
2018,"usc upstate",-19.8616,338,105.451,125.313,69.0016,1367,"exact"
2018,"southeastern louisiana",-2.41981,190,103.383,105.803,65.622,1368,"exact"
2018,"southeast missouri st.",-8.13956,256,108.692,116.831,69.1715,1369,"manual"
2018,"seattle",-2.32371,189,104.36,106.684,67.2898,1370,"exact"
2018,"seton hall",17.3352,26,116.335,98.9994,69.3438,1371,"exact"
2018,"stephen f. austin",5.56289,111,104.983,99.4206,71.1416,1372,"exact"
2018,"siena",-12.2354,301,96.812,109.047,65.6261,1373,"exact"
2018,"smu",8.78044,85,109.895,101.114,64.2428,1374,"exact"
2018,"south alabama",-5.30526,220,97.2027,102.508,70.2931,1375,"exact"
2018,"south carolina",9.98552,81,105.826,95.8409,68.6274,1376,"exact"
2018,"south dakota",11.3572,67,110.133,98.7753,70.3376,1377,"exact"
2018,"south florida",-10.4093,280,99.1473,109.557,64.5035,1378,"exact"
2018,"southern miss",-4.88853,217,105.745,110.633,65.408,1379,"exact"
2018,"southern",-15.7227,327,94.4361,110.159,67.9029,1380,"exact"
2018,"southern utah",-7.46851,245,102.71,110.178,71.7063,1381,"exact"
2018,"st. bonaventure",11.1954,69,112.288,101.093,69.2408,1382,"exact"
2018,"st. francis ny",-12.8175,310,99.0672,111.885,69.2043,1383,"manual"
2018,"st. john's",10.0876,80,106.673,96.5856,69.2813,1385,"exact"
2018,"saint joseph's",5.01631,117,105.763,100.747,70.4744,1386,"exact"
2018,"saint louis",2.1174,146,102.425,100.308,64.0742,1387,"exact"
2018,"saint mary's",17.158,28,119.828,102.67,63.7541,1388,"exact"
2018,"saint peter's",-4.82757,215,95.946,100.774,62.5653,1389,"exact"
2018,"stanford",8.79546,84,108.482,99.6862,70.3617,1390,"exact"
2018,"stetson",-13.3378,314,98.8042,112.142,69.7459,1391,"exact"
2018,"stony brook",-5.52705,224,96.9809,102.508,68.3283,1392,"exact"
2018,"syracuse",13.5929,54,107.705,94.1122,63.3993,1393,"exact"
2018,"texas a&m corpus chris",-12.9309,312,94.8618,107.793,68.1854,1394,"manual"
2018,"tcu",18.9201,22,120.625,101.705,68.7039,1395,"exact"
2018,"temple",8.28745,86,109.061,100.774,67.577,1396,"exact"
2018,"tennessee",22.1486,11,114.839,92.6901,66.1739,1397,"exact"
2018,"tennessee st.",-3.36716,198,97.8314,101.199,65.5805,1398,"exact"
2018,"tennessee tech",-5.13773,218,98.8518,103.99,70.8651,1399,"exact"
2018,"texas",15.4577,39,109.372,93.914,65.2086,1400,"exact"
2018,"texas a&m",16.9086,30,111.204,94.2949,69.0256,1401,"exact"
2018,"texas st.",-5.68248,228,100.13,105.812,62.6584,1402,"exact"
2018,"texas tech",21.9424,12,114.03,92.0873,66.5709,1403,"exact"
2018,"tennessee martin",-11.7312,293,95.7963,107.528,66.0845,1404,"manual"
2018,"toledo",4.94139,119,114.058,109.116,68.4196,1405,"exact"
2018,"towson",1.01812,160,106.141,105.123,67.8854,1406,"exact"
2018,"troy",-0.383728,176,106.447,106.831,68.2435,1407,"exact"
2018,"tulane",0.176511,167,107.196,107.02,68.9416,1408,"exact"
2018,"tulsa",6.17519,107,108.591,102.415,67.2034,1409,"exact"
2018,"ut rio grande valley",-8.35716,259,99.5267,107.884,73.7538,1410,"manual"
2018,"texas southern",-7.659,249,105.281,112.94,71.5742,1411,"exact"
2018,"uab",5.47313,113,109.533,104.06,67.6314,1412,"exact"
2018,"uc davis",3.60124,128,104.729,101.128,66.4714,1413,"exact"
2018,"uc irvine",2.49581,140,100.538,98.0426,66.8883,1414,"exact"
2018,"uc riverside",-8.79527,262,94.9477,103.743,68.1986,1415,"exact"
2018,"ucf",5.79997,109,99.2351,93.4351,64.3928,1416,"exact"
2018,"ucla",14.3834,48,116.447,102.063,70.5038,1417,"exact"
2018,"louisiana lafayette",11.3722,66,113.494,102.122,70.2958,1418,"manual"
2018,"umbc",-1.9086,184,103.389,105.297,68.1857,1420,"exact"
2018,"unc asheville",-2.52093,192,105.756,108.277,69.099,1421,"exact"
2018,"unc greensboro",9.0562,82,105.672,96.6156,64.9776,1422,"exact"
2018,"unc wilmington",-7.58211,247,104.544,112.126,71.9462,1423,"exact"
2018,"unlv",6.51797,106,111.747,105.229,72.3123,1424,"exact"
2018,"usc",15.2876,40,115.387,100.1,67.4871,1425,"exact"
2018,"ut arlington",3.42601,131,105.842,102.416,72.7842,1426,"exact"
2018,"utsa",-0.312599,175,105.326,105.638,71.5898,1427,"exact"
2018,"utah",11.8784,65,111.869,99.9904,65.6072,1428,"exact"
2018,"utah st.",2.66336,136,107.554,104.89,66.783,1429,"exact"
2018,"utah valley",7.91965,91,111.038,103.119,67.6845,1430,"exact"
2018,"utep",-7.20619,243,97.9258,105.132,67.6466,1431,"exact"
2018,"vcu",2.30681,141,106.408,104.101,70.8503,1433,"exact"
2018,"valparaiso",1.62834,151,103.229,101.6,69.6476,1434,"exact"
2018,"vanderbilt",8.07789,88,115.597,107.519,65.7884,1435,"exact"
2018,"vermont",10.7557,72,114.117,103.361,63.7873,1436,"exact"
2018,"villanova",31.4091,2,127.384,95.9749,68.277,1437,"exact"
2018,"virginia",32.1527,1,116.528,84.3753,59.1912,1438,"exact"
2018,"virginia tech",16.6388,32,115.016,98.3773,68.6757,1439,"exact"
2018,"vmi",-17.361,331,90.3135,107.674,68.8337,1440,"exact"
2018,"western carolina",-12.2593,302,96.0774,108.337,69.3869,1441,"exact"
2018,"western illinois",-11.3706,289,96.6297,108,68.0342,1442,"exact"
2018,"western kentucky",12.5511,60,113.624,101.073,68.7476,1443,"exact"
2018,"western michigan",-2.28733,187,106.536,108.823,67.7811,1444,"exact"
2018,"wagner",-0.10173,171,103.84,103.942,67.319,1447,"exact"
2018,"wake forest",8.00483,89,111.107,103.102,69.3676,1448,"exact"
2018,"washington",7.00886,98,106.264,99.2555,69.4616,1449,"exact"
2018,"washington st.",-1.43964,182,108.782,110.222,68.2517,1450,"exact"
2018,"weber st.",1.03256,159,107.094,106.061,67.5617,1451,"exact"
2018,"west virginia",21.7748,13,119.151,97.3766,69.0413,1452,"exact"
2018,"green bay",-9.22594,271,99.8417,109.068,72.1954,1453,"exact"
2018,"milwaukee",-3.7461,205,100.165,103.911,65.6731,1454,"exact"
2018,"wichita st.",20.068,20,121.925,101.857,68.6357,1455,"exact"
2018,"william & mary",-0.114014,172,115.44,115.554,69.9511,1456,"exact"
2018,"winthrop",0.758073,163,106.333,105.575,71.6037,1457,"exact"
2018,"wisconsin",10.6155,74,110.048,99.4326,62.6778,1458,"exact"
2018,"wofford",1.11283,157,108.706,107.593,65.918,1459,"exact"
2018,"wright st.",2.81674,135,101.068,98.251,68.2124,1460,"exact"
2018,"wyoming",5.11463,115,105.921,100.807,73.5044,1461,"exact"
2018,"xavier",21.6909,14,120.74,99.0492,70.4307,1462,"exact"
2018,"yale",-3.17937,197,104.05,107.229,68.7887,1463,"exact"
2018,"youngstown st.",-15.0835,325,101.405,116.489,71.0824,1464,"exact"
2019,"abilene christian",2.08626,145,103.625,101.539,66.0042,1101,"exact"
2019,"air force",-6.84432,241,100.431,107.275,66.407,1102,"exact"
2019,"akron",6.09084,107,99.793,93.7022,66.015,1103,"exact"
2019,"alabama",11.4774,59,108.113,96.6354,68.6333,1104,"exact"
2019,"alabama a&m",-22.66,344,86.4818,109.142,65.4905,1105,"exact"
2019,"alabama st.",-16.3633,329,94.5978,110.961,67.0597,1106,"exact"
2019,"albany",-9.85221,277,98.154,108.006,65.7351,1107,"exact"
2019,"alcorn st.",-24.643,349,88.7838,113.427,65.6105,1108,"exact"
2019,"american",-3.13075,198,101.788,104.919,66.4126,1110,"exact"
2019,"appalachian st.",-3.60901,205,105.935,109.544,71.4297,1111,"exact"
2019,"arizona",6.85927,99,104.95,98.0905,66.5684,1112,"exact"
2019,"arizona st.",11.2091,61,109.774,98.5646,70.4917,1113,"exact"
2019,"little rock",-4.939,222,99.7402,104.679,70.2784,1114,"exact"
2019,"arkansas pine bluff",-13.641,316,96.0727,109.714,65.0612,1115,"manual"
2019,"arkansas",12.3368,57,109.548,97.2113,70.1964,1116,"exact"
2019,"arkansas st.",-7.68696,254,102.253,109.94,68.1325,1117,"exact"
2019,"army",-6.85322,242,96.119,102.972,69.5942,1119,"exact"
2019,"auburn",23.3317,13,119.571,96.2397,67.5363,1120,"exact"
2019,"austin peay",3.90139,135,110.619,106.718,68.8562,1122,"exact"
2019,"ball st.",4.08197,134,102.291,98.209,70.1499,1123,"exact"
2019,"baylor",15.2935,41,113.517,98.2238,65.2511,1124,"exact"
2019,"belmont",13.0739,54,114.834,101.76,71.1231,1125,"exact"
2019,"bethune cookman",-12.1201,306,93.2976,105.418,72.0714,1126,"fuzzy"
2019,"binghamton",-16.7462,332,95.8614,112.608,65.7202,1127,"exact"
2019,"boise st.",3.221,139,107.064,103.843,65.3505,1129,"exact"
2019,"boston college",5.30517,115,107.524,102.219,67.1682,1130,"exact"
2019,"boston university",-5.92735,232,104.124,110.052,66.1325,1131,"exact"
2019,"bowling green",6.17504,106,108.185,102.01,70.3289,1132,"exact"
2019,"bradley",-0.358275,165,100.892,101.25,65.0632,1133,"exact"
2019,"brown",1.89755,146,98.7071,96.8095,70.8172,1135,"exact"
2019,"bryant",-15.5989,325,99.2711,114.87,67.4701,1136,"exact"
2019,"bucknell",1.87905,147,105.456,103.577,70.4915,1137,"exact"
2019,"buffalo",20.337,22,114.89,94.5531,73.7602,1138,"exact"
2019,"butler",9.9232,68,110.842,100.919,65.935,1139,"exact"
2019,"byu",7.78213,87,111.676,103.894,70.7241,1140,"exact"
2019,"central michigan",4.88535,123,110.256,105.37,70.8371,1141,"exact"
2019,"cal poly",-17.7876,333,96.7734,114.561,66.0034,1142,"exact"
2019,"california",-7.20489,243,102.893,110.098,66.4324,1143,"exact"
2019,"campbell",-1.88615,186,107.895,109.781,65.2551,1144,"exact"
2019,"canisius",-9.8679,279,101.476,111.344,67.5336,1145,"exact"
2019,"central arkansas",-11.1716,296,99.7545,110.926,70.37,1146,"exact"
2019,"central connecticut",-14.8711,320,96.9683,111.839,68.9725,1148,"exact"
2019,"charleston southern",0.0522976,158,101.272,101.22,69.1823,1149,"exact"
2019,"charlotte",-11.1731,297,95.3851,106.558,64.3696,1150,"exact"
2019,"chattanooga",-7.85102,257,101.475,109.326,65.9854,1151,"exact"
2019,"chicago st.",-27.9028,351,90.2867,118.19,69.9773,1152,"exact"
2019,"cincinnati",17.0509,32,111.566,94.515,63.1993,1153,"exact"
2019,"the citadel",-7.5908,249,106.573,114.164,73.5135,1154,"exact"
2019,"clemson",17.9385,29,108.666,90.7277,65.9642,1155,"exact"
2019,"cleveland st.",-10.0492,284,101.511,111.56,68.9321,1156,"exact"
2019,"coastal carolina",-0.153766,161,104.755,104.909,69.2942,1157,"exact"
2019,"charleston",5.05801,120,108.338,103.28,65.2629,1158,"exact"
2019,"colgate",4.2867,129,110.038,105.751,66.3489,1159,"exact"
2019,"colorado",10.4208,65,106.529,96.1085,67.6204,1160,"exact"
2019,"colorado st.",-1.22881,179,107.419,108.648,66.9193,1161,"exact"
2019,"columbia",-4.4811,211,101.77,106.251,67.437,1162,"exact"
2019,"connecticut",6.01715,108,108.27,102.253,68.4802,1163,"exact"
2019,"coppin st.",-20.5558,342,88.5083,109.064,70.0593,1164,"exact"
2019,"cornell",-4.63145,217,99.0461,103.678,67.5458,1165,"exact"
2019,"creighton",13.5011,50,113.273,99.7723,68.366,1166,"exact"
2019,"cal st. bakersfield",-5.16402,226,102.465,107.629,65.2933,1167,"manual"
2019,"cal st. fullerton",-3.43808,203,98.8923,102.33,69.6992,1168,"exact"
2019,"cal st. northridge",-7.97235,259,104.404,112.376,70.4313,1169,"exact"
2019,"sacramento st.",-9.54971,275,96.1801,105.73,67.9534,1170,"exact"
2019,"dartmouth",-4.64259,218,103.363,108.006,65.712,1171,"exact"
2019,"davidson",8.28467,84,107.541,99.2563,64.506,1172,"exact"
2019,"dayton",11.4759,60,111.538,100.062,64.4045,1173,"exact"
2019,"delaware",-8.06621,260,104.733,112.799,63.1323,1174,"exact"
2019,"delaware st.",-29.6619,352,84.1983,113.86,69.5455,1175,"exact"
2019,"denver",-13.1248,312,99.7176,112.842,66.9878,1176,"exact"
2019,"depaul",6.35763,103,110.725,104.367,69.367,1177,"exact"
2019,"detroit",-6.45862,236,106.062,112.521,68.4247,1178,"exact"
2019,"drake",4.32133,128,106.981,102.659,69.0274,1179,"exact"
2019,"drexel",-7.36862,245,105.503,112.871,68.9483,1180,"exact"
2019,"duke",31.9925,3,120.084,88.0911,72.2115,1181,"exact"
2019,"duquesne",-0.807373,171,104.397,105.204,69.7153,1182,"exact"
2019,"eastern illinois",-12.2367,307,99.5136,111.75,66.7539,1183,"exact"
2019,"eastern kentucky",-6.57329,238,99.2452,105.819,76.4418,1184,"exact"
2019,"eastern michigan",0.750502,155,103.349,102.598,62.7097,1185,"exact"
2019,"eastern washington",-6.57322,237,100.902,107.476,67.6217,1186,"exact"
2019,"east carolina",-9.01896,269,97.9098,106.929,67.9209,1187,"exact"
2019,"siu edwardsville",-16.4831,330,96.5065,112.99,69.5197,1188,"exact"
2019,"elon",-12.1135,305,98.8974,111.011,67.8251,1189,"exact"
2019,"east tennessee st.",9.83097,69,109.13,99.2994,66.9183,1190,"exact"
2019,"evansville",-5.36913,227,99.2866,104.656,69.3429,1191,"exact"
2019,"fairleigh dickinson",-4.2487,208,106.184,110.432,66.7742,1192,"exact"
2019,"fairfield",-11.4896,301,95.7498,107.239,67.6777,1193,"exact"
2019,"florida atlantic",-0.0169486,159,99.3292,99.3461,67.4094,1194,"exact"
2019,"florida gulf coast",-4.67428,220,101.328,106.002,67.827,1195,"exact"
2019,"florida",18.3239,28,110.219,91.895,62.6903,1196,"exact"
2019,"florida a&m",-14.2696,318,88.9397,103.209,64.755,1197,"exact"
2019,"fiu",-3.25307,202,101.856,105.109,77.3827,1198,"exact"
2019,"florida st.",22.5574,14,112.987,90.4293,68.2507,1199,"exact"
2019,"fordham",-7.84442,256,96.4897,104.334,65.0121,1200,"exact"
2019,"fresno st.",9.68159,72,108.218,98.5368,67.7273,1201,"exact"
2019,"furman",12.6256,56,108.828,96.2025,66.4614,1202,"exact"
2019,"george washington",-10.6769,290,95.1995,105.876,67.0588,1203,"exact"
2019,"georgia southern",6.40152,102,108.409,102.007,73.0261,1204,"exact"
2019,"gardner webb",-0.743522,167,107.475,108.218,67.0883,1205,"exact"
2019,"george mason",0.688087,156,104.413,103.725,67.5875,1206,"exact"
2019,"georgetown",7.51846,91,109.238,101.72,71.9013,1207,"exact"
2019,"georgia",4.18031,132,105.819,101.639,68.2639,1208,"exact"
2019,"georgia st.",5.59737,111,107.886,102.289,69.8602,1209,"exact"
2019,"georgia tech",5.91249,109,101.801,95.8885,66.6464,1210,"exact"
2019,"gonzaga",32.7887,2,125.125,92.336,69.7687,1211,"exact"
2019,"grambling st.",-9.42191,272,94.6313,104.053,69.6439,1212,"exact"
2019,"grand canyon",6.2152,105,108.062,101.847,67.5565,1213,"exact"
2019,"hampton",-2.55932,193,107.465,110.024,70.846,1214,"exact"
2019,"hartford",-2.23743,189,108.313,110.55,66.5261,1216,"exact"
2019,"harvard",4.50316,124,104.799,100.296,67.3207,1217,"exact"
2019,"hawaii",-3.03268,196,103.474,106.506,66.203,1218,"exact"
2019,"high point",-5.5176,228,99.1309,104.648,63.5399,1219,"exact"
2019,"hofstra",7.47361,94,116.264,108.791,67.221,1220,"exact"
2019,"holy cross",-6.80262,240,100.928,107.731,63.4373,1221,"exact"
2019,"houston",22.4249,15,114.118,91.6934,66.1482,1222,"exact"
2019,"houston baptist",-9.61724,276,102.841,112.458,73.7328,1223,"exact"
2019,"howard",-12.3921,308,101.774,114.166,71.0688,1224,"exact"
2019,"idaho",-23.8971,347,94.7845,118.682,65.1889,1225,"exact"
2019,"idaho st.",-16.2899,328,101.816,118.106,66.7159,1226,"exact"
2019,"illinois chicago",-3.20564,200,100.361,103.567,69.8766,1227,"manual"
2019,"illinois",8.50687,83,109.081,100.574,70.4007,1228,"exact"
2019,"illinois st.",-3.50378,204,101.043,104.547,66.5836,1229,"exact"
2019,"incarnate word",-22.8671,345,97.3732,120.24,64.8046,1230,"exact"
2019,"indiana",15.2836,42,110.11,94.8266,66.4416,1231,"exact"
2019,"indiana st.",-4.13912,207,100.993,105.132,68.7752,1232,"exact"
2019,"iona",-3.07828,197,106.514,109.593,70.5217,1233,"exact"
2019,"iowa",15.9555,36,117.163,101.207,69.3715,1234,"exact"
2019,"iowa st.",21.8472,16,118.992,97.1452,67.6056,1235,"exact"
2019,"purdue fort wayne",-2.27913,190,106.513,108.792,71.494,1236,"exact"
2019,"iupui",-2.56158,194,103.844,106.405,68.4399,1237,"exact"
2019,"jackson st.",-14.8412,319,89.7641,104.605,64.9545,1238,"exact"
2019,"jacksonville",-7.60091,250,98.6664,106.267,70.8234,1239,"exact"
2019,"jacksonville st.",5.45502,113,104.877,99.4222,67.5005,1240,"exact"
2019,"james madison",-9.86717,278,100.892,110.759,65.0556,1241,"exact"
2019,"kansas",20.7051,20,112.746,92.0406,69.9355,1242,"exact"
2019,"kansas st.",20.2225,23,107.96,87.7377,63.0414,1243,"exact"
2019,"kennesaw st.",-19.1461,339,91.6484,110.794,68.1024,1244,"exact"
2019,"kent st.",2.8318,142,109.58,106.748,67.2868,1245,"exact"
2019,"kentucky",27.4133,7,118.223,90.8094,65.8287,1246,"exact"
2019,"la salle",-5.1628,225,99.8274,104.99,68.7618,1247,"exact"
2019,"lafayette",-11.2709,299,101.388,112.659,68.7448,1248,"exact"
2019,"lamar",-4.56954,216,103.06,107.629,68.1336,1249,"exact"
2019,"lehigh",-0.785117,169,108.594,109.379,71.412,1250,"exact"
2019,"liberty",10.8215,63,110.565,99.7435,61.7759,1251,"exact"
2019,"lipscomb",13.2414,53,110.008,96.7669,72.8608,1252,"exact"
2019,"long beach st.",-4.99497,223,101.027,106.022,71.4048,1253,"exact"
2019,"liu brooklyn",-8.1807,262,98.0985,106.279,70.7067,1254,"exact"
2019,"longwood",-10.1933,286,96.2975,106.491,66.9354,1255,"exact"
2019,"louisiana tech",2.9544,141,104.698,101.744,65.2807,1256,"exact"
2019,"louisville",20.9708,17,113.376,92.4055,67.1312,1257,"exact"
2019,"loyola marymount",3.41867,138,103.569,100.15,62.7031,1258,"exact"
2019,"loyola md",-8.72034,266,101.448,110.168,68.3802,1259,"exact"
2019,"loyola chicago",4.14911,133,104.181,100.032,62.3185,1260,"exact"
2019,"lsu",20.9656,18,118.485,97.5196,69.8753,1261,"exact"
2019,"umass lowell",-7.85363,258,104.301,112.154,69.6994,1262,"exact"
2019,"maine",-18.6462,337,93.08,111.726,63.9046,1263,"exact"
2019,"manhattan",-15.2205,323,89.3513,104.572,61.6806,1264,"exact"
2019,"marist",-9.50558,274,100.034,109.54,64.3489,1265,"exact"
2019,"marquette",18.4207,27,114.15,95.7294,68.5839,1266,"exact"
2019,"marshall",-0.155242,162,107.925,108.08,73.8809,1267,"exact"
2019,"maryland",19.9776,24,113.82,93.8429,65.6376,1268,"exact"
2019,"massachusetts",-6.15915,235,102.762,108.921,67.1637,1269,"exact"
2019,"mcneese st.",-16.5561,331,97.9933,114.549,66.1609,1270,"exact"
2019,"maryland eastern shore",-29.6974,353,85.0877,114.785,62.9297,1271,"exact"
2019,"memphis",10.8823,62,108.977,98.095,74.0535,1272,"exact"
2019,"mercer",-2.60028,195,103.518,106.119,66.6596,1273,"exact"
2019,"miami fl",9.68546,71,109.928,100.243,66.8579,1274,"exact"
2019,"miami oh",1.779,149,104.688,102.909,66.169,1275,"exact"
2019,"michigan",29.4352,5,115.516,86.081,64.4257,1276,"exact"
2019,"michigan st.",31.3607,4,121.729,90.3679,67.4035,1277,"exact"
2019,"minnesota",14.4575,47,110.671,96.2136,67.4509,1278,"exact"
2019,"mississippi",15.0831,44,112.779,97.6963,68.3346,1279,"exact"
2019,"mississippi st.",20.6776,21,117.395,96.7173,67.4194,1280,"exact"
2019,"missouri",9.75563,70,106.72,96.9639,64.6217,1281,"exact"
2019,"umkc",-6.13794,234,100.91,107.048,66.1745,1282,"exact"
2019,"missouri st.",-0.923401,173,102.877,103.801,65.283,1283,"exact"
2019,"monmouth",-10.8746,293,92.9924,103.867,67.2969,1284,"exact"
2019,"montana",3.54691,137,107.36,103.814,66.5497,1285,"exact"
2019,"montana st.",-7.6413,252,107.436,115.078,69.8395,1286,"exact"
2019,"morehead st.",-7.71446,255,102.201,109.915,67.0143,1287,"exact"
2019,"morgan st.",-18.0416,334,92.4707,110.512,71.9187,1288,"exact"
2019,"mississippi valley st.",-25.0914,350,89.418,114.509,69.0551,1290,"manual"
2019,"mount st. mary's",-15.2323,324,94.5997,109.832,67.003,1291,"exact"
2019,"middle tennessee",-7.20583,244,98.1104,105.316,67.4914,1292,"exact"
2019,"murray st.",13.3317,52,112.038,98.706,69.0116,1293,"exact"
2019,"northern colorado",-2.43685,191,102.163,104.6,66.3238,1294,"exact"
2019,"north dakota st.",-3.19855,199,106.552,109.751,64.7859,1295,"exact"
2019,"northern illinois",3.87495,136,108.815,104.94,65.771,1296,"exact"
2019,"northern kentucky",6.55918,100,109.235,102.676,67.9179,1297,"exact"
2019,"navy",-9.89861,280,97.1094,107.008,66.7848,1298,"exact"
2019,"north carolina a&t",-11.5799,302,96.3396,107.92,65.5423,1299,"exact"
2019,"north carolina central",-11.8864,303,96.6416,108.528,65.2069,1300,"exact"
2019,"nc state",16.6963,33,112.738,96.0413,70.7634,1301,"exact"
2019,"nebraska omaha",-0.358195,164,109.901,110.259,67.7259,1303,"exact"
2019,"nebraska",15.5289,39,112.577,97.048,66.2714,1304,"exact"
2019,"nevada",18.9229,25,114,95.0771,69.2146,1305,"exact"
2019,"new hampshire",-23.0495,346,84.1713,107.221,65.4803,1306,"exact"
2019,"new mexico",-1.60107,183,103.911,105.512,72.6568,1307,"exact"
2019,"new mexico st.",13.588,49,112.605,99.0173,65.5861,1308,"exact"
2019,"new orleans",-7.68497,253,96.9654,104.65,68.1804,1309,"exact"
2019,"niagara",-13.5526,314,101.592,115.144,69.5012,1310,"exact"
2019,"nicholls st.",-12.6511,310,98.6411,111.292,68.3493,1311,"exact"
2019,"njit",-1.28613,180,101.116,102.402,66.448,1312,"exact"
2019,"norfolk st.",-8.39786,264,97.5242,105.922,69.1099,1313,"exact"
2019,"north carolina",29.171,6,119.872,90.701,74.2921,1314,"exact"
2019,"north dakota",-8.77507,268,97.3214,106.096,69.5383,1315,"exact"
2019,"north florida",-0.953525,174,103.756,104.71,71.7808,1316,"exact"
2019,"north texas",0.509706,157,99.49,98.9803,65.1463,1317,"exact"
2019,"northeastern",8.74685,79,111.465,102.718,66.0293,1318,"exact"
2019,"northern arizona",-11.9236,304,100.391,112.314,68.3584,1319,"exact"
2019,"northern iowa",-1.16044,176,101.118,102.279,64.2357,1320,"exact"
2019,"northwestern",9.55389,74,102.913,93.3587,65.832,1321,"exact"
2019,"northwestern st.",-19.7288,340,89.8926,109.621,68.4302,1322,"exact"
2019,"notre dame",7.58238,90,108.221,100.639,65.07,1323,"exact"
2019,"oakland",-2.1149,188,107.293,109.408,68.4997,1324,"exact"
2019,"ohio",-1.52949,182,98.5949,100.124,69.0961,1325,"exact"
2019,"ohio st.",15.0781,45,109.268,94.1896,65.6907,1326,"exact"
2019,"oklahoma",15.5345,38,109.401,93.8663,68.6808,1328,"exact"
2019,"oklahoma st.",7.5958,89,108.87,101.274,65.876,1329,"exact"
2019,"old dominion",5.57853,112,101.929,96.3508,64.2892,1330,"exact"
2019,"oral roberts",-10.7234,291,103.303,114.027,66.7046,1331,"exact"
2019,"oregon",15.1521,43,107.7,92.5481,64.0656,1332,"exact"
2019,"oregon st.",7.89006,85,111.168,103.278,65.5336,1333,"exact"
2019,"pacific",-4.4898,213,99.7551,104.245,64.9223,1334,"exact"
2019,"penn",4.28135,130,103.968,99.6865,66.7183,1335,"exact"
2019,"penn st.",15.418,40,109.48,94.0617,67.5287,1336,"exact"
2019,"pepperdine",1.41396,153,106.644,105.23,70.1525,1337,"exact"
2019,"pittsburgh",7.09009,97,105.122,98.0319,66.8542,1338,"exact"
2019,"portland",-15.6325,326,94.2461,109.879,66.6735,1339,"exact"
2019,"portland st.",-10.3797,287,101.489,111.868,68.8975,1340,"exact"
2019,"prairie view a&m",-4.30871,209,101.53,105.838,70.961,1341,"exact"
2019,"presbyterian",-1.94762,187,109.067,111.014,67.6282,1342,"exact"
2019,"princeton",-1.00396,175,98.658,99.662,67.4584,1343,"exact"
2019,"providence",9.95407,67,104.954,94.9998,67.6763,1344,"exact"
2019,"purdue",26.0512,10,121.093,95.0422,65.6263,1345,"exact"
2019,"quinnipiac",-5.97503,233,104.362,110.337,66.6853,1346,"exact"
2019,"radford",4.44682,125,108.672,104.225,64.3313,1347,"exact"
2019,"rhode island",2.68032,143,103.764,101.084,67.4178,1348,"exact"
2019,"rice",-7.48342,247,102.845,110.328,69.9961,1349,"exact"
2019,"richmond",-3.23114,201,106.768,109.999,65.8149,1350,"exact"
2019,"rider",-4.51028,215,101.257,105.767,73.771,1351,"exact"
2019,"robert morris",-8.75992,267,94.7684,103.528,65.9481,1352,"exact"
2019,"rutgers",9.31314,77,105.521,96.2082,67.5046,1353,"exact"
2019,"south carolina st.",-18.8189,338,97.8665,116.685,66.7924,1354,"exact"
2019,"south dakota st.",7.08246,98,112.063,104.98,70.8677,1355,"exact"
2019,"southern illinois",1.69993,150,104.194,102.494,65.6428,1356,"exact"
2019,"sacred heart",-6.70547,239,104.035,110.74,71.8237,1357,"exact"
2019,"sam houston st.",-0.883261,172,105.877,106.76,65.9883,1358,"exact"
2019,"samford",2.21436,144,106.551,104.337,69.0254,1359,"exact"
2019,"san diego",7.88874,86,105.953,98.0644,66.8039,1360,"exact"
2019,"san diego st.",5.04015,121,103.734,98.694,66.5072,1361,"exact"
2019,"san francisco",9.95637,66,111.706,101.749,66.3894,1362,"exact"
2019,"san jose st.",-21.8493,343,91.7341,113.583,69.1361,1363,"exact"
2019,"uc santa barbara",-0.800879,170,105.046,105.847,64.5388,1364,"exact"
2019,"santa clara",-1.85043,185,101.79,103.64,66.1489,1365,"exact"
2019,"savannah st.",-19.767,341,96.1903,115.957,74.7456,1366,"exact"
2019,"usc upstate",-18.544,336,92.783,111.327,67.9093,1367,"exact"
2019,"southeastern louisiana",-5.90069,231,99.2469,105.148,65.094,1368,"exact"
2019,"southeast missouri st.",-12.4713,309,97.3542,109.826,67.4693,1369,"manual"
2019,"seattle",-1.4208,181,100.733,102.154,67.1668,1370,"exact"
2019,"seton hall",12.9072,55,109.303,96.3961,68.9235,1371,"exact"
2019,"stephen f. austin",-12.7492,311,95.3061,108.055,68.6702,1372,"exact"
2019,"siena",-8.41038,265,100.485,108.896,60.4718,1373,"exact"
2019,"smu",5.17394,117,111.979,106.805,64.8657,1374,"exact"
2019,"south alabama",-4.48961,212,102.98,107.47,66.194,1375,"exact"
2019,"south carolina",9.67339,73,107.943,98.2698,70.0712,1376,"exact"
2019,"south dakota",-5.70338,229,100.34,106.044,66.7774,1377,"exact"
2019,"south florida",5.0373,122,102.286,97.249,67.072,1378,"exact"
2019,"southern miss",6.41779,101,106.516,100.098,64.671,1379,"exact"
2019,"southern",-18.4091,335,93.7138,112.123,65.5417,1380,"exact"
2019,"southern utah",-9.90562,281,96.4563,106.362,70.9119,1381,"exact"
2019,"st. bonaventure",5.16812,118,101.97,96.8019,63.7948,1382,"exact"
2019,"st. francis ny",-9.49161,273,95.7217,105.213,68.2721,1383,"manual"
2019,"st. john's",8.75182,78,109.671,100.92,70.4832,1385,"exact"
2019,"saint joseph's",-1.72905,184,105.182,106.911,68.4008,1386,"exact"
2019,"saint louis",6.27254,104,102.575,96.3024,66.0798,1387,"exact"
2019,"saint mary's",17.7106,31,114.634,96.9231,62.6466,1388,"exact"
2019,"saint peter's",-13.6337,315,94.3694,108.003,63.0592,1389,"exact"
2019,"stanford",5.12042,119,103.274,98.1537,69.7863,1390,"exact"
2019,"stetson",-15.8211,327,97.5551,113.376,68.7155,1391,"exact"
2019,"stony brook",-0.751765,168,99.1337,99.8855,68.8958,1392,"exact"
2019,"syracuse",16.3,35,110.213,93.9133,66.0629,1393,"exact"
2019,"texas a&m corpus chris",-9.94367,282,94.4776,104.421,64.7448,1394,"manual"
2019,"tcu",14.1725,48,110.357,96.1846,68.7688,1395,"exact"
2019,"temple",9.3923,76,108.851,99.4587,68.7589,1396,"exact"
2019,"tennessee",26.98,8,122.479,95.4987,67.703,1397,"exact"
2019,"tennessee st.",-11.0763,295,98.3954,109.472,69.2896,1398,"exact"
2019,"tennessee tech",-15.1881,322,89.4202,104.608,68.1468,1399,"exact"
2019,"texas",17.8908,30,114.07,96.1787,64.2286,1400,"exact"
2019,"texas a&m",7.49169,92,106.904,99.4118,67.2706,1401,"exact"
2019,"texas st.",4.367,126,102.046,97.6794,65.0052,1402,"exact"
2019,"texas tech",26.7476,9,112.694,85.9468,66.5403,1403,"exact"
2019,"tennessee martin",-10.6212,289,104.544,115.165,68.309,1404,"manual"
2019,"toledo",11.9973,58,110.011,98.0138,67.4606,1405,"exact"
2019,"towson",-10.4831,288,100.056,110.539,63.3624,1406,"exact"
2019,"troy",-7.40411,246,102.778,110.182,66.8624,1407,"exact"
2019,"tulane",-10.7752,292,96.4776,107.253,69.6007,1408,"exact"
2019,"tulsa",4.23166,131,104.647,100.415,68.6702,1409,"exact"
2019,"ut rio grande valley",-0.372695,166,99.262,99.6347,70.0964,1410,"manual"
2019,"texas southern",-4.50359,214,103.973,108.477,74.4982,1411,"exact"
2019,"uab",1.83645,148,106.362,104.525,64.9071,1412,"exact"
2019,"uc davis",-7.49286,248,96.2063,103.699,65.714,1413,"exact"
2019,"uc irvine",9.46217,75,106.606,97.144,65.0838,1414,"exact"
2019,"uc riverside",-14.9521,321,98.0702,113.022,63.1416,1415,"exact"
2019,"ucf",14.5761,46,110.31,95.7335,64.7843,1416,"exact"
2019,"ucla",5.88337,110,108.419,102.535,72.3673,1417,"exact"
2019,"louisiana",-1.18368,177,106.509,107.692,71.9409,1418,"exact"
2019,"umbc",-5.75064,230,95.9118,101.662,64.8239,1420,"exact"
2019,"unc asheville",-24.1131,348,92.7624,116.875,61.7689,1421,"exact"
2019,"unc greensboro",8.59419,81,106.538,97.9441,67.4135,1422,"exact"
2019,"unc wilmington",-9.03746,270,105.285,114.322,69.1323,1423,"exact"
2019,"unlv",-0.135181,160,105.845,105.98,67.3529,1424,"exact"
2019,"usc",7.64821,88,109.216,101.568,69.4073,1425,"exact"
2019,"ut arlington",1.54052,152,101.149,99.6082,66.1199,1426,"exact"
2019,"utsa",1.65626,151,105.703,104.047,71.9533,1427,"exact"
2019,"utah",5.39427,114,114.207,108.812,66.2264,1428,"exact"
2019,"utah st.",16.6198,34,112.966,96.3467,67.7963,1429,"exact"
2019,"utah valley",7.17399,96,109.005,101.831,68.3512,1430,"exact"
2019,"utep",-11.224,298,89.8435,101.067,67.8174,1431,"exact"
2019,"vcu",15.6895,37,104.312,88.6222,68.1835,1433,"exact"
2019,"valparaiso",-4.91488,221,97.9219,102.837,65.0801,1434,"exact"
2019,"vanderbilt",0.791059,154,101.986,101.195,67.0967,1435,"exact"
2019,"vermont",8.72064,80,107.949,99.2286,65.3218,1436,"exact"
2019,"villanova",18.7745,26,116.973,98.1987,63.6099,1437,"exact"
2019,"virginia",35.6552,1,123.571,87.9163,59.2665,1438,"exact"
2019,"virginia tech",24.4696,11,118.433,93.9634,63.2505,1439,"exact"
2019,"vmi",-10.0417,283,102.226,112.267,71.4249,1440,"exact"
2019,"western carolina",-9.2154,271,101.643,110.859,69.3602,1441,"exact"
2019,"western illinois",-10.9695,294,97.3095,108.279,67.1794,1442,"exact"
2019,"western kentucky",5.27172,116,104.857,99.5857,67.5919,1443,"exact"
2019,"western michigan",-7.61137,251,99.0027,106.614,69.066,1444,"exact"
2019,"wagner",-13.4364,313,93.7646,107.201,63.6371,1447,"exact"
2019,"wake forest",-0.223347,163,104.608,104.831,67.3932,1448,"exact"
2019,"washington",13.3669,51,106.98,93.6134,65.8589,1449,"exact"
2019,"washington st.",-4.31013,210,105.898,110.208,70.4586,1450,"exact"
2019,"weber st.",-5.05715,224,101.315,106.372,70.9685,1451,"exact"
2019,"west virginia",7.26105,95,109.05,101.789,70.1799,1452,"exact"
2019,"green bay",-3.62416,206,102.833,106.457,73.5063,1453,"exact"
2019,"milwaukee",-11.3395,300,98.1553,109.495,65.9016,1454,"exact"
2019,"wichita st.",7.4877,93,105.911,98.4236,67.7776,1455,"exact"
2019,"william & mary",-4.65148,219,103.309,107.96,68.4839,1456,"exact"
2019,"winthrop",-1.20446,178,106.397,107.602,72.57,1457,"exact"
2019,"wisconsin",23.675,12,110.809,87.134,63.61,1458,"exact"
2019,"wofford",20.7146,19,118.357,97.6422,65.6363,1459,"exact"
2019,"wright st.",4.33381,127,105.938,101.604,64.9762,1460,"exact"
2019,"wyoming",-13.6523,317,94.9571,108.609,68.2655,1461,"exact"
2019,"xavier",10.4295,64,110.834,100.405,64.8013,1462,"exact"
2019,"yale",8.58693,82,111.702,103.115,70.7049,1463,"exact"
2019,"youngstown st.",-8.30074,263,103.895,112.196,66.8988,1464,"exact"
2019,"cal baptist",-2.51509,192,106.683,109.198,67.8059,1465,"exact"
2019,"north alabama",-10.1691,285,94.9641,105.133,68.3067,1466,"exact"
2021,"abilene christian",10.1273,86,103.047,92.9196,69.9524,1101,"exact"
2021,"air force",-16.0021,329,94.4641,110.466,63.1058,1102,"exact"
2021,"akron",8.26765,99,108.767,100.5,68.7787,1103,"exact"
2021,"alabama",24.9876,8,111.722,86.734,73.9267,1104,"exact"
2021,"alabama a&m",-21.4437,348,84.3924,105.836,67.8101,1105,"exact"
2021,"alabama st.",-26.5184,354,83.9387,110.457,71.0818,1106,"exact"
2021,"albany",-6.50325,234,97.296,103.799,69.895,1107,"exact"
2021,"alcorn st.",-19.7065,346,90.5317,110.238,69.7204,1108,"exact"
2021,"american",-9.11268,261,96.5962,105.709,67.7644,1110,"exact"
2021,"appalachian st.",-4.33805,209,99.3998,103.738,65.6825,1111,"exact"
2021,"arizona",15.9375,43,113.405,97.4671,68.0267,1112,"exact"
2021,"arizona st.",6.23213,113,106.479,100.247,72.8178,1113,"exact"
2021,"little rock",-6.97717,240,98.1104,105.088,67.2752,1114,"exact"
2021,"arkansas pine bluff",-24.0453,351,90.7664,114.812,67.2603,1115,"manual"
2021,"arkansas",21.5292,18,111.502,89.9724,73.1045,1116,"exact"
2021,"arkansas st.",-8.00151,251,98.9901,106.992,67.9173,1117,"exact"
2021,"army",-2.26514,189,98.657,100.922,68.4317,1119,"exact"
2021,"auburn",13.0213,64,111.349,98.328,71.2598,1120,"exact"
2021,"austin peay",-4.73885,214,103.905,108.644,67.0697,1122,"exact"
2021,"ball st.",2.47673,137,103.524,101.047,70.9735,1123,"exact"
2021,"baylor",29.4969,4,123.265,93.7679,68.3891,1124,"exact"
2021,"belmont",7.79524,104,109.519,101.724,71.0482,1125,"exact"
2021,"bethune cookman",-22.0917,349,90.1922,112.284,72.6185,1126,"fuzzy"
2021,"binghamton",-14.9105,322,97.1429,112.053,66.2475,1127,"exact"
2021,"boise st.",13.5633,60,109.141,95.5776,69.4004,1129,"exact"
2021,"boston college",1.80552,143,104.974,103.169,71.1204,1130,"exact"
2021,"boston university",-8.03681,253,100.538,108.575,65.931,1131,"exact"
2021,"bowling green",5.17672,121,107.193,102.016,70.4258,1132,"exact"
2021,"bradley",2.04346,140,103.41,101.367,66.1874,1133,"exact"
2021,"brown",-7.26366,244,95.2542,102.518,69.9965,1135,"exact"
2021,"bryant",-0.283342,174,103.686,103.97,73.5938,1136,"exact"
2021,"bucknell",-10.1068,274,97.383,107.49,72.165,1137,"exact"
2021,"buffalo",12.3843,68,107.288,94.9042,73.599,1138,"exact"
2021,"butler",5.92072,115,102.766,96.8449,64.8811,1139,"exact"
2021,"byu",20.9462,24,113.107,92.1612,67.9796,1140,"exact"
2021,"central michigan",-10.1545,275,100.421,110.575,72.3587,1141,"exact"
2021,"cal poly",-16.8662,334,89.3527,106.219,67.0974,1142,"exact"
2021,"california",2.59863,136,103.334,100.735,65.0621,1143,"exact"
2021,"campbell",-4.27002,208,102.947,107.217,64.2288,1144,"exact"
2021,"canisius",-7.50572,250,99.148,106.654,70.9002,1145,"exact"
2021,"central arkansas",-16.5729,332,97.1227,113.696,71.1401,1146,"exact"
2021,"central connecticut",-18.337,339,92.8863,111.223,70.63,1148,"exact"
2021,"charleston southern",-18.0774,337,89.9024,107.98,69.8875,1149,"exact"
2021,"charlotte",-6.355,233,97.1924,103.547,62.9761,1150,"exact"
2021,"chattanooga",0.968511,156,102.946,101.977,66.7146,1151,"exact"
2021,"chicago st.",-29.398,356,88.2708,117.669,67.7559,1152,"exact"
2021,"cincinnati",5.72803,116,103.269,97.5408,70.9835,1153,"exact"
2021,"the citadel",-4.80786,216,103.945,108.753,74.5068,1154,"exact"
2021,"clemson",16.1652,42,106.87,90.7046,64.2422,1155,"exact"
2021,"cleveland st.",1.37289,151,100.852,99.4794,66.3028,1156,"exact"
2021,"coastal carolina",-0.369163,175,100.219,100.588,70.9261,1157,"exact"
2021,"charleston",-5.79715,226,102.32,108.117,63.8445,1158,"exact"
2021,"colgate",10.2223,84,110.89,100.668,72.4472,1159,"exact"
2021,"colorado",21.6816,17,114.417,92.7358,66.3585,1160,"exact"
2021,"colorado st.",13.0292,63,107.932,94.903,69.4839,1161,"exact"
2021,"columbia",-10.8147,282,94.7192,105.534,69.2325,1162,"exact"
2021,"connecticut",21.9011,16,113.581,91.6796,66.0354,1163,"exact"
2021,"coppin st.",-11.084,287,90.8887,101.973,77.1134,1164,"exact"
2021,"cornell",-4.76066,215,101.404,106.165,67.1275,1165,"exact"
2021,"creighton",21.3051,19,114.87,93.5652,69.0627,1166,"exact"
2021,"cal st. bakersfield",1.92809,142,103.771,101.843,63.9325,1167,"manual"
2021,"cal st. fullerton",-8.87941,259,100.98,109.859,72.061,1168,"exact"
2021,"cal st. northridge",-10.095,273,100.809,110.904,70.443,1169,"exact"
2021,"sacramento st.",-8.96061,260,101.769,110.729,65.5847,1170,"exact"
2021,"dartmouth",-10.2617,276,94.8932,105.155,66.8705,1171,"exact"
2021,"davidson",13.9813,57,114.217,100.236,62.8759,1172,"exact"
2021,"dayton",10.8259,79,108.417,97.591,66.2096,1173,"exact"
2021,"delaware",-5.54095,225,97.1962,102.737,66.8263,1174,"exact"
2021,"delaware st.",-23.9573,350,90.839,114.796,73.6156,1175,"exact"
2021,"denver",-19.519,343,93.3716,112.891,71.183,1176,"exact"
2021,"depaul",3.39149,133,97.6582,94.2667,70.9075,1177,"exact"
2021,"detroit",1.56574,147,109.703,108.137,67.4349,1178,"exact"
2021,"drake",14.6425,53,113.949,99.3062,66.7599,1179,"exact"
2021,"drexel",1.6183,146,107.143,105.525,64.2271,1180,"exact"
2021,"duke",18.1822,33,114.798,96.6159,68.8659,1181,"exact"
2021,"duquesne",5.55968,119,101.942,96.3825,69.1846,1182,"exact"
2021,"eastern illinois",-12.8593,309,95.5439,108.403,69.2083,1183,"exact"
2021,"eastern kentucky",-0.174253,172,101.071,101.245,75.1077,1184,"exact"
2021,"eastern michigan",-10.4828,278,97.337,107.82,68.3841,1185,"exact"
2021,"eastern washington",6.65145,110,107.67,101.018,72.3499,1186,"exact"
2021,"east carolina",0.356484,165,99.1459,98.7894,68.1591,1187,"exact"
2021,"siu edwardsville",-14.4641,320,92.648,107.112,68.525,1188,"exact"
2021,"elon",-3.61317,199,96.7933,100.407,66.7757,1189,"exact"
2021,"east tennessee st.",4.25453,126,103.074,98.8195,65.6963,1190,"exact"
2021,"evansville",-3.97011,203,105.657,109.627,62.2967,1191,"exact"
2021,"fairleigh dickinson",-11.3569,290,101.063,112.42,70.9838,1192,"exact"
2021,"fairfield",-12.6691,308,94.7434,107.413,64.623,1193,"exact"
2021,"florida atlantic",-1.13996,182,101.721,102.861,68.3991,1194,"exact"
2021,"florida gulf coast",-11.1906,288,93.1394,104.33,70.9377,1195,"exact"
2021,"florida",17.5522,37,110.975,93.4227,68.6479,1196,"exact"
2021,"florida a&m",-10.5941,280,90.2201,100.814,68.6837,1197,"exact"
2021,"fiu",-11.7728,297,97.1507,108.924,70.6465,1198,"exact"
2021,"florida st.",22.0698,15,116.442,94.3726,70.5582,1199,"exact"
2021,"fordham",-12.1166,300,86.5875,98.7042,64.05,1200,"exact"
2021,"fresno st.",-1.8792,187,99.8941,101.773,66.0541,1201,"exact"
2021,"furman",8.9319,92,109.777,100.845,67.9431,1202,"exact"
2021,"george washington",-5.44445,223,101.864,107.309,68.1441,1203,"exact"
2021,"georgia southern",-9.78546,270,93.9047,103.69,67.011,1204,"exact"
2021,"gardner webb",-0.766474,179,104.502,105.268,66.9812,1205,"exact"
2021,"george mason",3.55891,131,101.292,97.7328,68.399,1206,"exact"
2021,"georgetown",14.0569,55,107.693,93.636,69.6374,1207,"exact"
2021,"georgia",8.68534,93,107.834,99.1486,73.5161,1208,"exact"
2021,"georgia st.",1.17875,153,105.468,104.289,70.8402,1209,"exact"
2021,"georgia tech",18.5494,32,113.332,94.783,67.7637,1210,"exact"
2021,"gonzaga",36.6241,1,126.111,89.4872,74.7701,1211,"exact"
2021,"grambling st.",-14.9941,323,91.5223,106.516,70.0774,1212,"exact"
2021,"grand canyon",6.97644,108,103.554,96.5771,65.4771,1213,"exact"
2021,"hampton",-15.2462,325,94.9446,110.191,70.7193,1214,"exact"
2021,"hartford",-2.73095,192,97.4886,100.22,66.7023,1216,"exact"
2021,"harvard",-0.873661,180,101.907,102.781,68.3795,1217,"exact"
2021,"hawaii",-3.24377,196,100.954,104.198,67.1551,1218,"exact"
2021,"high point",-10.7374,281,96.197,106.934,66.3935,1219,"exact"
2021,"hofstra",-1.98779,188,105.896,107.884,68.3524,1220,"exact"
2021,"holy cross",-11.6795,295,97.421,109.101,69.5083,1221,"exact"
2021,"houston",28.8202,6,118.922,90.1017,64.9246,1222,"exact"
2021,"houston baptist",-19.2182,341,92.1299,111.348,72.8807,1223,"exact"
2021,"howard",-13.6049,314,98.2544,111.859,69.9445,1224,"exact"
2021,"idaho",-24.412,352,89.72,114.132,67.087,1225,"exact"
2021,"idaho st.",-9.75845,268,92.9688,102.727,64.5159,1226,"exact"
2021,"illinois chicago",-10.4873,279,93.4525,103.94,68.4633,1227,"manual"
2021,"illinois",30.6122,3,118.957,88.3445,70.7135,1228,"exact"
2021,"illinois st.",-3.38447,198,98.6159,102,69.2834,1229,"exact"
2021,"incarnate word",-19.2861,342,93.1757,112.462,64.9417,1230,"exact"
2021,"indiana",15.812,46,109.345,93.5331,66.1684,1231,"exact"
2021,"indiana st.",5.57957,118,102.561,96.9816,67.171,1232,"exact"
2021,"iona",-1.03598,181,100.371,101.407,68.3119,1233,"exact"
2021,"iowa",28.9031,5,123.496,94.5925,69.9829,1234,"exact"
2021,"iowa st.",-0.703788,178,99.7934,100.497,70.1602,1235,"exact"
2021,"purdue fort wayne",-9.90677,271,100.698,110.604,69.8618,1236,"exact"
2021,"iupui",-8.40399,256,96.4943,104.898,72.4399,1237,"exact"
2021,"jackson st.",-10.0791,272,87.7513,97.8304,68.7417,1238,"exact"
2021,"jacksonville",-12.1974,301,93.1841,105.382,67.931,1239,"exact"
2021,"jacksonville st.",0.780385,159,104.978,104.197,66.1265,1240,"exact"
2021,"james madison",-0.173457,171,103.484,103.658,72.1367,1241,"exact"
2021,"kansas",21.0313,22,109.615,88.5839,68.2629,1242,"exact"
2021,"kansas st.",0.86376,157,99.0924,98.2286,65.7669,1243,"exact"
2021,"kennesaw st.",-17.9305,336,87.2903,105.221,69.6755,1244,"exact"
2021,"kent st.",7.41109,106,106.036,98.6252,70.0418,1245,"exact"
2021,"kentucky",15.2302,49,108.18,92.9496,68.3789,1246,"exact"
2021,"la salle",-2.96568,194,102.065,105.03,68.8432,1247,"exact"
2021,"lafayette",-8.44417,257,103.062,111.506,68.9422,1248,"exact"
2021,"lamar",-13.0357,310,92.7176,105.753,67.8072,1249,"exact"
2021,"lehigh",-16.7444,333,91.8037,108.548,70.2959,1250,"exact"
2021,"liberty",8.37002,97,110.143,101.773,63.1252,1251,"exact"
2021,"lipscomb",-7.10655,242,100.473,107.58,66.3837,1252,"exact"
2021,"long beach st.",-8.03406,252,97.0017,105.036,74.0597,1253,"exact"
2021,"liu",-9.24683,263,93.7719,103.019,74.0078,1254,"exact"
2021,"longwood",-6.75151,238,98.0008,104.752,65.3282,1255,"exact"
2021,"louisiana tech",10.3437,82,103.402,93.0587,69.4319,1256,"exact"
2021,"louisville",14.1007,54,107.785,93.6839,65.9791,1257,"exact"
2021,"loyola marymount",8.08024,102,107.285,99.2047,66.2647,1258,"exact"
2021,"loyola md",-4.33853,210,96.9588,101.297,68.7173,1259,"exact"
2021,"loyola chicago",23.7539,9,110.416,86.6625,64.1938,1260,"exact"
2021,"lsu",19.5899,29,119.771,100.181,70.7574,1261,"exact"
2021,"umass lowell",-5.94886,228,99.7252,105.674,69.3434,1262,"exact"
2021,"maine",-19.5961,344,85.8531,105.449,64.9156,1263,"exact"
2021,"manhattan",-13.9449,315,89.4831,103.428,67.3424,1264,"exact"
2021,"marist",-9.41112,264,91.5702,100.981,66.3931,1265,"exact"
2021,"marquette",10.7573,80,107.558,96.8003,67.7183,1266,"exact"
2021,"marshall",9.1372,90,109.35,100.213,72.8932,1267,"exact"
2021,"maryland",18.7175,31,110.916,92.1984,65.3286,1268,"exact"
2021,"massachusetts",6.15706,114,105.658,99.5008,72.0136,1269,"exact"
2021,"mcneese st.",-18.9732,340,95.5005,114.474,68.7776,1270,"exact"
2021,"maryland eastern shore",-27.1627,355,83.9692,111.132,68.0815,1271,"exact"
2021,"memphis",16.6949,38,103.454,86.759,72.0585,1272,"exact"
2021,"mercer",3.7362,129,106.203,102.467,68.0215,1273,"exact"
2021,"miami fl",3.487,132,102.111,98.6242,68.0699,1274,"exact"
2021,"miami oh",1.62287,145,106.212,104.59,66.0864,1275,"exact"
2021,"michigan",30.7915,2,119.434,88.6425,66.8217,1276,"exact"
2021,"michigan st.",14.0141,56,106.989,92.9745,68.6334,1277,"exact"
2021,"minnesota",13.9536,58,108.676,94.7229,70.2486,1278,"exact"
2021,"mississippi",15.3459,48,106.386,91.0397,65.0579,1279,"exact"
2021,"mississippi st.",11.1857,77,106.474,95.2879,65.6985,1280,"exact"
2021,"missouri",15.15,51,110.248,95.0983,68.7329,1281,"exact"
2021,"umkc",-4.90478,218,95.4797,100.384,62.8767,1282,"exact"
2021,"missouri st.",9.42878,88,107.507,98.0782,69.3853,1283,"exact"
2021,"monmouth",-5.8613,227,98.9163,104.778,74.4787,1284,"exact"
2021,"montana",-3.85233,202,98.0064,101.859,66.0296,1285,"exact"
2021,"montana st.",-5.45167,224,98.7154,104.167,68.5642,1286,"exact"
2021,"morehead st.",3.89559,128,100.165,96.2694,65.5948,1287,"exact"
2021,"morgan st.",-5.12074,221,99.816,104.937,72.1947,1288,"exact"
2021,"mississippi valley st.",-41.9191,357,78.9569,120.876,71.4079,1290,"manual"
2021,"mount st. mary's",-5.0102,219,95.4181,100.428,62.172,1291,"exact"
2021,"middle tennessee",-12.5981,306,91.1436,103.742,69.5379,1292,"exact"
2021,"murray st.",0.179133,168,103.332,103.153,66.4688,1293,"exact"
2021,"northern colorado",-7.34207,247,98.2474,105.589,68.1452,1294,"exact"
2021,"north dakota st.",1.7467,144,102.923,101.177,64.904,1295,"exact"
2021,"northern illinois",-17.0092,335,93.5639,110.573,65.6722,1296,"exact"
2021,"northern kentucky",-3.16757,195,104.178,107.345,64.9806,1297,"exact"
2021,"navy",0.797023,158,103.96,103.163,66.2648,1298,"exact"
2021,"north carolina a&t",-10.9156,285,95.3742,106.29,70.909,1299,"exact"
2021,"north carolina central",-15.8501,327,93.2571,109.107,66.2725,1300,"exact"
2021,"nc state",11.6607,73,109.389,97.7283,68.1538,1301,"exact"
2021,"nebraska omaha",-13.3659,312,93.7833,107.149,70.9988,1303,"exact"
2021,"nebraska",8.65753,95,102.211,93.5534,72.1116,1304,"exact"
2021,"nevada",9.44741,87,109.029,99.5815,70.0533,1305,"exact"
2021,"new hampshire",-9.41443,265,95.9888,105.403,66.7541,1306,"exact"
2021,"new mexico",-11.3273,289,91.6628,102.99,68.0607,1307,"exact"
2021,"new mexico st.",0.678536,160,103.612,102.934,64.9615,1308,"exact"
2021,"new orleans",-11.0003,286,97.0691,108.069,72.7151,1309,"exact"
2021,"niagara",-7.48488,249,99.7296,107.214,64.7964,1310,"exact"
2021,"nicholls st.",-3.8511,201,99.9346,103.786,71.8668,1311,"exact"
2021,"njit",-11.7234,296,94.1472,105.871,68.542,1312,"exact"
2021,"norfolk st.",-3.74215,200,100.613,104.355,67.6936,1313,"exact"
2021,"north carolina",20.0876,28,110.111,90.0231,71.8271,1314,"exact"
2021,"north dakota",-11.4754,293,96.8932,108.369,67.4296,1315,"exact"
2021,"north florida",-12.606,307,101.424,114.03,66.7724,1316,"exact"
2021,"north texas",11.6975,71,105.362,93.6646,63.0896,1317,"exact"
2021,"northeastern",0.403385,164,98.6152,98.2119,67.2978,1318,"exact"
2021,"northern arizona",-15.5147,326,97.6947,113.209,64.2253,1319,"exact"
2021,"northern iowa",0.495499,161,103.236,102.741,69.1248,1320,"exact"
2021,"northwestern",12.047,70,104.709,92.6619,68.6949,1321,"exact"
2021,"northwestern st.",-14.6051,321,96.4071,111.012,71.1288,1322,"exact"
2021,"notre dame",10.7053,81,113.863,103.158,67.4977,1323,"exact"
2021,"oakland",-4.2297,207,104.217,108.447,69.9565,1324,"exact"
2021,"ohio",11.1142,78,113.002,101.888,69.3203,1325,"exact"
2021,"ohio st.",25.4253,7,122.274,96.8491,67.0815,1326,"exact"
2021,"oklahoma",16.6439,39,111.427,94.7836,67.689,1328,"exact"
2021,"oklahoma st.",18.7671,30,110.059,91.2923,71.9524,1329,"exact"
2021,"old dominion",1.38667,150,101.069,99.6819,67.722,1330,"exact"
2021,"oral roberts",1.21622,152,108.656,107.44,71.7646,1331,"exact"
2021,"oregon",17.6799,36,114.453,96.7728,67.2355,1332,"exact"
2021,"oregon st.",10.1728,85,109.326,99.1533,65.3971,1333,"exact"
2021,"pacific",4.88921,123,103.15,98.2605,67.2587,1334,"exact"
2021,"penn",-4.69666,213,100.268,104.965,69.4685,1335,"exact"
2021,"penn st.",18.1172,35,112.66,94.5426,69.4224,1336,"exact"
2021,"pepperdine",6.52345,112,107.248,100.725,71.4146,1337,"exact"
2021,"pittsburgh",9.16038,89,108.109,98.9491,68.5672,1338,"exact"
2021,"portland",-15.9777,328,96.1303,112.108,71.3779,1339,"exact"
2021,"portland st.",-8.53721,258,92.212,100.749,69.5716,1340,"exact"
2021,"prairie view a&m",-7.32145,246,94.0805,101.402,69.4664,1341,"exact"
2021,"presbyterian",-15.0601,324,90.6609,105.721,66.0418,1342,"exact"
2021,"princeton",0.464339,162,104.022,103.558,66.9305,1343,"exact"
2021,"providence",11.2542,76,107.425,96.1711,66.5536,1344,"exact"
2021,"purdue",22.2716,13,113.612,91.3407,66.4842,1345,"exact"
2021,"quinnipiac",-10.8968,284,89.5234,100.42,72.2498,1346,"exact"
2021,"radford",-6.69126,235,97.6936,104.385,63.7509,1347,"exact"
2021,"rhode island",7.79368,105,104.91,97.1163,69.2463,1348,"exact"
2021,"rice",-2.396,190,103.798,106.194,69.5909,1349,"exact"
2021,"richmond",12.7946,65,110.659,97.8641,68.9034,1350,"exact"
2021,"rider",-13.9598,316,99.3985,113.358,67.8754,1351,"exact"
2021,"robert morris",-11.5447,294,98.3465,109.891,67.5473,1352,"exact"
2021,"rutgers",18.1428,34,108.651,90.5084,67.7741,1353,"exact"
2021,"south carolina st.",-24.9612,353,87.0196,111.981,71.9612,1354,"exact"
2021,"south dakota st.",5.64561,117,110.582,104.936,71.1822,1355,"exact"
2021,"southern illinois",-2.83778,193,99.8282,102.666,66.4638,1356,"exact"
2021,"sacred heart",-14.1945,317,98.5759,112.77,66.5356,1357,"exact"
2021,"sam houston st.",-1.3078,184,100.876,102.184,71.1912,1358,"exact"
2021,"samford",-9.24078,262,96.4123,105.653,72.9872,1359,"exact"
2021,"san diego",-3.97788,204,96.8859,100.864,70.4715,1360,"exact"
2021,"san diego st.",21.296,20,110.835,89.5391,66.0736,1361,"exact"
2021,"san francisco",8.09808,101,106.436,98.3375,68.0049,1362,"exact"
2021,"san jose st.",-16.2018,330,95.7691,111.971,72.0508,1363,"exact"
2021,"uc santa barbara",12.2317,69,109.242,97.0104,66.1183,1364,"exact"
2021,"santa clara",1.02349,154,99.8265,98.803,70.7099,1365,"exact"
2021,"usc upstate",-14.2973,319,94.8332,109.131,68.5956,1367,"exact"
2021,"southeastern louisiana",-18.2133,338,92.583,110.796,68.8714,1368,"exact"
2021,"southeast missouri st.",-9.76424,269,95.5153,105.28,68.7105,1369,"manual"
2021,"seattle",-6.28941,231,97.8029,104.092,69.0481,1370,"exact"
2021,"seton hall",14.8206,52,110.358,95.5377,66.7711,1371,"exact"
2021,"stephen f. austin",1.02254,155,102.967,101.945,69.9065,1372,"exact"
2021,"siena",-1.79334,186,99.7014,101.495,66.501,1373,"exact"
2021,"smu",13.8364,59,109.541,95.7041,69.002,1374,"exact"
2021,"south alabama",-4.84881,217,103.023,107.872,66.9086,1375,"exact"
2021,"south carolina",4.92025,122,103.667,98.7468,74.8991,1376,"exact"
2021,"south dakota",-0.412466,176,106.498,106.911,69.2353,1377,"exact"
2021,"south florida",-0.639522,177,100.184,100.823,66.9925,1378,"exact"
2021,"southern miss",-8.30626,255,92.7969,101.103,67.749,1379,"exact"
2021,"southern",-13.3088,311,91.0491,104.358,70.9108,1380,"exact"
2021,"southern utah",2.03061,141,107.88,105.85,70.1881,1381,"exact"
2021,"st. bonaventure",20.8204,25,111.309,90.4885,65.1595,1382,"exact"
2021,"st. francis ny",-11.3926,291,101.259,112.652,72.8329,1383,"manual"
2021,"st. john's",12.7185,67,111.232,98.5137,73.642,1385,"exact"
2021,"saint joseph's",-3.24409,197,101.394,104.638,72.3153,1386,"exact"
2021,"saint louis",15.5439,47,110.95,95.4057,67.7794,1387,"exact"
2021,"saint mary's",11.428,75,100.867,89.4391,63.1347,1388,"exact"
2021,"saint peter's",-5.02327,220,90.5,95.5233,66.9921,1389,"exact"
2021,"stanford",10.2579,83,104.081,93.8232,69.5189,1390,"exact"
2021,"stetson",-7.35137,248,100.996,108.347,68.7398,1391,"exact"
2021,"stony brook",-6.19526,230,94.7316,100.927,66.7497,1392,"exact"
2021,"syracuse",16.2268,41,113.82,97.5937,69.2068,1393,"exact"
2021,"texas a&m corpus chris",-19.6965,345,89.0481,108.745,69.8856,1394,"manual"
2021,"tcu",2.46239,138,104.265,101.802,66.9319,1395,"exact"
2021,"temple",2.45581,139,101.242,98.7861,68.9471,1396,"exact"
2021,"tennessee",21.0624,21,108.804,87.7414,67.3118,1397,"exact"
2021,"tennessee st.",-14.2535,318,90.2802,104.534,71.4702,1398,"exact"
2021,"tennessee tech",-13.4817,313,96.13,109.612,69.0994,1399,"exact"
2021,"texas",20.5822,26,113.848,93.2661,69.2079,1400,"exact"
2021,"texas a&m",2.89371,134,101.69,98.7964,64.6398,1401,"exact"
2021,"texas st.",-1.488,185,99.2249,100.713,62.7698,1402,"exact"
2021,"texas tech",20.9465,23,112.362,91.4155,65.3672,1403,"exact"
2021,"tennessee martin",-20.6895,347,92.2856,112.975,67.6942,1404,"manual"
2021,"toledo",13.19,62,114.901,101.711,69.0979,1405,"exact"
2021,"towson",-11.821,298,99.1705,110.992,66.0932,1406,"exact"
2021,"troy",-12.3565,305,92.0821,104.439,68.5971,1407,"exact"
2021,"tulane",1.38778,149,99.1716,97.7838,67.6215,1408,"exact"
2021,"tulsa",4.51969,125,102.184,97.6645,65.8059,1409,"exact"
2021,"ut rio grande valley",-11.412,292,91.3622,102.774,69.9262,1410,"manual"
2021,"texas southern",-6.05453,229,98.9834,105.038,71.9846,1411,"exact"
2021,"uab",8.36725,98,103.411,95.0434,67.3007,1412,"exact"
2021,"uc davis",-5.24709,222,97.3343,102.581,69.4925,1413,"exact"
2021,"uc irvine",6.66902,109,100.516,93.8467,67.6685,1414,"exact"
2021,"uc riverside",6.61934,111,102.768,96.1483,66.9807,1415,"exact"
2021,"ucf",7.91945,103,105.862,97.9424,67.4708,1416,"exact"
2021,"ucla",15.9175,44,113.403,97.4859,64.6928,1417,"exact"
2021,"louisiana",-4.09762,206,100.12,104.218,71.2585,1418,"exact"
2021,"umbc",0.318785,166,100.719,100.4,67.8865,1420,"exact"
2021,"unc asheville",-6.69384,236,100.718,107.411,68.5098,1421,"exact"
2021,"unc greensboro",8.15332,100,104.118,95.9651,68.4895,1422,"exact"
2021,"unc wilmington",-6.96296,239,102.073,109.036,69.3226,1423,"exact"
2021,"unlv",0.0103281,169,103.986,103.976,66.3554,1424,"exact"
2021,"usc",22.2245,14,112.883,90.6583,67.2898,1425,"exact"
2021,"ut arlington",-8.03831,254,97.9731,106.011,69.5598,1426,"exact"
2021,"utsa",0.263018,167,106.249,105.986,72.1193,1427,"exact"
2021,"utah",11.6836,72,110.509,98.8252,67.9379,1428,"exact"
2021,"utah st.",16.51,40,105.729,89.2192,68.8615,1429,"exact"
2021,"utah valley",-4.54948,211,100.035,104.585,70.5242,1430,"exact"
2021,"utep",2.76678,135,103.174,100.407,68.1453,1431,"exact"
2021,"vcu",15.9115,45,105.49,89.5783,69.8256,1433,"exact"
2021,"valparaiso",-2.64998,191,96.5234,99.1734,67.2727,1434,"exact"
2021,"vanderbilt",8.56973,96,108.906,100.336,68.9556,1435,"exact"
2021,"vermont",3.61807,130,105.495,101.877,66.6864,1436,"exact"
2021,"villanova",22.6184,12,118.602,95.984,65.0666,1437,"exact"
2021,"virginia",22.6542,11,115.637,92.9824,60.0732,1438,"exact"
2021,"virginia tech",15.2207,50,110.048,94.8276,66.1503,1439,"exact"
2021,"vmi",1.47901,148,107.837,106.358,70.2126,1440,"exact"
2021,"western carolina",-6.72905,237,99.8518,106.581,70.8075,1441,"exact"
2021,"western illinois",-12.3452,304,97.3226,109.668,71.7936,1442,"exact"
2021,"western kentucky",8.67238,94,105.665,96.9924,67.8481,1443,"exact"
2021,"western michigan",-9.45528,267,95.0851,104.54,66.2695,1444,"exact"
2021,"wagner",-4.59764,212,101.177,105.774,65.847,1447,"exact"
2021,"wake forest",-0.0606496,170,101.402,101.463,67.2547,1448,"exact"
2021,"washington",-0.248179,173,101.942,102.19,71.3204,1449,"exact"
2021,"washington st.",7.36095,107,100.452,93.0909,67.8824,1450,"exact"
2021,"weber st.",3.9424,127,106.995,103.053,72.162,1451,"exact"
2021,"west virginia",20.3206,27,116.128,95.8073,69.6016,1452,"exact"
2021,"green bay",-7.28712,245,102.69,109.978,66.2508,1453,"exact"
2021,"milwaukee",-4.03598,205,102.206,106.242,70.0811,1454,"exact"
2021,"wichita st.",11.5469,74,109.988,98.4414,67.5992,1455,"exact"
2021,"william & mary",-11.8691,299,94.9111,106.78,68.378,1456,"exact"
2021,"winthrop",8.93908,91,105.093,96.1535,73.6395,1457,"exact"
2021,"wisconsin",22.6545,10,112.522,89.8672,64.9341,1458,"exact"
2021,"wofford",4.63789,124,106.344,101.706,66.1789,1459,"exact"
2021,"wright st.",12.7736,66,108.634,95.8604,71.3919,1460,"exact"
2021,"wyoming",0.407159,163,109.187,108.779,69.3139,1461,"exact"
2021,"xavier",13.2908,61,110.683,97.3924,68.2155,1462,"exact"
2021,"yale",5.42034,120,107.109,101.689,68.2275,1463,"exact"
2021,"youngstown st.",-6.28963,232,102.543,108.832,67.9236,1464,"exact"
2021,"cal baptist",-7.17681,243,103.757,110.934,70.833,1465,"exact"
2021,"north alabama",-10.8539,283,94.2406,105.094,70.9255,1466,"exact"
2021,"merrimack",-10.291,277,91.086,101.377,66.8405,1467,"exact"
2021,"bellarmine",-1.25025,183,107.357,108.607,64.6889,1468,"exact"
2021,"dixie st.",-16.4257,331,90.8199,107.246,73.3704,1469,"manual"
2021,"uc san diego",-7.05564,241,101.177,108.233,70.0459,1471,"exact"
2022,"abilene christian",3.6328,129,102.991,99.3582,69.9104,1101,"exact"
2022,"air force",-7.77245,257,96.0428,103.815,63.158,1102,"exact"
2022,"akron",3.48951,131,106.151,102.661,62.0745,1103,"exact"
2022,"alabama",17.3625,25,116.098,98.7358,71.7144,1104,"exact"
2022,"alabama a&m",-13.5019,317,87.5505,101.052,66.4661,1105,"exact"
2022,"alabama st.",-13.2421,313,97.2361,110.478,69.3423,1106,"exact"
2022,"albany",-10.6352,291,92.3171,102.952,65.035,1107,"exact"
2022,"alcorn st.",-8.46502,268,97.2022,105.667,67.7171,1108,"exact"
2022,"american",-16.2826,332,94.5285,110.811,64.8182,1110,"exact"
2022,"appalachian st.",1.22665,156,101.719,100.492,64.1005,1111,"exact"
2022,"arizona",27.2089,2,119.64,92.431,72.1752,1112,"exact"
2022,"arizona st.",8.1626,95,101.401,93.2385,67.1827,1113,"exact"
2022,"little rock",-14.6943,326,97.2468,111.941,66.6397,1114,"exact"
2022,"arkansas pine bluff",-21.4923,352,97.9501,119.442,67.0211,1115,"manual"
2022,"arkansas",19.0214,20,111.072,92.0511,70.59,1116,"exact"
2022,"arkansas st.",-0.76568,179,100.214,100.98,68.2275,1117,"exact"
2022,"army",-11.2091,297,96.6064,107.816,68.6786,1119,"exact"
2022,"auburn",24.453,10,113.602,89.1491,70.0205,1120,"exact"
2022,"austin peay",-10.6094,289,95.1182,105.728,64.5247,1122,"exact"
2022,"ball st.",-8.02248,263,101.804,109.827,69.8411,1123,"exact"
2022,"baylor",26.3204,5,117.874,91.5538,67.2084,1124,"exact"
2022,"belmont",10.0104,82,108.581,98.5702,68.7928,1125,"exact"
2022,"bethune cookman",-16.7383,334,93.2443,109.983,65.6971,1126,"fuzzy"
2022,"binghamton",-10.8868,293,95.0265,105.913,66.9834,1127,"exact"
2022,"boise st.",16.412,26,108.443,92.0306,64.6171,1129,"exact"
2022,"boston college",3.47973,132,104.015,100.535,64.8346,1130,"exact"
2022,"boston university",-3.36461,210,105.753,109.117,65.0823,1131,"exact"
2022,"bowling green",-9.9252,281,103.164,113.09,72.6713,1132,"exact"
2022,"bradley",8.43587,92,105.138,96.7023,67.1234,1133,"exact"
2022,"brown",-2.90163,205,100.485,103.387,67.2499,1135,"exact"
2022,"bryant",-0.950484,183,104.211,105.162,72.1799,1136,"exact"
2022,"bucknell",-17.2153,337,100.075,117.29,67.5388,1137,"exact"
2022,"buffalo",3.65895,127,107.273,103.614,70.945,1138,"exact"
2022,"butler",3.71558,126,102.581,98.8651,63.7592,1139,"exact"
2022,"byu",13.8217,51,110.273,96.4516,67.7621,1140,"exact"
2022,"central michigan",-13.3328,315,96.6292,109.962,67.405,1141,"exact"
2022,"cal poly",-12.2501,304,93.422,105.672,64.545,1142,"exact"
2022,"california",2.63062,141,100.724,98.0937,63.962,1143,"exact"
2022,"campbell",-3.89666,218,100.831,104.728,62.3151,1144,"exact"
2022,"canisius",-8.62936,271,97.1472,105.777,68.1174,1145,"exact"
2022,"central arkansas",-14.11,320,98.9185,113.028,71.7951,1146,"exact"
2022,"central connecticut",-19.8069,346,91.5986,111.406,64.4898,1148,"exact"
2022,"charleston southern",-20.5107,350,92.2791,112.79,68.8418,1149,"exact"
2022,"charlotte",-2.54873,202,104.976,107.525,65.3523,1150,"exact"
2022,"chattanooga",11.2724,72,110.028,98.756,64.6362,1151,"exact"
2022,"chicago st.",-17.3664,339,95.7264,113.093,65.5267,1152,"exact"
2022,"cincinnati",7.04257,101,104.492,97.449,67.442,1153,"exact"
2022,"the citadel",-6.14411,241,101.278,107.423,70.379,1154,"exact"
2022,"clemson",10.3946,78,109.955,99.56,66.1535,1155,"exact"
2022,"cleveland st.",-2.58815,203,103.693,106.281,67.588,1156,"exact"
2022,"coastal carolina",0.869638,158,103.174,102.305,66.0402,1157,"exact"
2022,"charleston",1.50633,154,104.562,103.055,73.4175,1158,"exact"
2022,"colgate",4.21729,119,108.276,104.059,67.2561,1159,"exact"
2022,"colorado",11.4614,70,106.883,95.4213,67.2331,1160,"exact"
2022,"colorado st.",15.8566,31,114.159,98.3029,65.0792,1161,"exact"
2022,"columbia",-21.1418,351,93.3178,114.46,69.422,1162,"exact"
2022,"connecticut",19.3281,18,113.924,94.5963,64.8837,1163,"exact"
2022,"coppin st.",-11.7067,301,92.1057,103.812,72.1229,1164,"exact"
2022,"cornell",-1.74335,192,103.629,105.372,71.6332,1165,"exact"
2022,"creighton",13.4685,53,105.588,92.1195,66.8916,1166,"exact"
2022,"cal st. bakersfield",-8.58144,270,98.0447,106.626,64.2867,1167,"manual"
2022,"cal st. fullerton",2.10306,149,104.656,102.553,65.9926,1168,"exact"
2022,"cal st. northridge",-15.7303,331,94.3929,110.123,64.8522,1169,"exact"
2022,"sacramento st.",-13.48,316,95.436,108.916,64.1377,1170,"exact"
2022,"dartmouth",-2.45604,200,98.8765,101.333,64.582,1171,"exact"
2022,"davidson",14.8028,41,116.781,101.978,64.6212,1172,"exact"
2022,"dayton",13.2768,57,108.984,95.7071,62.9884,1173,"exact"
2022,"delaware",2.283,145,106.849,104.566,66.6342,1174,"exact"
2022,"delaware st.",-24.295,356,86.3491,110.644,68.3204,1175,"exact"
2022,"denver",-10.5273,288,100.268,110.795,66.2589,1176,"exact"
2022,"depaul",6.73293,102,107.04,100.307,68.6654,1177,"exact"
2022,"detroit mercy",-5.04255,230,105.58,110.622,64.6442,1178,"exact"
2022,"drake",9.78985,85,108.384,98.594,66.0678,1179,"exact"
2022,"drexel",0.923925,157,104.494,103.57,66.3185,1180,"exact"
2022,"duke",23.7124,12,119.363,95.6508,67.3866,1181,"exact"
2022,"duquesne",-10.0253,283,98.9604,108.986,65.7625,1182,"exact"
2022,"eastern illinois",-25.3753,357,83.5344,108.91,64.6355,1183,"exact"
2022,"eastern kentucky",-7.9917,260,101.367,109.359,70.7724,1184,"exact"
2022,"eastern michigan",-13.2625,314,94.1293,107.392,69.101,1185,"exact"
2022,"eastern washington",-3.90189,219,103.997,107.898,69.305,1186,"exact"
2022,"east carolina",-1.0754,185,102.799,103.874,67.5161,1187,"exact"
2022,"siu edwardsville",-11.1105,296,94.4509,105.561,68.3714,1188,"exact"
2022,"elon",-7.33909,253,99.8212,107.16,65.6889,1189,"exact"
2022,"east tennessee st.",-1.21161,187,107.961,109.172,65.2463,1190,"exact"
2022,"evansville",-13.8524,319,92.998,106.85,63.9531,1191,"exact"
2022,"fairleigh dickinson",-19.8337,347,94.9538,114.788,69.5091,1192,"exact"
2022,"fairfield",-3.78052,216,100.346,104.126,64.1276,1193,"exact"
2022,"florida atlantic",3.89658,122,106.269,102.372,67.2468,1194,"exact"
2022,"florida gulf coast",-3.08783,209,104.335,107.422,69.6685,1195,"exact"
2022,"florida",13.2914,56,111.357,98.066,64.8593,1196,"exact"
2022,"florida a&m",-12.7959,310,94.9704,107.766,65.3883,1197,"exact"
2022,"fiu",-8.7686,274,97.5179,106.286,66.6036,1198,"exact"
2022,"florida st.",5.34586,109,104.952,99.6061,67.7213,1199,"exact"
2022,"fordham",-0.643445,177,94.6998,95.3433,67.5434,1200,"exact"
2022,"fresno st.",11.6767,69,105.078,93.4013,60.7756,1201,"exact"
2022,"furman",10.8501,75,113.914,103.063,64.7412,1202,"exact"
2022,"george washington",-4.53962,227,99.4866,104.026,68.7883,1203,"exact"
2022,"georgia southern",-6.9932,251,96.3503,103.343,65.9915,1204,"exact"
2022,"gardner webb",-0.215266,171,96.6233,96.8385,67.356,1205,"exact"
2022,"george mason",4.70439,115,105.993,101.289,64.7144,1206,"exact"
2022,"georgetown",-0.537182,176,104.915,105.452,69.9192,1207,"exact"
2022,"georgia",-4.05589,220,106.807,110.862,68.4919,1208,"exact"
2022,"georgia st.",1.84485,151,101.532,99.6875,67.1142,1209,"exact"
2022,"georgia tech",0.223692,167,99.9885,99.7648,67.9364,1210,"exact"
2022,"gonzaga",32.9688,1,121.805,88.836,72.4831,1211,"exact"
2022,"grambling st.",-12.3436,305,93.8124,106.156,69.1621,1212,"exact"
2022,"grand canyon",8.37179,93,104.907,96.5349,65.3309,1213,"exact"
2022,"hampton",-15.3001,329,90.6853,105.985,69.0204,1214,"exact"
2022,"hartford",-10.1322,284,101.27,111.402,67.1118,1216,"exact"
2022,"harvard",-4.80721,229,97.9228,102.73,67.0397,1217,"exact"
2022,"hawaii",0.573349,160,102.022,101.448,65.0558,1218,"exact"
2022,"high point",-6.56395,247,98.4269,104.991,66.3768,1219,"exact"
2022,"hofstra",3.33789,133,108.694,105.357,68.9132,1220,"exact"
2022,"holy cross",-20.1852,349,91.3357,111.521,66.9776,1221,"exact"
2022,"houston",26.4976,4,117.348,90.8508,63.8376,1222,"exact"
2022,"houston baptist",-17.0828,336,95.3517,112.434,68.7168,1223,"exact"
2022,"howard",-5.43696,235,100.361,105.798,70.2939,1224,"exact"
2022,"idaho",-14.3739,323,99.5425,113.916,69.8997,1225,"exact"
2022,"idaho st.",-17.3181,338,94.2305,111.549,63.8018,1226,"exact"
2022,"illinois chicago",-10.4878,287,99.6102,110.098,69.1381,1227,"manual"
2022,"illinois",19.5866,17,113.725,94.138,67.0758,1228,"exact"
2022,"illinois st.",-1.19904,186,105.347,106.546,67.9168,1229,"exact"
2022,"incarnate word",-21.8527,353,94.975,116.828,64.5826,1230,"exact"
2022,"indiana",14.9367,36,107.558,92.6213,66.9603,1231,"exact"
2022,"indiana st.",-4.45454,226,98.5978,103.052,69.1036,1232,"exact"
2022,"iona",8.18863,94,107.648,99.4596,68.9014,1233,"exact"
2022,"iowa",23.5269,13,121.548,98.0208,69.5965,1234,"exact"
2022,"iowa st.",13.9459,48,104.382,90.4362,66.0731,1235,"exact"
2022,"purdue fort wayne",-5.22077,232,98.7117,103.932,68.2491,1236,"exact"
2022,"iupui",-31.5669,358,79.5426,111.11,62.2724,1237,"exact"
2022,"jackson st.",-9.15896,277,93.5053,102.664,63.6759,1238,"exact"
2022,"jacksonville",0.290376,165,100.355,100.064,61.3941,1239,"exact"
2022,"jacksonville st.",2.24147,146,105.325,103.083,65.1165,1240,"exact"
2022,"james madison",-5.25839,233,102.592,107.85,68.7604,1241,"exact"
2022,"kansas",25.492,6,119.389,93.8965,69.0976,1242,"exact"
2022,"kansas st.",11.9999,66,109.415,97.4154,66.5039,1243,"exact"
2022,"kennesaw st.",-4.37331,224,104.796,109.169,66.1074,1244,"exact"
2022,"kent st.",1.91351,150,101.458,99.5444,65.8171,1245,"exact"
2022,"kentucky",26.5948,3,120.191,93.5959,67.3275,1246,"exact"
2022,"la salle",-4.80304,228,98.9959,103.799,67.111,1247,"exact"
2022,"lafayette",-14.4996,324,97.312,111.812,64.615,1248,"exact"
2022,"lamar",-19.898,348,92.4287,112.327,65.9662,1249,"exact"
2022,"lehigh",-12.155,303,98.2438,110.399,67.9706,1250,"exact"
2022,"liberty",3.84155,124,105.166,101.324,65.2022,1251,"exact"
2022,"lipscomb",-8.19157,265,102.305,110.496,69.0794,1252,"exact"
2022,"long beach st.",1.6053,153,103.787,102.181,70.6553,1253,"exact"
2022,"liu",-5.58079,237,99.8986,105.479,72.2798,1254,"exact"
2022,"longwood",2.48399,144,106.108,103.624,66.0454,1255,"exact"
2022,"louisiana tech",7.52872,98,105.971,98.4421,68.3816,1256,"exact"
2022,"louisville",2.57134,142,102.612,100.04,66.9622,1257,"exact"
2022,"loyola marymount",-2.23707,196,106.133,108.37,65.7771,1258,"exact"
2022,"loyola md",-8.74183,273,96.498,105.24,64.4474,1259,"exact"
2022,"loyola chicago",17.6948,24,110.891,93.196,64.5889,1260,"exact"
2022,"lsu",19.0816,19,107.64,88.5581,68.6446,1261,"exact"
2022,"umass lowell",-6.85898,249,96.3247,103.184,67.3295,1262,"exact"
2022,"maine",-22.2015,354,92.3626,114.564,66.1268,1263,"exact"
2022,"manhattan",-8.54885,269,100.248,108.797,68.4918,1264,"exact"
2022,"marist",-3.61415,213,100.711,104.325,66.0826,1265,"exact"
2022,"marquette",14.0024,47,109.787,95.785,70.6644,1266,"exact"
2022,"marshall",-5.67758,238,101.459,107.136,72.1975,1267,"exact"
2022,"maryland",10.1186,80,109.522,99.4036,66.4997,1268,"exact"
2022,"massachusetts",-1.35852,189,111.974,113.333,68.9418,1269,"exact"
2022,"mcneese st.",-12.8811,311,97.8623,110.743,69.5536,1270,"exact"
2022,"maryland eastern shore",-12.6681,309,91.0246,103.693,67.5,1271,"exact"
2022,"memphis",16.2198,28,110.368,94.1479,70.2976,1272,"exact"
2022,"mercer",-1.80764,194,105.778,107.585,64.6032,1273,"exact"
2022,"miami fl",12.6207,62,114.756,102.136,67.2783,1274,"exact"
2022,"miami oh",-7.85287,258,103.857,111.71,67.6204,1275,"exact"
2022,"michigan",15.6481,33,114.207,98.5588,66.285,1276,"exact"
2022,"michigan st.",14.8717,40,111.275,96.4032,67.5067,1277,"exact"
2022,"minnesota",5.30549,110,107.258,101.952,65.004,1278,"exact"
2022,"mississippi",6.01349,105,105.887,99.8737,65.0824,1279,"exact"
2022,"mississippi st.",14.041,45,110.051,96.0097,65.4602,1280,"exact"
2022,"missouri",3.03843,136,104.096,101.058,65.5121,1281,"exact"
2022,"umkc",-2.99464,206,100.422,103.417,67.2643,1282,"exact"
2022,"missouri st.",12.2781,63,113.558,101.28,66.8186,1283,"exact"
2022,"monmouth",0.265482,166,102.36,102.095,66.0572,1284,"exact"
2022,"montana",-6.44134,244,100.502,106.943,65.1596,1285,"exact"
2022,"montana st.",3.80856,125,104.531,100.723,67.294,1286,"exact"
2022,"morehead st.",4.71782,114,103.921,99.2034,64.67,1287,"exact"
2022,"morgan st.",-10.8277,292,95.2236,106.051,71.6881,1288,"exact"
2022,"mississippi valley st.",-22.5638,355,92.8699,115.434,70.6686,1290,"manual"
2022,"mount st. mary's",-6.52812,246,96.2405,102.769,63.2161,1291,"exact"
2022,"middle tennessee",7.14055,100,105.574,98.4337,67.4582,1292,"exact"
2022,"murray st.",16.389,27,111.518,95.1287,65.7834,1293,"exact"
2022,"northern colorado",-3.49782,212,107.827,111.325,69.5465,1294,"exact"
2022,"north dakota st.",2.1386,148,103.378,101.239,66.2569,1295,"exact"
2022,"northern illinois",-10.9722,294,93.142,104.114,66.9062,1296,"exact"
2022,"northern kentucky",-2.0691,195,101.132,103.201,64.091,1297,"exact"
2022,"navy",-1.3647,190,95.384,96.7487,64.586,1298,"exact"
2022,"north carolina a&t",-11.0473,295,96.9009,107.948,67.3178,1299,"exact"
2022,"north carolina central",-10.3247,285,96.7874,107.112,67.5,1300,"exact"
2022,"nc state",2.55475,143,109.154,106.6,66.8886,1301,"exact"
2022,"nebraska omaha",-18.1442,342,98.1699,116.314,69.7787,1303,"exact"
2022,"nebraska",2.93657,138,105.887,102.951,71.0448,1304,"exact"
2022,"nevada",5.36608,108,107.112,101.746,70.1106,1305,"exact"
2022,"new hampshire",-6.49225,245,103.121,109.613,62.1765,1306,"exact"
2022,"new mexico",1.44202,155,107.094,105.652,70.8954,1307,"exact"
2022,"new mexico st.",10.1026,81,107.805,97.7021,66.1724,1308,"exact"
2022,"new orleans",-7.99718,261,97.3403,105.337,71.7276,1309,"exact"
2022,"niagara",-2.27597,198,100.075,102.351,64.2017,1310,"exact"
2022,"nicholls st.",-2.99836,207,101.508,104.507,69.6443,1311,"exact"
2022,"njit",-18.4388,343,89.5715,108.01,65.8958,1312,"exact"
2022,"norfolk st.",0.14543,168,102.43,102.285,66.9322,1313,"exact"
2022,"north carolina",16.0459,29,113.057,97.0108,70.1492,1314,"exact"
2022,"north dakota",-19.4406,345,96.9478,116.388,67.2486,1315,"exact"
2022,"north florida",-8.65738,272,97.373,106.03,67.6293,1316,"exact"
2022,"north texas",13.8413,50,105.496,91.6547,59.0034,1317,"exact"
2022,"northeastern",-8.12654,264,96.9267,105.053,64.301,1318,"exact"
2022,"northern arizona",-16.6655,333,95.869,112.535,65.0107,1319,"exact"
2022,"northern iowa",8.47774,91,110.345,101.867,67.0638,1320,"exact"
2022,"northwestern",9.45346,87,106.692,97.2381,67.5816,1321,"exact"
2022,"northwestern st.",-15.3127,330,98.5317,113.844,71.0994,1322,"exact"
2022,"notre dame",13.6336,52,111.997,98.3632,65.7294,1323,"exact"
2022,"oakland",-1.38765,191,103.073,104.46,67.3379,1324,"exact"
2022,"ohio",3.86412,123,104.513,100.648,67.3507,1325,"exact"
2022,"ohio st.",15.8224,32,116.627,100.804,64.9727,1326,"exact"
2022,"oklahoma",15.9566,30,110.428,94.4718,64.7775,1328,"exact"
2022,"oklahoma st.",14.8993,39,103.514,88.6145,67.5525,1329,"exact"
2022,"old dominion",-1.75775,193,101.134,102.892,64.195,1330,"exact"
2022,"oral roberts",0.866986,159,109.816,108.949,70.2404,1331,"exact"
2022,"oregon",10.2386,79,109.764,99.525,67.8657,1332,"exact"
2022,"oregon st.",-5.27103,234,105.564,110.835,66.5016,1333,"exact"
2022,"pacific",-10.4128,286,95.4459,105.859,68.0538,1334,"exact"
2022,"penn",-3.40677,211,106.264,109.671,67.5303,1335,"exact"
2022,"penn st.",9.345,89,105.317,95.972,61.8891,1336,"exact"
2022,"pepperdine",-9.21268,278,97.9102,107.123,69.8108,1337,"exact"
2022,"pittsburgh",-2.81563,204,99.3943,102.21,63.8881,1338,"exact"
2022,"portland",-0.391188,175,103.071,103.462,68.8138,1339,"exact"
2022,"portland st.",-7.46528,254,96.0494,103.515,70.8753,1340,"exact"
2022,"prairie view a&m",-9.95425,282,97.2516,107.206,70.1592,1341,"exact"
2022,"presbyterian",-8.43877,267,96.5045,104.943,64.0436,1342,"exact"
2022,"princeton",6.08928,104,111.662,105.573,66.6906,1343,"exact"
2022,"providence",13.8797,49,111.929,98.0491,65.193,1344,"exact"
2022,"purdue",22.2872,14,121.268,98.9804,65.764,1345,"exact"
2022,"quinnipiac",-5.84319,239,102.673,108.516,68.6773,1346,"exact"
2022,"radford",-10.6286,290,95.3337,105.962,64.0392,1347,"exact"
2022,"rhode island",3.0391,135,99.3154,96.2763,67.1721,1348,"exact"
2022,"rice",-4.23883,223,106.253,110.491,67.4769,1349,"exact"
2022,"richmond",9.82501,83,109.146,99.3205,66.8627,1350,"exact"
2022,"rider",-5.19226,231,98.9953,104.188,66.7699,1351,"exact"
2022,"robert morris",-15.2234,328,98.5635,113.787,66.6084,1352,"exact"
2022,"rutgers",10.8648,74,106.375,95.5107,64.9317,1353,"exact"
2022,"south carolina st.",-12.5879,308,93.3705,105.958,69.9462,1354,"exact"
2022,"south dakota st.",11.4429,71,116.763,105.32,69.4008,1355,"exact"
2022,"southern illinois",4.06081,120,102.923,98.8622,62.0463,1356,"exact"
2022,"sacred heart",-14.2759,321,101.435,115.711,67.2882,1357,"exact"
2022,"sam houston st.",2.64346,140,101.096,98.4527,64.7124,1358,"exact"
2022,"samford",-1.04954,184,105.206,106.256,68.9554,1359,"exact"
2022,"san diego",-4.39908,225,96.8089,101.208,65.4851,1360,"exact"
2022,"san diego st.",18.151,22,104.106,85.9549,65.2809,1361,"exact"
2022,"san francisco",18.3679,21,110.756,92.3886,68.6767,1362,"exact"
2022,"san jose st.",-9.8704,280,99.5492,109.42,65.3339,1363,"exact"
2022,"uc santa barbara",3.55475,130,105.554,101.999,65.5011,1364,"exact"
2022,"santa clara",11.7599,68,113.449,101.689,70.7251,1365,"exact"
2022,"usc upstate",-9.62689,279,100.99,110.617,68.2008,1367,"exact"
2022,"southeastern louisiana",-9.09174,276,103.017,112.109,70.5626,1368,"exact"
2022,"southeast missouri st.",-6.01085,240,104.546,110.557,71.6853,1369,"manual"
2022,"seattle",3.12319,134,100.152,97.0288,70.3976,1370,"exact"
2022,"seton hall",14.967,35,108.487,93.5199,67.2574,1371,"exact"
2022,"stephen f. austin",4.94049,112,103.026,98.0854,68.8666,1372,"exact"
2022,"siena",-6.56747,248,97.9129,104.48,66.2108,1373,"exact"
2022,"smu",13.3635,54,110.062,96.6989,68.0122,1374,"exact"
2022,"south alabama",2.70041,139,103.823,101.123,66.4514,1375,"exact"
2022,"south carolina",7.53722,97,101.687,94.1502,70.4319,1376,"exact"
2022,"south dakota",-2.48717,201,104.839,107.326,65.5593,1377,"exact"
2022,"south florida",-6.88331,250,91.0202,97.9035,64.9011,1378,"exact"
2022,"southern miss",-17.7732,340,94.2314,112.005,66.9551,1379,"exact"
2022,"southern",-3.69722,214,96.7993,100.497,69.8349,1380,"exact"
2022,"southern utah",-0.138951,170,106.157,106.296,68.3824,1381,"exact"
2022,"st. bonaventure",9.42906,88,108.235,98.8056,65.6373,1382,"exact"
2022,"st. francis ny",-14.3145,322,94.8625,109.177,66.5215,1383,"manual"
2022,"st. thomas",-12.0209,302,107.06,119.081,65.1638,1384,"manual"
2022,"st. john's",12.796,61,110.204,97.4082,73.436,1385,"exact"
2022,"saint joseph's",0.397046,163,100.46,100.063,67.8595,1386,"exact"
2022,"saint louis",12.1935,64,109.886,97.6929,67.7464,1387,"exact"
2022,"saint mary's",19.8082,16,109.764,89.9554,63.493,1388,"exact"
2022,"saint peter's",4.27548,118,98.7512,94.4758,65.9614,1389,"exact"
2022,"stanford",6.35639,103,105.452,99.0955,65.6835,1390,"exact"
2022,"stetson",-12.5262,307,96.6827,109.209,65.6337,1391,"exact"
2022,"stony brook",-7.00165,252,104.135,111.136,68.1192,1392,"exact"
2022,"syracuse",10.5301,76,115.094,104.564,67.4631,1393,"exact"
2022,"texas a&m corpus chris",-6.3107,243,96.9771,103.288,68.9287,1394,"manual"
2022,"tcu",14.909,38,108.261,93.3525,65.834,1395,"exact"
2022,"temple",4.30172,117,102.171,97.8695,66.2112,1396,"exact"
2022,"tennessee",25.2399,7,111.439,86.1987,67.1668,1397,"exact"
2022,"tennessee st.",-8.32718,266,98.3717,106.699,67.4225,1398,"exact"
2022,"tennessee tech",-7.7294,256,100.158,107.888,69.2342,1399,"exact"
2022,"texas",20.4063,15,111.812,91.4059,63.0969,1400,"exact"
2022,"texas a&m",14.3587,43,109.079,94.7201,66.6338,1401,"exact"
2022,"texas st.",2.98661,137,105.79,102.803,63.6513,1402,"exact"
2022,"texas tech",24.641,9,109.701,85.0595,66.455,1403,"exact"
2022,"tennessee martin",-12.3504,306,96.4944,108.845,68.7702,1404,"manual"
2022,"toledo",9.32881,90,111.256,101.928,68.7289,1405,"exact"
2022,"towson",10.5024,77,110.047,99.5447,64.4472,1406,"exact"
2022,"troy",-0.799433,180,99.0712,99.8706,66.7474,1407,"exact"
2022,"tulane",7.52681,99,108.782,101.255,67.8237,1408,"exact"
2022,"tulsa",-0.279148,173,103.773,104.052,66.3766,1409,"exact"
2022,"ut rio grande valley",-11.493,299,100.217,111.71,71.7047,1410,"manual"
2022,"texas southern",-1.33245,188,98.1424,99.4749,67.6207,1411,"exact"
2022,"uab",14.0333,46,112.489,98.456,68.7871,1412,"exact"
2022,"uc davis",-3.69897,215,98.3768,102.076,67.0256,1413,"exact"
2022,"uc irvine",3.64269,128,99.7729,96.1302,65.1048,1414,"exact"
2022,"uc riverside",-0.100501,169,100.825,100.925,65.2019,1415,"exact"
2022,"ucf",5.94166,106,106.558,100.617,67.2911,1416,"exact"
2022,"ucla",24.8472,8,116.076,91.2287,65.5444,1417,"exact"
2022,"louisiana",-0.813658,181,101.843,102.657,69.5053,1418,"exact"
2022,"umbc",-6.1448,242,103.999,110.144,68.209,1420,"exact"
2022,"unc asheville",-4.20938,221,101.276,105.486,66.4147,1421,"exact"
2022,"unc greensboro",-0.368174,174,100.401,100.77,62.1205,1422,"exact"
2022,"unc wilmington",-0.651764,178,102.808,103.46,65.2465,1423,"exact"
2022,"unlv",9.52687,86,108.054,98.5267,66.1628,1424,"exact"
2022,"usc",14.4494,42,110.473,96.0232,66.022,1425,"exact"
2022,"ut arlington",-3.79232,217,98.293,102.085,65.058,1426,"exact"
2022,"utsa",-13.0471,312,94.6327,107.68,68.5622,1427,"exact"
2022,"utah",3.94657,121,107.616,103.669,66.0731,1428,"exact"
2022,"utah st.",14.1642,44,110.572,96.4076,66.4634,1429,"exact"
2022,"utah valley",4.62279,116,103.018,98.395,65.7171,1430,"exact"
2022,"utep",0.358266,164,100.844,100.485,66.4648,1431,"exact"
2022,"vcu",11.8661,67,100.014,88.1477,68.2785,1433,"exact"
2022,"valparaiso",-2.26716,197,103.081,105.349,64.9861,1434,"exact"
2022,"vanderbilt",12.1042,65,106.768,94.6641,67.774,1435,"exact"
2022,"vermont",13.0669,59,110.775,97.7084,64.9527,1436,"exact"
2022,"villanova",24.1107,11,117.95,93.8397,62.55,1437,"exact"
2022,"virginia",9.80716,84,106.997,97.1897,59.2081,1438,"exact"
2022,"virginia tech",17.8634,23,114.268,96.4045,62.9067,1439,"exact"
2022,"vmi",0.473927,161,110.812,110.338,68.4173,1440,"exact"
2022,"western carolina",-11.3491,298,99.1381,110.487,68.1323,1441,"exact"
2022,"western illinois",-5.47214,236,101.433,106.905,70.442,1442,"exact"
2022,"western kentucky",4.88457,113,106.821,101.937,68.4689,1443,"exact"
2022,"western michigan",-14.8674,327,97.2297,112.097,63.9283,1444,"exact"
2022,"wagner",1.66836,152,102.158,100.489,66.3992,1447,"exact"
2022,"wake forest",14.9316,37,111.555,96.6232,70.0023,1448,"exact"
2022,"washington",5.40541,107,104.278,98.8722,69.3907,1449,"exact"
2022,"washington st.",13.3008,55,108.286,94.9848,66.1115,1450,"exact"
2022,"weber st.",-0.264865,172,103.694,103.959,69.4246,1451,"exact"
2022,"west virginia",11.0661,73,108.071,97.0049,67.91,1452,"exact"
2022,"green bay",-18.527,344,92.1118,110.639,64.5742,1453,"exact"
2022,"milwaukee",-17.0444,335,91.9212,108.966,66.7823,1454,"exact"
2022,"wichita st.",8.02864,96,104.174,96.145,66.7691,1455,"exact"
2022,"william & mary",-17.9058,341,90.1121,108.018,68.6652,1456,"exact"
2022,"winthrop",0.412015,162,105.921,105.509,68.2387,1457,"exact"
2022,"wisconsin",15.5839,34,110.398,94.8142,66.466,1458,"exact"
2022,"wofford",5.01645,111,106.561,101.544,64.1314,1459,"exact"
2022,"wright st.",-0.866069,182,106.365,107.231,68.4334,1460,"exact"
2022,"wyoming",13.0956,58,110.173,97.0777,66.0062,1461,"exact"
2022,"xavier",12.8916,60,110.936,98.0442,68.1678,1462,"exact"
2022,"yale",2.23432,147,101.474,99.2392,68.6807,1463,"exact"
2022,"youngstown st.",-7.90168,259,103.047,110.949,66.1656,1464,"exact"
2022,"cal baptist",-4.21834,222,99.1925,103.411,67.5289,1465,"exact"
2022,"north alabama",-13.5957,318,90.4239,104.02,67.5973,1466,"exact"
2022,"merrimack",-11.5435,300,94.4177,105.961,62.0756,1467,"exact"
2022,"bellarmine",-2.38275,199,108.229,110.611,61.9093,1468,"exact"
2022,"dixie st.",-9.06257,275,95.9542,105.017,71.2695,1469,"manual"
2022,"uc san diego",-7.53369,255,102.018,109.552,67.7671,1471,"exact"
2022,"st. thomas",-12.0209,302,107.06,119.081,65.1638,1472,"exact"
2023,"abilene christian",-1.43456,192,105.903,107.338,69.2174,1101,"exact"
2023,"air force",1.96378,143,106.346,104.383,63.1849,1102,"exact"
2023,"akron",6.47154,104,109.979,103.507,65.3479,1103,"exact"
2023,"alabama",27.5425,3,116.097,88.5549,72.7469,1104,"exact"
2023,"alabama a&m",-11.2814,305,96.6964,107.978,68.3055,1105,"exact"
2023,"alabama st.",-17.5566,349,93.2549,110.812,66.0089,1106,"exact"
2023,"albany",-17.3452,347,98.8027,116.148,67.3381,1107,"exact"
2023,"alcorn st.",-6.17379,241,102.072,108.246,67.2967,1108,"exact"
2023,"american",-9.32928,280,100.842,110.171,62.5744,1110,"exact"
2023,"appalachian st.",-0.728076,177,101.425,102.153,64.9924,1111,"exact"
2023,"arizona",22.8595,10,119.979,97.1195,72.3118,1112,"exact"
2023,"arizona st.",12.3762,68,107.586,95.2101,68.4035,1113,"exact"
2023,"little rock",-13.3683,322,102.191,115.56,70.9777,1114,"exact"
2023,"arkansas pine bluff",-13.2758,321,94.6485,107.924,69.6298,1115,"manual"
2023,"arkansas",18.6287,20,112.596,93.9677,69.6808,1116,"exact"
2023,"arkansas st.",-9.47224,284,100.317,109.789,63.4103,1117,"exact"
2023,"army",-6.908,252,102.988,109.896,68.5704,1119,"exact"
2023,"auburn",17.4484,29,112.689,95.2408,67.6112,1120,"exact"
2023,"austin peay",-13.8918,324,97.1354,111.027,64.8002,1122,"exact"
2023,"ball st.",0.223292,164,108.114,107.891,67.552,1123,"exact"
2023,"baylor",19.9811,15,121.852,101.871,66.551,1124,"exact"
2023,"belmont",4.08316,123,111.549,107.466,68.3948,1125,"exact"
2023,"bethune cookman",-17.3659,348,97.0744,114.44,69.001,1126,"fuzzy"
2023,"binghamton",-11.9325,311,98.6816,110.614,66.0525,1127,"exact"
2023,"boise st.",17.1342,31,110.969,93.8352,66.5002,1129,"exact"
2023,"boston college",-0.44508,172,102.603,103.048,66.575,1130,"exact"
2023,"boston university",-8.74178,273,98.0993,106.841,65.4502,1131,"exact"
2023,"bowling green",-9.34242,281,103.694,113.037,69.6647,1132,"exact"
2023,"bradley",9.2449,86,107.133,97.8883,65.2197,1133,"exact"
2023,"brown",-0.97802,184,100.779,101.757,69.3412,1135,"exact"
2023,"bryant",-2.84081,209,104.982,107.822,72.0417,1136,"exact"
2023,"bucknell",-11.4224,306,99.0204,110.443,66.8207,1137,"exact"
2023,"buffalo",-2.60314,205,104.207,106.81,72.2014,1138,"exact"
2023,"butler",3.9903,124,102.451,98.4607,65.5365,1139,"exact"
2023,"byu",11.5872,75,109.17,97.5824,69.5993,1140,"exact"
2023,"central michigan",-15.3036,333,93.0299,108.333,67.2211,1141,"exact"
2023,"cal poly",-9.98019,290,94.3033,104.283,64.1768,1142,"exact"
2023,"california",-8.1911,265,97.7804,105.971,63.5219,1143,"exact"
2023,"campbell",-4.7684,229,105.032,109.8,64.331,1144,"exact"
2023,"canisius",-6.67888,249,101.808,108.486,67.7261,1145,"exact"
2023,"central arkansas",-15.2232,332,98.6317,113.855,72.2512,1146,"exact"
2023,"central connecticut",-16.9344,343,97.1259,114.06,64.3965,1148,"exact"
2023,"charleston southern",-11.2514,304,105.403,116.655,65.8656,1149,"exact"
2023,"charlotte",4.60123,117,107.972,103.37,60.4671,1150,"exact"
2023,"chattanooga",-1.03044,185,108.179,109.21,68.4938,1151,"exact"
2023,"chicago st.",-10.2787,296,103.198,113.477,64.365,1152,"exact"
2023,"cincinnati",13.3528,54,112.31,98.9568,68.5349,1153,"exact"
2023,"the citadel",-13.9608,325,98.1525,112.113,67.2063,1154,"exact"
2023,"clemson",12.6705,64,111.118,98.4479,68.1594,1155,"exact"
2023,"cleveland st.",-0.77844,179,104.369,105.147,65.9837,1156,"exact"
2023,"coastal carolina",-10.4748,298,104.263,114.738,68.429,1157,"exact"
2023,"charleston",11.7607,73,111.378,99.6171,70.9567,1158,"exact"
2023,"colgate",5.29267,114,112.963,107.67,67.8783,1159,"exact"
2023,"colorado",13.0499,59,107.713,94.6627,68.9923,1160,"exact"
2023,"colorado st.",6.40503,105,112.275,105.87,66.1486,1161,"exact"
2023,"columbia",-16.8528,340,94.4661,111.319,69.5359,1162,"exact"
2023,"connecticut",25.3686,4,119.437,94.0686,66.6901,1163,"exact"
2023,"coppin st.",-16.0383,338,99.2063,115.245,71.5253,1164,"exact"
2023,"cornell",1.76449,144,112.029,110.265,71.2653,1165,"exact"
2023,"creighton",20.6545,13,114.621,93.9665,67.9808,1166,"exact"
2023,"cal st. bakersfield",-10.0638,293,95.2121,105.276,63.2238,1167,"manual"
2023,"cal st. fullerton",4.55028,119,104.955,100.405,64.8285,1168,"exact"
2023,"cal st. northridge",-13.9753,326,95.7684,109.744,65.335,1169,"exact"
2023,"sacramento st.",-4.4779,227,103.907,108.385,62.4515,1170,"exact"
2023,"dartmouth",-8.3477,267,99.3659,107.714,68.7968,1171,"exact"
2023,"davidson",2.47584,140,107.426,104.95,65.1077,1172,"exact"
2023,"dayton",11.1957,78,110.018,98.8226,62.3832,1173,"exact"
2023,"delaware",-5.54168,237,102.539,108.08,67.1632,1174,"exact"
2023,"delaware st.",-20.3583,357,92.1741,112.532,67.9235,1175,"exact"
2023,"denver",-10.4277,297,100.794,111.222,68.5813,1176,"exact"
2023,"depaul",2.26655,142,107.877,105.611,68.7921,1177,"exact"
2023,"detroit mercy",-1.83197,199,111.63,113.462,67.2638,1178,"exact"
2023,"drake",12.5086,66,109.84,97.3312,66.4238,1179,"exact"
2023,"drexel",-1.96266,200,101.185,103.148,63.6711,1180,"exact"
2023,"duke",18.4885,21,113.242,94.7531,65.258,1181,"exact"
2023,"duquesne",3.98084,125,108.597,104.616,68.2369,1182,"exact"
2023,"eastern illinois",-17.0697,344,94.0874,111.157,67.9748,1183,"exact"
2023,"eastern kentucky",-0.0459903,169,103.358,103.404,70.178,1184,"exact"
2023,"eastern michigan",-12.604,317,101.783,114.387,69.2119,1185,"exact"
2023,"eastern washington",4.0848,122,111.545,107.46,68.4619,1186,"exact"
2023,"east carolina",-0.723262,176,103.369,104.092,67.4662,1187,"exact"
2023,"siu edwardsville",-6.21117,242,100.064,106.275,69.2367,1188,"exact"
2023,"elon",-15.9763,337,96.8133,112.79,65.983,1189,"exact"
2023,"east tennessee st.",-6.29248,244,101.232,107.524,65.8108,1190,"exact"
2023,"evansville",-18.3612,352,91.561,109.922,69.6192,1191,"exact"
2023,"fairleigh dickinson",-12.2499,312,106.175,118.425,68.7636,1192,"exact"
2023,"fairfield",-8.08098,264,98.912,106.993,65.0804,1193,"exact"
2023,"florida atlantic",18.2298,26,114.275,96.0455,68.4356,1194,"exact"
2023,"florida gulf coast",-1.19931,188,105.016,106.216,66.3494,1195,"exact"
2023,"florida",12.8211,63,108.229,95.4082,69.4161,1196,"exact"
2023,"florida a&m",-20.4234,358,89.729,110.152,65.0733,1197,"exact"
2023,"fiu",-3.56396,222,102.912,106.476,70.1207,1198,"exact"
2023,"florida st.",-2.82667,208,105.208,108.035,68.7389,1199,"exact"
2023,"fordham",2.51142,139,103.178,100.666,69.7048,1200,"exact"
2023,"fresno st.",2.96882,134,103.527,100.558,64.282,1201,"exact"
2023,"furman",8.42507,89,114.2,105.775,68.4584,1202,"exact"
2023,"george washington",-3.32429,218,109.163,112.487,69.0606,1203,"exact"
2023,"georgia southern",-2.61494,206,100.375,102.99,66.7343,1204,"exact"
2023,"gardner webb",-2.56602,202,99.0122,101.578,66.2324,1205,"exact"
2023,"george mason",1.46996,147,102.683,101.213,66.3625,1206,"exact"
2023,"georgetown",-4.34486,224,103.949,108.294,68.9433,1207,"exact"
2023,"georgia",1.39038,149,104.428,103.037,67.744,1208,"exact"
2023,"georgia st.",-9.24194,277,98.1475,107.389,67.0189,1209,"exact"
2023,"georgia tech",0.161039,167,104.263,104.102,66.7174,1210,"exact"
2023,"gonzaga",24.3101,8,124.004,99.6937,70.0663,1211,"exact"
2023,"grambling st.",-0.650689,175,100.141,100.792,66.2543,1212,"exact"
2023,"grand canyon",5.99141,109,112.317,106.325,65.1541,1213,"exact"
2023,"hampton",-18.1875,351,97.5154,115.703,69.0014,1214,"exact"
2023,"hartford",-29.7462,362,89.4317,119.178,65.5496,1216,"exact"
2023,"harvard",0.320921,163,101.253,100.932,65.9541,1217,"exact"
2023,"hawaii",3.85575,126,102.057,98.201,64.7704,1218,"exact"
2023,"high point",-11.065,302,100.191,111.256,71.5165,1219,"exact"
2023,"hofstra",8.40069,90,110.255,101.854,67.215,1220,"exact"
2023,"holy cross",-16.884,341,94.1577,111.042,69.1381,1221,"exact"
2023,"houston",28.8196,1,118.387,89.5678,63.3299,1222,"exact"
2023,"houston christian",-18.822,353,102.06,120.882,70.6721,1223,"exact"
2023,"howard",-3.21361,215,103.701,106.914,68.9681,1224,"exact"
2023,"idaho",-10.7077,300,102.819,113.527,65.9364,1225,"exact"
2023,"idaho st.",-6.27537,243,102.3,108.576,65.2806,1226,"exact"
2023,"illinois chicago",-10.6764,299,98.0478,108.724,69.0249,1227,"manual"
2023,"illinois",16.4805,33,112.167,95.6864,69.3873,1228,"exact"
2023,"illinois st.",-9.38004,282,100.586,109.966,64.985,1229,"exact"
2023,"incarnate word",-15.8675,336,96.6164,112.484,66.9797,1230,"exact"
2023,"indiana",17.3586,30,114.651,97.2921,68.1266,1231,"exact"
2023,"indiana st.",7.38802,97,110.562,103.174,70.6045,1232,"exact"
2023,"iona",11.7114,74,110.856,99.1448,68.8987,1233,"exact"
2023,"iowa",15.6021,37,120.475,104.873,69.5377,1234,"exact"
2023,"iowa st.",18.3345,23,109.884,91.5493,64.3155,1235,"exact"
2023,"purdue fort wayne",-5.8243,239,100.778,106.602,69.1275,1236,"exact"
2023,"iupui",-21.8408,360,95.9045,117.745,67.0776,1237,"exact"
2023,"jackson st.",-10.7726,301,99.3082,110.081,68.0964,1238,"exact"
2023,"jacksonville",-5.40431,235,100.278,105.682,61.1699,1239,"exact"
2023,"jacksonville st.",-5.19802,233,102.249,107.447,65.7085,1240,"exact"
2023,"james madison",6.73944,101,106.722,99.9826,70.5406,1241,"exact"
2023,"kansas",23.1356,9,114.61,91.4741,69.2715,1242,"exact"
2023,"kansas st.",18.3143,24,112.516,94.2021,70.2112,1243,"exact"
2023,"kennesaw st.",3.64263,127,106.304,102.661,68.5425,1244,"exact"
2023,"kent st.",11.8972,71,108.347,96.4498,68.0538,1245,"exact"
2023,"kentucky",17.7987,28,117.41,99.6115,66.0118,1246,"exact"
2023,"la salle",-4.34872,225,103.418,107.767,67.8014,1247,"exact"
2023,"lafayette",-8.71506,272,95.5356,104.251,63.0481,1248,"exact"
2023,"lamar",-20.2712,356,94.9643,115.235,65.8254,1249,"exact"
2023,"lehigh",-9.72818,287,97.91,107.638,69.5416,1250,"exact"
2023,"liberty",14.5078,48,112.655,98.147,64.5248,1251,"exact"
2023,"lipscomb",1.0161,157,104.855,103.839,69.448,1252,"exact"
2023,"long beach st.",0.502812,162,105.436,104.933,72.9091,1253,"exact"
2023,"liu",-30.6146,363,86.5363,117.151,72.5684,1254,"exact"
2023,"longwood",-0.259693,171,104.279,104.538,65.9825,1255,"exact"
2023,"louisiana tech",-0.480822,173,105.37,105.851,66.5572,1256,"exact"
2023,"louisville",-10.2666,295,101.381,111.647,66.5314,1257,"exact"
2023,"loyola marymount",6.32252,107,110.035,103.713,67.075,1258,"exact"
2023,"loyola md",-14.1243,327,98.8478,112.972,66.1306,1259,"exact"
2023,"loyola chicago",-7.04055,254,102.044,109.084,66.1872,1260,"exact"
2023,"lsu",1.62448,145,106.616,104.991,65.8551,1261,"exact"
2023,"umass lowell",2.63506,138,107.783,105.148,68.8597,1262,"exact"
2023,"maine",-9.43781,283,99.1305,108.568,65.8838,1263,"exact"
2023,"manhattan",-11.5142,307,97.539,109.053,67.0645,1264,"exact"
2023,"marist",-9.27328,279,97.8419,107.115,65.6368,1265,"exact"
2023,"marquette",21.8296,12,119.308,97.4789,68.3572,1266,"exact"
2023,"marshall",9.74393,84,111.277,101.533,72.1074,1267,"exact"
2023,"maryland",18.3703,22,114.136,95.7662,64.6104,1268,"exact"
2023,"massachusetts",-3.00151,212,100.905,103.906,70.6197,1269,"exact"
2023,"mcneese st.",-15.3833,334,98.9562,114.339,66.2629,1270,"exact"
2023,"maryland eastern shore",-6.71304,250,94.3459,101.059,69.7055,1271,"exact"
2023,"memphis",18.6881,19,114.701,96.0133,71.7989,1272,"exact"
2023,"mercer",-4.87499,230,99.6631,104.538,64.555,1273,"exact"
2023,"miami fl",14.9148,40,118.233,103.319,68.8527,1274,"exact"
2023,"miami oh",-8.29296,266,103.699,111.992,66.826,1275,"exact"
2023,"michigan",14.6795,46,112.759,98.0795,67.4907,1276,"exact"
2023,"michigan st.",16.7099,32,113.4,96.6898,64.9304,1277,"exact"
2023,"minnesota",-3.28809,217,102.563,105.852,65.8528,1278,"exact"
2023,"mississippi",5.03436,115,106.761,101.726,66.1271,1279,"exact"
2023,"mississippi st.",14.1161,49,105.451,91.3344,63.8156,1280,"exact"
2023,"missouri",13.9186,51,119.289,105.37,69.1078,1281,"exact"
2023,"umkc",-11.6956,309,96.3827,108.078,63.8001,1282,"exact"
2023,"missouri st.",1.31415,151,104.626,103.312,62.2166,1283,"exact"
2023,"monmouth",-17.7269,350,92.6977,110.425,68.4179,1284,"exact"
2023,"montana",0.639633,159,108.928,108.289,63.6858,1285,"exact"
2023,"montana st.",5.74793,110,105.36,99.6121,66.4692,1286,"exact"
2023,"morehead st.",-6.58855,247,100.409,106.998,63.2537,1287,"exact"
2023,"morgan st.",-12.3282,313,94.4968,106.825,70.8204,1288,"exact"
2023,"mississippi valley st.",-19.7894,355,92.6916,112.481,67.2044,1290,"manual"
2023,"mount st. mary's",-9.24612,278,97.0908,106.337,65.841,1291,"exact"
2023,"middle tennessee",4.1398,121,106.492,102.352,66.9436,1292,"exact"
2023,"murray st.",-4.44625,226,105.732,110.179,66.7991,1293,"exact"
2023,"northern colorado",-3.52607,221,107.66,111.186,69.6122,1294,"exact"
2023,"north dakota st.",-3.075,213,104.599,107.674,68.145,1295,"exact"
2023,"northern illinois",-6.32751,245,100.9,107.227,69.2141,1296,"exact"
2023,"northern kentucky",0.516867,161,103.337,102.82,62.0433,1297,"exact"
2023,"navy",-0.976728,183,103.746,104.723,64.5394,1298,"exact"
2023,"north carolina a&t",-13.092,319,98.3261,111.418,69.9961,1299,"exact"
2023,"north carolina central",-1.22803,189,100.922,102.15,67.9006,1300,"exact"
2023,"nc state",13.3052,55,113.894,100.589,69.1326,1301,"exact"
2023,"nebraska omaha",-12.5319,316,100.434,112.966,67.8598,1303,"exact"
2023,"nebraska",7.46852,95,106.677,99.2085,67.1236,1304,"exact"
2023,"nevada",14.7927,43,112.039,97.2466,66.0568,1305,"exact"
2023,"new hampshire",-9.72453,286,97.4489,107.173,64.2077,1306,"exact"
2023,"new mexico",13.8404,52,116.09,102.25,71.6269,1307,"exact"
2023,"new mexico st.",-1.12505,187,105.697,106.822,69.2955,1308,"exact"
2023,"new orleans",-14.8354,329,98.0652,112.901,71.3969,1309,"exact"
2023,"niagara",-7.43209,259,100.94,108.372,63.2234,1310,"exact"
2023,"nicholls st.",-7.81196,260,99.3531,107.165,70.5212,1311,"exact"
2023,"njit",-14.9176,331,97.1531,112.071,66.3433,1312,"exact"
2023,"norfolk st.",-1.47548,194,107.461,108.937,65.3052,1313,"exact"
2023,"north carolina",14.662,47,112.121,97.459,68.958,1314,"exact"
2023,"north dakota",-8.05185,262,103.403,111.455,67.2084,1315,"exact"
2023,"north florida",-4.91298,231,109.879,114.792,68.0144,1316,"exact"
2023,"north texas",14.6828,45,110.155,95.4719,58.768,1317,"exact"
2023,"northeastern",-11.8284,310,97.8646,109.693,66.8455,1318,"exact"
2023,"northern arizona",-2.94081,211,107.939,110.88,66.8877,1319,"exact"
2023,"northern iowa",-3.40524,219,103.169,106.575,67.752,1320,"exact"
2023,"northwestern",14.8321,42,108.511,93.6787,64.9195,1321,"exact"
2023,"northwestern st.",-3.10533,214,106.022,109.127,66.6787,1322,"exact"
2023,"notre dame",-0.00167139,168,108.765,108.766,64.9059,1323,"exact"
2023,"oakland",-8.68504,271,103.723,112.408,68.4409,1324,"exact"
2023,"ohio",3.41183,131,110.852,107.44,68.4298,1325,"exact"
2023,"ohio st.",13.9828,50,115.872,101.889,66.0419,1326,"exact"
2023,"oklahoma",13.7022,53,111.112,97.41,65.2976,1328,"exact"
2023,"oklahoma st.",15.2081,38,107.83,92.6217,67.5613,1329,"exact"
2023,"old dominion",-0.60846,174,103.216,103.824,64.9813,1330,"exact"
2023,"oral roberts",13.2487,56,115.289,102.04,70.4986,1331,"exact"
2023,"oregon",14.8361,41,114.454,99.6175,66.2713,1332,"exact"
2023,"oregon st.",-2.89079,210,100.311,103.201,63.7283,1333,"exact"
2023,"pacific",-0.875459,181,108.333,109.209,69.6066,1334,"exact"
2023,"penn",3.14378,133,110.321,107.177,66.9577,1335,"exact"
2023,"penn st.",15.0367,39,116.826,101.79,64.6096,1336,"exact"
2023,"pepperdine",-0.750369,178,105.413,106.164,72.2332,1337,"exact"
2023,"pittsburgh",11.2663,77,115.103,103.837,67.3196,1338,"exact"
2023,"portland",1.26363,152,110.997,109.733,69.0973,1339,"exact"
2023,"portland st.",-5.58319,238,102.976,108.559,72.3999,1340,"exact"
2023,"prairie view a&m",-8.35268,268,94.3128,102.665,67.847,1341,"exact"
2023,"presbyterian",-17.2055,346,93.838,111.044,64.6788,1342,"exact"
2023,"princeton",5.5658,112,109.093,103.527,67.4503,1343,"exact"
2023,"providence",14.7305,44,116.847,102.117,66.9051,1344,"exact"
2023,"purdue",24.5463,7,119.362,94.8154,64.3846,1345,"exact"
2023,"quinnipiac",-1.5189,196,104.204,105.723,69.6955,1346,"exact"
2023,"radford",-0.929172,182,104.442,105.371,64.551,1347,"exact"
2023,"rhode island",-7.12846,256,97.7109,104.839,67.2946,1348,"exact"
2023,"rice",-3.23163,216,107.453,110.685,69.8818,1349,"exact"
2023,"richmond",1.08749,155,103.695,102.608,65.3755,1350,"exact"
2023,"rider",-2.58951,203,106.292,108.881,65.0952,1351,"exact"
2023,"robert morris",-5.50532,236,99.1854,104.691,66.3587,1352,"exact"
2023,"rutgers",15.7714,35,105.826,90.0543,65.8871,1353,"exact"
2023,"south carolina st.",-17.0725,345,98.5906,115.663,71.6805,1354,"exact"
2023,"south dakota st.",0.177343,166,105.159,104.981,66.645,1355,"exact"
2023,"southern illinois",2.89928,136,101.331,98.4313,63.9016,1356,"exact"
2023,"sacred heart",-14.9019,330,96.3869,111.289,69.7155,1357,"exact"
2023,"sam houston st.",12.2836,69,106.629,94.345,64.4423,1358,"exact"
2023,"samford",2.94345,135,109.278,106.335,68.363,1359,"exact"
2023,"san diego",-3.79944,223,110.612,114.411,68.7758,1360,"exact"
2023,"san diego st.",20.2549,14,111.929,91.6744,66.009,1361,"exact"
2023,"san francisco",6.9447,100,110.127,103.183,68.623,1362,"exact"
2023,"san jose st.",7.91295,93,110.689,102.776,62.7281,1363,"exact"
2023,"uc santa barbara",6.6422,102,111.335,104.693,64.9567,1364,"exact"
2023,"santa clara",10.1303,82,111.308,101.178,70.0779,1365,"exact"
2023,"usc upstate",-7.40244,258,99.0866,106.489,68.0102,1367,"exact"
2023,"southeastern louisiana",-7.04447,255,104.141,111.186,68.7575,1368,"exact"
2023,"southeast missouri st.",-7.21197,257,100.937,108.149,72.5476,1369,"manual"
2023,"seattle",2.35032,141,102.11,99.76,69.1791,1370,"exact"
2023,"seton hall",12.2266,70,106.735,94.5082,66.49,1371,"exact"
2023,"stephen f. austin",3.19588,132,105.469,102.273,69.2759,1372,"exact"
2023,"siena",-2.66612,207,102.298,104.964,66.89,1373,"exact"
2023,"smu",-0.86971,180,103.33,104.2,69.6222,1374,"exact"
2023,"south alabama",7.73904,94,108.183,100.444,65.7589,1375,"exact"
2023,"south carolina",-3.41971,220,103.718,107.138,64.3469,1376,"exact"
2023,"south dakota",-10.132,294,103.347,113.479,66.0416,1377,"exact"
2023,"south florida",1.32324,150,105.936,104.613,68.3555,1378,"exact"
2023,"southern miss",7.31129,98,108.035,100.724,68.5381,1379,"exact"
2023,"southern",-8.85357,274,96.2043,105.058,71.0018,1380,"exact"
2023,"southern utah",5.63585,111,110.151,104.515,71.9191,1381,"exact"
2023,"st. bonaventure",-2.00848,201,101.16,103.169,65.6627,1382,"exact"
2023,"st. francis ny",-21.0292,359,90.2233,111.252,66.1377,1383,"manual"
2023,"st. thomas",-1.80347,198,107.828,109.631,66.0801,1384,"manual"
2023,"st. john's",9.45674,85,107.946,98.4889,73.4505,1385,"exact"
2023,"saint joseph's",-1.50714,195,104.39,105.897,69.3322,1386,"exact"
2023,"saint louis",7.44822,96,111.696,104.248,69.326,1387,"exact"
2023,"saint mary's",21.896,11,113.47,91.5736,61.7454,1388,"exact"
2023,"saint peter's",-11.6642,308,96.9232,108.587,63.0183,1389,"exact"
2023,"stanford",9.76103,83,114.138,104.377,65.7759,1390,"exact"
2023,"stetson",0.20196,165,113.692,113.49,64.6782,1391,"exact"
2023,"stony brook",-14.4698,328,96.0865,110.556,64.1627,1392,"exact"
2023,"syracuse",4.45744,120,110.389,105.932,67.483,1393,"exact"
2023,"texas a&m corpus chris",-0.225051,170,107.367,107.592,69.2572,1394,"manual"
2023,"tcu",18.0633,27,112.366,94.3027,69.8117,1395,"exact"
2023,"temple",4.56629,118,107.288,102.722,66.0451,1396,"exact"
2023,"tennessee",24.7052,5,112.675,87.97,65.5272,1397,"exact"
2023,"tennessee st.",-10.027,292,101.127,111.154,70.9784,1398,"exact"
2023,"tennessee tech",-9.73367,288,101.58,111.314,66.711,1399,"exact"
2023,"texas",24.5707,6,116.581,92.0106,69.1219,1400,"exact"
2023,"texas a&m",18.2834,25,114.483,96.1997,66.1613,1401,"exact"
2023,"texas st.",-1.24522,190,104.756,106.001,63.6457,1402,"exact"
2023,"texas tech",12.9487,61,111.842,98.8933,67.184,1403,"exact"
2023,"tennessee martin",-8.89837,275,101.862,110.76,71.2227,1404,"manual"
2023,"toledo",9.12453,87,119.638,110.513,69.5687,1405,"exact"
2023,"towson",3.49549,130,108.164,104.669,64.9349,1406,"exact"
2023,"troy",3.56133,128,104.835,101.273,67.9159,1407,"exact"
2023,"tulane",6.30411,108,110.238,103.934,73.1046,1408,"exact"
2023,"tulsa",-12.3695,314,98.991,111.36,67.9662,1409,"exact"
2023,"ut rio grande valley",-6.39137,246,103.942,110.334,72.6998,1410,"manual"
2023,"texas southern",-9.71,285,96.5543,106.264,69.324,1411,"exact"
2023,"uab",12.8621,62,112.718,99.8557,70.6091,1412,"exact"
2023,"uc davis",1.15825,154,104.82,103.662,70.5243,1413,"exact"
2023,"uc irvine",7.28911,99,107.743,100.453,69.554,1414,"exact"
2023,"uc riverside",2.69402,137,107.859,105.165,66.8568,1415,"exact"
2023,"ucf",12.5878,65,110.167,97.5795,64.4802,1416,"exact"
2023,"ucla",27.6323,2,114.875,87.2423,66.2741,1417,"exact"
2023,"louisiana",8.20091,92,112.243,104.042,68.4083,1418,"exact"
2023,"umbc",-7.03764,253,105.401,112.438,67.7164,1420,"exact"
2023,"unc asheville",1.50642,146,104.141,102.635,68.5066,1421,"exact"
2023,"unc greensboro",4.93132,116,103.504,98.5725,65.9792,1422,"exact"
2023,"unc wilmington",0.863495,158,102.437,101.574,65.4115,1423,"exact"
2023,"unlv",8.21962,91,107.832,99.6122,69.4701,1424,"exact"
2023,"usc",15.6327,36,113.122,97.4891,68.1465,1425,"exact"
2023,"ut arlington",-6.08981,240,99.903,105.993,65.9164,1426,"exact"
2023,"utsa",-9.97128,289,102.132,112.104,69.1894,1427,"exact"
2023,"utah",11.8482,72,107.687,95.8385,66.2001,1428,"exact"
2023,"utah st.",18.8814,18,117.762,98.8807,68.7801,1429,"exact"
2023,"utah valley",10.8675,79,107.336,96.4684,70.0046,1430,"exact"
2023,"utep",-1.53635,197,99.0933,100.63,67.0327,1431,"exact"
2023,"vcu",13.1498,58,107.195,94.0449,68.0086,1433,"exact"
2023,"valparaiso",-9.98918,291,98.3672,108.356,67.9459,1434,"exact"
2023,"vanderbilt",10.821,80,115.674,104.853,66.7014,1435,"exact"
2023,"vermont",5.42124,113,109.778,104.357,64.6048,1436,"exact"
2023,"villanova",12.979,60,113.818,100.839,63.7473,1437,"exact"
2023,"virginia",16.4114,34,111.166,94.7544,61.5696,1438,"exact"
2023,"virginia tech",10.2119,81,113.895,103.683,66.629,1439,"exact"
2023,"vmi",-19.7066,354,98.3793,118.086,66.735,1440,"exact"
2023,"western carolina",-5.38278,234,103.057,108.439,67.4386,1441,"exact"
2023,"western illinois",-8.07934,263,103.071,111.15,66.7271,1442,"exact"
2023,"western kentucky",-1.04002,186,104.766,105.806,67.6231,1443,"exact"
2023,"western michigan",-13.5881,323,102.801,116.389,65.7137,1444,"exact"
2023,"wagner",-12.8951,318,93.7002,106.595,62.0754,1447,"exact"
2023,"wake forest",8.56981,88,112.087,103.517,69.6046,1448,"exact"
2023,"washington",6.38434,106,105.825,99.4408,69.2257,1449,"exact"
2023,"washington st.",13.2159,57,111.975,98.7589,64.3115,1450,"exact"
2023,"weber st.",-1.3543,191,100.473,101.827,65.2096,1451,"exact"
2023,"west virginia",19.1445,17,117.144,97.9996,68.8537,1452,"exact"
2023,"green bay",-26.3012,361,90.6191,116.92,65.1576,1453,"exact"
2023,"milwaukee",-4.63516,228,103.076,107.712,72.0374,1454,"exact"
2023,"wichita st.",6.51426,103,106.816,100.302,66.29,1455,"exact"
2023,"william & mary",-13.254,320,99.7777,113.032,65.2197,1456,"exact"
2023,"winthrop",-6.59915,248,108.581,115.18,66.9096,1457,"exact"
2023,"wisconsin",11.5381,76,106.444,94.9055,63.1107,1458,"exact"
2023,"wofford",-4.957,232,108.824,113.781,65.1435,1459,"exact"
2023,"wright st.",-1.47065,193,104.435,105.906,71.2876,1460,"exact"
2023,"wyoming",1.24086,153,107.887,106.647,65.7465,1461,"exact"
2023,"xavier",19.693,16,119.297,99.604,70.3573,1462,"exact"
2023,"yale",12.391,67,110.798,98.4067,66.1104,1463,"exact"
2023,"youngstown st.",3.55573,129,112.945,109.389,68.0073,1464,"exact"
2023,"cal baptist",1.03833,156,103.743,102.705,64.1085,1465,"exact"
2023,"north alabama",-6.76684,251,105.305,112.072,68.5744,1466,"exact"
2023,"merrimack",-12.4284,315,89.4866,101.915,66.4031,1467,"exact"
2023,"bellarmine",-7.96523,261,102.438,110.403,62.1799,1468,"exact"
2023,"utah tech",1.45874,148,107.883,106.425,68.6069,1469,"exact"
2023,"uc san diego",-8.53244,269,102.042,110.575,66.0894,1471,"exact"
2023,"st. thomas",-1.80347,198,107.828,109.631,66.0801,1472,"exact"
2023,"lindenwood",-16.6608,339,95.7374,112.398,66.8508,1473,"exact"
2023,"queens",-2.60231,204,107.192,109.795,70.0494,1474,"manual"
2023,"southern indiana",-8.67873,270,103.342,112.021,69.339,1475,"exact"
2023,"stonehill",-15.4642,335,94.6795,110.144,66.2956,1476,"exact"
2023,"texas a&m commerce",-11.0953,303,101.505,112.6,65.395,1477,"manual"
2024,"abilene christian",-4.18638,220,101.509,105.696,68.4072,1101,"exact"
2024,"air force",-7.1866,260,105.902,113.089,61.7838,1102,"exact"
2024,"akron",4.93477,116,106.985,102.05,65.9084,1103,"exact"
2024,"alabama",22.4823,13,125.604,103.121,72.6437,1104,"exact"
2024,"alabama a&m",-15.4481,327,93.5544,109.002,70.292,1105,"exact"
2024,"alabama st.",-12.7269,314,92.9266,105.653,67.0716,1106,"exact"
2024,"albany",-5.71455,244,105.294,111.008,72.9596,1107,"exact"
2024,"alcorn st.",-10.6108,297,106.201,116.811,66.3731,1108,"exact"
2024,"american",-10.2525,294,103.595,113.847,62.7361,1110,"exact"
2024,"appalachian st.",10.1449,79,108.279,98.1343,66.7138,1111,"exact"
2024,"arizona",26.6237,6,121.127,94.5032,71.8363,1112,"exact"
2024,"arizona st.",3.76027,129,103.934,100.174,69.0579,1113,"exact"
2024,"little rock",-2.19746,184,106.975,109.172,68.6472,1114,"exact"
2024,"arkansas pine bluff",-17.1425,336,102.008,119.15,71.7637,1115,"manual"
2024,"arkansas",5.81082,107,110.021,104.21,70.7173,1116,"exact"
2024,"arkansas st.",3.3159,131,113.599,110.283,67.8178,1117,"exact"
2024,"army",-18.8261,345,90.9383,109.764,62.9774,1119,"exact"
2024,"auburn",28.9015,4,120.584,91.682,69.7854,1120,"exact"
2024,"austin peay",-4.73948,225,108.985,113.724,64.2772,1122,"exact"
2024,"ball st.",-7.74555,266,102.999,110.744,66.803,1123,"exact"
2024,"baylor",22.305,14,122.491,100.186,65.6019,1124,"exact"
2024,"belmont",5.34145,113,109.358,104.016,71.1659,1125,"exact"
2024,"bethune cookman",-11.8215,308,97.4354,109.257,69.4474,1126,"fuzzy"
2024,"binghamton",-8.85242,283,102.519,111.372,66.1859,1127,"exact"
2024,"boise st.",16.3813,39,114.005,97.6233,66.7868,1129,"exact"
2024,"boston college",10.4859,75,113.209,102.723,67.0489,1130,"exact"
2024,"boston university",-10.3067,295,98.367,108.674,65.7273,1131,"exact"
2024,"bowling green",-5.45835,241,102.435,107.894,67.4836,1132,"exact"
2024,"bradley",12.4378,64,112.428,99.9897,66.1986,1133,"exact"
2024,"brown",-2.23263,185,104.402,106.635,67.1425,1135,"exact"
2024,"bryant",-0.780761,173,101.111,101.892,74.0682,1136,"exact"
2024,"bucknell",-8.25625,275,100.353,108.609,64.7321,1137,"exact"
2024,"buffalo",-19.5499,347,95.4215,114.971,69.0213,1138,"exact"
2024,"butler",12.2518,67,113.049,100.797,68.3503,1139,"exact"
2024,"byu",21.0093,16,120.487,99.478,69.0567,1140,"exact"
2024,"central michigan",-8.35084,279,96.6188,104.97,64.97,1141,"exact"
2024,"cal poly",-17.5689,338,94.6773,112.246,65.7852,1142,"exact"
2024,"california",4.49139,123,108.981,104.49,68.4041,1143,"exact"
2024,"campbell",-12.2709,311,100.666,112.937,66.5155,1144,"exact"
2024,"canisius",-8.25473,274,100.209,108.464,66.7803,1145,"exact"
2024,"central arkansas",-17.7215,339,97.278,114.999,69.1421,1146,"exact"
2024,"central connecticut",-7.37654,262,101.061,108.437,66.8138,1148,"exact"
2024,"charleston southern",-13.0296,316,95.4562,108.486,66.8016,1149,"exact"
2024,"charlotte",4.71365,119,108.736,104.023,62.3509,1150,"exact"
2024,"chattanooga",2.48652,140,110.403,107.916,66.8901,1151,"exact"
2024,"chicago st.",-11.0615,302,98.8591,109.921,64.4104,1152,"exact"
2024,"cincinnati",16.7245,37,112.253,95.5289,67.2701,1153,"exact"
2024,"the citadel",-7.05097,258,102.975,110.026,65.4045,1154,"exact"
2024,"clemson",16.9367,34,117.427,100.49,66.1043,1155,"exact"
2024,"cleveland st.",-2.36202,189,107.789,110.151,67.2285,1156,"exact"
2024,"coastal carolina",-12.664,313,99.529,112.193,69.4201,1157,"exact"
2024,"charleston",7.60711,98,113.737,106.13,69.7742,1158,"exact"
2024,"colgate",2.15007,145,104.651,102.501,66.2214,1159,"exact"
2024,"colorado",18.4666,26,117.58,99.1138,67.5073,1160,"exact"
2024,"colorado st.",16.603,38,115.379,98.7759,65.8055,1161,"exact"
2024,"columbia",-5.21557,235,106.766,111.982,68.4642,1162,"exact"
2024,"connecticut",32.2129,1,126.609,94.3959,64.4531,1163,"exact"
2024,"coppin st.",-25.8623,361,85.6405,111.503,66.0158,1164,"exact"
2024,"cornell",7.12141,103,113.127,106.005,71.2624,1165,"exact"
2024,"creighton",23.3993,11,120.092,96.6927,67.0282,1166,"exact"
2024,"cal st. bakersfield",-5.86876,246,101.211,107.079,64.724,1167,"manual"
2024,"cal st. fullerton",-5.14863,233,100.217,105.366,66.3316,1168,"exact"
2024,"cal st. northridge",-5.19604,234,100.217,105.413,72.519,1169,"exact"
2024,"sacramento st.",-12.5543,312,98.307,110.861,63.8812,1170,"exact"
2024,"dartmouth",-16.8896,333,93.2883,110.178,65.0319,1171,"exact"
2024,"davidson",4.27296,125,105.577,101.304,65.5257,1172,"exact"
2024,"dayton",17.2976,32,118.604,101.307,64.1751,1173,"exact"
2024,"delaware",-0.567441,169,105.012,105.579,67.3535,1174,"exact"
2024,"delaware st.",-10.0412,291,95.7384,105.78,68.4982,1175,"exact"
2024,"denver",-7.68807,264,107.856,115.544,70.2852,1176,"exact"
2024,"depaul",-11.6687,307,101.175,112.844,67.5254,1177,"exact"
2024,"detroit mercy",-20.6064,351,96.7596,117.366,66.725,1178,"exact"
2024,"drake",14.7142,51,115.619,100.905,67.8374,1179,"exact"
2024,"drexel",4.28608,124,108.315,104.029,64.4267,1180,"exact"
2024,"duke",24.8766,8,121.828,96.9516,66.677,1181,"exact"
2024,"duquesne",9.37095,86,106.921,97.5502,66.3228,1182,"exact"
2024,"eastern illinois",-13.5837,320,96.2142,109.798,66.5999,1183,"exact"
2024,"eastern kentucky",-3.86137,211,107.036,110.897,68.6805,1184,"exact"
2024,"eastern michigan",-15.0097,325,96.923,111.933,65.1819,1185,"exact"
2024,"eastern washington",1.68103,149,112.077,110.396,70.4064,1186,"exact"
2024,"east carolina",-2.38242,190,104.895,107.278,64.8964,1187,"exact"
2024,"siu edwardsville",-9.51403,286,101.359,110.873,67.0453,1188,"exact"
2024,"elon",-13.2534,317,101.866,115.119,67.353,1189,"exact"
2024,"east tennessee st.",-1.01385,175,103.393,104.407,66.967,1190,"exact"
2024,"evansville",-3.6453,207,103.084,106.729,68.4611,1191,"exact"
2024,"fairleigh dickinson",-15.2907,326,98.0186,113.309,72.0926,1192,"exact"
2024,"fairfield",-0.275354,166,108.804,109.079,68.2908,1193,"exact"
2024,"florida atlantic",16.2324,41,118.933,102.701,68.0681,1194,"exact"
2024,"florida gulf coast",-5.46625,242,103.347,108.813,63.7474,1195,"exact"
2024,"florida",18.1881,29,119.32,101.132,71.6891,1196,"exact"
2024,"florida a&m",-18.118,342,93.1738,111.292,68.2448,1197,"exact"
2024,"fiu",-9.05874,284,101.591,110.65,70.1666,1198,"exact"
2024,"florida st.",9.48518,83,110.482,100.997,71.0137,1199,"exact"
2024,"fordham",-2.4391,191,101.209,103.648,68.6033,1200,"exact"
2024,"fresno st.",-5.30314,238,103.582,108.885,65.5172,1201,"exact"
2024,"furman",2.3455,141,109.936,107.59,68.7071,1202,"exact"
2024,"george washington",-3.35921,204,107.286,110.645,69.6554,1203,"exact"
2024,"georgia southern",-8.50492,280,104.825,113.33,68.8587,1204,"exact"
2024,"gardner webb",-3.46914,205,102.368,105.837,69.3221,1205,"exact"
2024,"george mason",8.17669,96,109.505,101.329,63.6,1206,"exact"
2024,"georgetown",-3.08173,202,110.201,113.282,66.5443,1207,"exact"
2024,"georgia",9.04999,90,109.572,100.522,68.2867,1208,"exact"
2024,"georgia st.",-4.12238,219,105.768,109.891,67.8883,1209,"exact"
2024,"georgia tech",3.78329,128,108.945,105.161,67.4721,1210,"exact"
2024,"gonzaga",21.5643,15,121,99.4359,69.0906,1211,"exact"
2024,"grambling st.",-7.81011,267,99.2748,107.085,64.8219,1212,"exact"
2024,"grand canyon",13.9138,53,113.48,99.5663,68.1075,1213,"exact"
2024,"hampton",-17.9826,341,94.5486,112.531,69.6106,1214,"exact"
2024,"harvard",-4.75802,227,102.107,106.865,67.3715,1217,"exact"
2024,"hawaii",-0.343269,167,104.899,105.242,66.0633,1218,"exact"
2024,"high point",5.39765,112,115.896,110.498,68.5222,1219,"exact"
2024,"hofstra",5.3351,114,108.498,103.163,65.6151,1220,"exact"
2024,"holy cross",-19.5656,348,100.796,120.361,65.704,1221,"exact"
2024,"houston",31.7189,2,118.869,87.1503,63.267,1222,"exact"
2024,"houston christian",-21.9777,353,96.7512,118.729,71.3103,1223,"exact"
2024,"howard",-8.26283,276,105.49,113.753,67.5366,1224,"exact"
2024,"idaho",-13.6613,321,98.4546,112.116,64.819,1225,"exact"
2024,"idaho st.",-6.70646,255,103.419,110.125,63.8811,1226,"exact"
2024,"illinois chicago",-2.67271,194,100.896,103.569,68.1225,1227,"manual"
2024,"illinois",23.9874,10,125.554,101.566,69.8866,1228,"exact"
2024,"illinois st.",-1.78662,180,102.648,104.434,63.6156,1229,"exact"
2024,"incarnate word",-18.7138,343,96.5799,115.294,69.8773,1230,"exact"
2024,"indiana",8.67879,93,109.729,101.05,68.424,1231,"exact"
2024,"indiana st.",16.0981,45,118.263,102.165,70.4988,1232,"exact"
2024,"iona",-4.54691,223,103.669,108.216,66.9148,1233,"exact"
2024,"iowa",14.0188,52,119.207,105.188,71.3307,1234,"exact"
2024,"iowa st.",26.7178,5,113.865,87.1473,67.3386,1235,"exact"
2024,"purdue fort wayne",0.819644,160,105.173,104.353,70.5428,1236,"exact"
2024,"iupui",-25.6317,360,92.1142,117.746,67.3322,1237,"exact"
2024,"jackson st.",-12.0866,309,100.412,112.499,68.3826,1238,"exact"
2024,"jacksonville",-8.0904,271,101.118,109.208,65.4693,1239,"exact"
2024,"jacksonville st.",-2.88972,199,102.015,104.905,64.693,1240,"exact"
2024,"james madison",12.9,59,113.86,100.96,69.4735,1241,"exact"
2024,"kansas",19.2258,22,113.385,94.1588,68.9374,1242,"exact"
2024,"kansas st.",12.0764,68,108.434,96.3573,67.2777,1243,"exact"
2024,"kennesaw st.",-7.38062,263,105.34,112.721,73.9803,1244,"exact"
2024,"kent st.",-0.665559,172,106.137,106.803,66.4948,1245,"exact"
2024,"kentucky",20.0246,19,122.715,102.69,72.6509,1246,"exact"
2024,"la salle",-2.74517,195,106.02,108.765,66.5255,1247,"exact"
2024,"lafayette",-13.3092,318,93.6639,106.973,65.2056,1248,"exact"
2024,"lamar",-3.56646,206,104.496,108.063,68.1589,1249,"exact"
2024,"lehigh",-7.28301,261,99.6086,106.892,69.9393,1250,"exact"
2024,"liberty",2.71212,138,109.132,106.42,64.5105,1251,"exact"
2024,"lipscomb",-0.178841,165,112.048,112.227,68.9839,1252,"exact"
2024,"long beach st.",-0.0179405,163,107.739,107.757,71.2551,1253,"exact"
2024,"liu",-18.8221,344,93.3333,112.155,70.2329,1254,"exact"
2024,"longwood",0.959163,157,105.713,104.754,66.7608,1255,"exact"
2024,"louisiana tech",8.32337,95,108.711,100.388,65.6521,1256,"exact"
2024,"louisville",-3.01566,200,105.248,108.264,69.7271,1257,"exact"
2024,"loyola marymount",-2.58152,192,108.23,110.811,64.5887,1258,"exact"
2024,"loyola md",-20.1058,350,93.4204,113.526,65.649,1259,"exact"
2024,"loyola chicago",8.68671,92,105.607,96.9201,68.5933,1260,"exact"
2024,"lsu",8.72032,91,110.09,101.37,69.6085,1261,"exact"
2024,"umass lowell",1.43308,153,106.246,104.813,70.0007,1262,"exact"
2024,"maine",-5.08749,232,97.3015,102.389,65.378,1263,"exact"
2024,"manhattan",-17.1793,337,95.2759,112.455,67.9813,1264,"exact"
2024,"marist",-3.83825,209,97.0725,100.911,64.6772,1265,"exact"
2024,"marquette",22.7368,12,118.295,95.5586,68.9764,1266,"exact"
2024,"marshall",-5.39144,239,101.457,106.849,70.3445,1267,"exact"
2024,"maryland",12.4157,65,107.085,94.6696,65.3778,1268,"exact"
2024,"massachusetts",8.58022,94,111.754,103.174,68.0966,1269,"exact"
2024,"mcneese st.",12.8625,60,114.034,101.171,65.5784,1270,"exact"
2024,"maryland eastern shore",-19.8346,349,89.6891,109.524,67.0357,1271,"exact"
2024,"memphis",10.5446,74,113.072,102.528,71.5081,1272,"exact"
2024,"mercer",-4.00666,214,104.432,108.439,66.011,1273,"exact"
2024,"miami fl",7.44048,102,110.786,103.345,68.4705,1274,"exact"
2024,"miami oh",-6.8309,256,99.7822,106.613,67.3166,1275,"exact"
2024,"michigan",3.82083,127,110.504,106.683,67.3757,1276,"exact"
2024,"michigan st.",20.0344,18,113.763,93.7282,65.1871,1277,"exact"
2024,"minnesota",10.1595,78,114.039,103.879,66.5385,1278,"exact"
2024,"mississippi",9.31301,87,113.964,104.651,66.8405,1279,"exact"
2024,"mississippi st.",17.9796,30,113.66,95.6804,67.0611,1280,"exact"
2024,"missouri",1.67729,150,108.451,106.774,66.5763,1281,"exact"
2024,"umkc",-3.86939,212,101.356,105.225,66.4945,1282,"exact"
2024,"missouri st.",1.65704,151,104.532,102.875,67.7204,1283,"exact"
2024,"monmouth",-2.7636,196,105.747,108.51,67.7366,1284,"exact"
2024,"montana",0.951263,158,111.669,110.718,66.2343,1285,"exact"
2024,"montana st.",-3.90131,213,103.308,107.21,68.7924,1286,"exact"
2024,"morehead st.",5.46886,111,108.991,103.522,64.2339,1287,"exact"
2024,"morgan st.",-16.8317,332,97.3971,114.229,70.7197,1288,"exact"
2024,"mississippi valley st.",-31.2638,362,85.2889,116.553,64.5793,1290,"manual"
2024,"mount st. mary's",-5.99704,249,102.53,108.527,69.0068,1291,"exact"
2024,"middle tennessee",-8.79313,282,98.0758,106.869,65.4296,1292,"exact"
2024,"murray st.",0.654669,162,107.492,106.838,64.3255,1293,"exact"
2024,"northern colorado",-2.82852,197,109.357,112.185,69.8928,1294,"exact"
2024,"north dakota st.",-8.31319,278,104.047,112.36,65.5476,1295,"exact"
2024,"northern illinois",-11.5236,305,102.234,113.757,67.9885,1296,"exact"
2024,"northern kentucky",-2.31485,186,103.21,105.525,68.0003,1297,"exact"
2024,"navy",-14.1184,323,96.8667,110.985,65.4444,1298,"exact"
2024,"north carolina a&t",-19.4357,346,96.0097,115.445,67.6181,1299,"exact"
2024,"north carolina central",-6.65148,254,104.94,111.591,66.5249,1300,"exact"
2024,"nc state",13.0559,58,114.386,101.33,68.0591,1301,"exact"
2024,"nebraska omaha",-6.87755,257,104.095,110.972,67.2826,1303,"exact"
2024,"nebraska",18.1917,28,115.868,97.6758,68.6089,1304,"exact"
2024,"nevada",16.818,36,115.582,98.7643,66.6261,1305,"exact"
2024,"new hampshire",-5.85359,245,100.006,105.86,71.3032,1306,"exact"
2024,"new mexico",18.9369,23,115.408,96.4708,72.6818,1307,"exact"
2024,"new mexico st.",-9.89684,290,99.3298,109.227,66.0778,1308,"exact"
2024,"new orleans",-17.9198,340,97.995,115.915,71.4416,1309,"exact"
2024,"niagara",-7.86936,269,103.373,111.242,67.2547,1310,"exact"
2024,"nicholls st.",-4.936,229,104.701,109.637,66.1329,1311,"exact"
2024,"njit",-16.9165,334,97.5001,114.417,66.1672,1312,"exact"
2024,"norfolk st.",-5.25281,236,103.373,108.625,66.4301,1313,"exact"
2024,"north carolina",24.6454,9,117.798,93.1528,70.4464,1314,"exact"
2024,"north dakota",-5.28164,237,105.442,110.723,66.5924,1315,"exact"
2024,"north florida",-5.43478,240,107.156,112.591,67.0465,1316,"exact"
2024,"north texas",10.8886,73,109.665,98.7762,61.4446,1317,"exact"
2024,"northeastern",-6.23797,252,105.289,111.527,65.6853,1318,"exact"
2024,"northern arizona",-12.1623,310,99.0993,111.262,68.1815,1319,"exact"
2024,"northern iowa",5.54167,110,109.203,103.661,66.6265,1320,"exact"
2024,"northwestern",15.909,46,116.639,100.73,63.7345,1321,"exact"
2024,"northwestern st.",-14.4949,324,97.8355,112.33,67.3274,1322,"exact"
2024,"notre dame",4.23919,126,102.844,98.6046,64.2049,1323,"exact"
2024,"oakland",2.81758,137,108.595,105.778,66.6611,1324,"exact"
2024,"ohio",2.2986,143,109.087,106.788,67.3365,1325,"exact"
2024,"ohio st.",15.5892,47,115.689,100.1,65.4385,1326,"exact"
2024,"oklahoma",16.1155,43,114.268,98.1523,66.9613,1328,"exact"
2024,"oklahoma st.",5.32989,115,109.02,103.69,67.0147,1329,"exact"
2024,"old dominion",-9.70606,287,99.0275,108.734,69.951,1330,"exact"
2024,"oral roberts",-8.64414,281,103.558,112.202,67.5885,1331,"exact"
2024,"oregon",13.4292,55,114.037,100.607,67.1532,1332,"exact"
2024,"oregon st.",0.837469,159,106.899,106.062,65.1177,1333,"exact"
2024,"pacific",-22.9062,359,95.2472,118.153,68.2261,1334,"exact"
2024,"penn",-3.85004,210,109.365,113.215,65.3985,1335,"exact"
2024,"penn st.",10.3355,77,111.386,101.051,69.7034,1336,"exact"
2024,"pepperdine",-4.7506,226,106.178,110.928,67.2836,1337,"exact"
2024,"pittsburgh",16.3634,40,115.895,99.532,65.4488,1338,"exact"
2024,"portland",-10.766,299,103.369,114.135,67.4044,1339,"exact"
2024,"portland st.",-5.93592,248,99.6982,105.634,69.2232,1340,"exact"
2024,"prairie view a&m",-16.9476,335,94.5155,111.463,70.6166,1341,"exact"
2024,"presbyterian",-8.09878,272,103.367,111.465,67.2013,1342,"exact"
2024,"princeton",12.3536,66,117.1,104.746,64.9523,1343,"exact"
2024,"providence",13.5967,54,109.138,95.5411,67.6816,1344,"exact"
2024,"purdue",29.1188,3,124.99,95.8716,67.3768,1345,"exact"
2024,"quinnipiac",-0.355401,168,105.988,106.343,71.2897,1346,"exact"
2024,"radford",-4.91789,228,107.349,112.267,63.4324,1347,"exact"
2024,"rhode island",-3.79983,208,106.678,110.478,68.6288,1348,"exact"
2024,"rice",-4.9951,230,106.62,111.615,65.7562,1349,"exact"
2024,"richmond",9.56644,82,107.468,97.902,66.8344,1350,"exact"
2024,"rider",-4.35751,221,102.972,107.329,67.8885,1351,"exact"
2024,"robert morris",-11.5799,306,101.684,113.264,66.9233,1352,"exact"
2024,"rutgers",7.4856,100,99.2468,91.7612,67.8185,1353,"exact"
2024,"south carolina st.",-10.938,301,99.1325,110.071,68.5303,1354,"exact"
2024,"south dakota st.",2.98785,134,108.663,105.675,67.8606,1355,"exact"
2024,"southern illinois",4.52441,122,109.308,104.783,64.3859,1356,"exact"
2024,"sacred heart",-10.0443,292,102.114,112.158,69.1543,1357,"exact"
2024,"sam houston st.",2.30375,142,105.996,103.692,67.4317,1358,"exact"
2024,"samford",9.79216,81,113.084,103.292,72.4765,1359,"exact"
2024,"san diego",-7.06119,259,100.479,107.54,71.0131,1360,"exact"
2024,"san diego st.",19.6992,21,113.548,93.8489,65.9835,1361,"exact"
2024,"san francisco",11.4506,70,110.378,98.9278,67.2043,1362,"exact"
2024,"san jose st.",-5.91749,247,105.868,111.786,65.6947,1363,"exact"
2024,"uc santa barbara",-3.3451,203,106.347,109.692,67.2327,1364,"exact"
2024,"santa clara",5.60563,109,109.771,104.166,69.0506,1365,"exact"
2024,"usc upstate",-9.85938,288,100.015,109.874,67.0248,1367,"exact"
2024,"southeastern louisiana",-11.1141,303,98.9515,110.066,64.7418,1368,"exact"
2024,"southeast missouri st.",-21.1682,352,91.3124,112.481,69.021,1369,"manual"
2024,"seattle",4.53746,120,105.258,100.72,66.712,1370,"exact"
2024,"seton hall",12.6847,62,112.272,99.5877,66.0186,1371,"exact"
2024,"stephen f. austin",-1.10408,177,101.686,102.79,69.1509,1372,"exact"
2024,"siena",-22.5213,357,90.6488,113.17,65.8997,1373,"exact"
2024,"smu",11.2297,71,111.192,99.9627,67.4279,1374,"exact"
2024,"south alabama",-4.46903,222,104.46,108.929,68.1726,1375,"exact"
2024,"south carolina",15.0562,49,114.702,99.6458,62.8797,1376,"exact"
2024,"south dakota",-13.8244,322,103.142,116.966,68.6039,1377,"exact"
2024,"south florida",9.13126,89,110.401,101.27,67.9524,1378,"exact"
2024,"southern miss",-5.62706,243,101.346,106.973,67.9283,1379,"exact"
2024,"southern",-7.6929,265,97.0593,104.752,67.3967,1380,"exact"
2024,"southern utah",-6.18161,251,105.817,111.999,69.5107,1381,"exact"
2024,"st. bonaventure",7.44855,101,111.612,104.163,65.4847,1382,"exact"
2024,"saint francis",-22.2272,355,94.4255,116.653,65.3233,1383,"fuzzy"
2024,"st. thomas",1.86187,146,107.703,105.842,62.8885,1384,"manual"
2024,"st. john's",18.5034,25,118.37,99.8662,69.2111,1385,"exact"
2024,"saint joseph's",7.51741,99,110.826,103.309,68.3454,1386,"exact"
2024,"saint louis",-2.85674,198,111.387,114.243,69.2802,1387,"exact"
2024,"saint mary's",19.888,20,114.901,95.0135,61.9456,1388,"exact"
2024,"saint peter's",-2.32155,187,98.5891,100.911,63.953,1389,"exact"
2024,"stanford",6.42048,105,110.359,103.939,69.5244,1390,"exact"
2024,"stetson",-4.10409,218,110.263,114.367,66.1635,1391,"exact"
2024,"stony brook",-0.591333,171,106.383,106.974,67.4112,1392,"exact"
2024,"syracuse",9.27618,88,111.021,101.745,70.5849,1393,"exact"
2024,"texas a&m corpus chris",-1.17419,178,100.918,102.092,68.765,1394,"manual"
2024,"tcu",17.2925,33,115.101,97.8086,69.6647,1395,"exact"
2024,"temple",-2.16577,182,102.57,104.736,66.7706,1396,"exact"
2024,"tennessee",25.9708,7,117.028,91.0569,69.1983,1397,"exact"
2024,"tennessee st.",-9.86472,289,98.9704,108.835,68.3411,1398,"exact"
2024,"tennessee tech",-16.59,331,96.3392,112.929,65.4953,1399,"exact"
2024,"texas",18.4035,27,118.527,100.123,67.1597,1400,"exact"
2024,"texas a&m",16.1079,44,116.002,99.8937,65.8397,1401,"exact"
2024,"texas st.",-1.79773,181,100.639,102.437,66.3282,1402,"exact"
2024,"texas tech",18.5449,24,117.945,99.3999,66.6395,1403,"exact"
2024,"tennessee martin",-4.09716,217,106.588,110.685,72.7869,1404,"manual"
2024,"toledo",2.68731,139,112.758,110.07,69.2731,1405,"exact"
2024,"towson",1.83238,147,103.537,101.705,62.2089,1406,"exact"
2024,"troy",3.72653,130,107.198,103.471,69.6177,1407,"exact"
2024,"tulane",2.82245,136,110.825,108.003,72.6229,1408,"exact"
2024,"tulsa",-2.19668,183,103.044,105.241,70.4421,1409,"exact"
2024,"ut rio grande valley",-16.432,330,95.345,111.777,71.2135,1410,"manual"
2024,"texas southern",-8.29913,277,98.5127,106.812,67.7851,1411,"exact"
2024,"uab",6.28169,106,113.683,107.402,67.7969,1412,"exact"
2024,"uc davis",-0.801476,174,102.364,103.166,67.053,1413,"exact"
2024,"uc irvine",10.3462,76,109.436,99.0897,68.3784,1414,"exact"
2024,"uc riverside",-4.0118,216,104.789,108.8,66.9591,1415,"exact"
2024,"ucf",12.838,61,107.671,94.8331,68.3045,1416,"exact"
2024,"ucla",7.70822,97,107.229,99.5204,62.9717,1417,"exact"
2024,"louisiana",1.52005,152,105.926,104.406,68.6791,1418,"exact"
2024,"umbc",-8.22586,273,105.053,113.279,73.021,1420,"exact"
2024,"unc asheville",-0.072353,164,107.479,107.551,68.0688,1421,"exact"
2024,"unc greensboro",1.70652,148,109.169,107.463,64.7091,1422,"exact"
2024,"unc wilmington",4.83345,118,113.35,108.516,65.2276,1423,"exact"
2024,"unlv",10.8914,72,112.333,101.442,64.906,1424,"exact"
2024,"usc",9.41746,85,110.342,100.924,68.0442,1425,"exact"
2024,"ut arlington",4.90999,117,109.109,104.199,70.9761,1426,"exact"
2024,"utsa",-6.64465,253,107.009,113.654,70.4395,1427,"exact"
2024,"utah",14.807,50,113.905,99.0983,69.6026,1428,"exact"
2024,"utah st.",15.1145,48,115.616,100.502,68.5317,1429,"exact"
2024,"utah valley",-0.582975,170,99.904,100.487,67.5843,1430,"exact"
2024,"utep",-1.18629,179,98.4111,99.5974,69.6688,1431,"exact"
2024,"vcu",10.0194,80,109.269,99.2494,65.2374,1433,"exact"
2024,"valparaiso",-10.7582,298,100.251,111.009,67.8565,1434,"exact"
2024,"vanderbilt",-2.3338,188,105.162,107.496,65.564,1435,"exact"
2024,"vermont",6.97711,104,107.124,100.147,63.2315,1436,"exact"
2024,"villanova",16.9342,35,111.59,94.6554,63.2097,1437,"exact"
2024,"virginia",12.075,69,105.423,93.348,59.9109,1438,"exact"
2024,"virginia tech",13.2334,57,115.942,102.709,67.4006,1439,"exact"
2024,"vmi",-22.0366,354,89.2122,111.249,74.5615,1440,"exact"
2024,"western carolina",5.67915,108,109.23,103.551,66.7777,1441,"exact"
2024,"western illinois",-7.87595,270,97.9282,105.804,64.5995,1442,"exact"
2024,"western kentucky",3.06269,132,105.553,102.49,75.1434,1443,"exact"
2024,"western michigan",-11.2948,304,99.9716,111.266,68.4306,1444,"exact"
2024,"wagner",-10.0944,293,95.785,105.879,61.2516,1447,"exact"
2024,"wake forest",17.7911,31,117.572,99.7813,68.1114,1448,"exact"
2024,"washington",12.6735,63,115.107,102.433,71.0502,1449,"exact"
2024,"washington st.",16.2157,42,113.431,97.2153,64.82,1450,"exact"
2024,"weber st.",1.35411,154,108.764,107.41,65.5227,1451,"exact"
2024,"west virginia",2.28979,144,108.424,106.135,68.4342,1452,"exact"
2024,"green bay",-5.08197,231,103.897,108.979,63.5712,1453,"exact"
2024,"milwaukee",-4.62309,224,107.886,112.509,70.0439,1454,"exact"
2024,"wichita st.",1.20838,155,104.746,103.538,67.912,1455,"exact"
2024,"william & mary",-13.5119,319,100.727,114.238,65.7672,1456,"exact"
2024,"winthrop",-1.08588,176,106.932,108.018,66.862,1457,"exact"
2024,"wisconsin",20.6008,17,120.064,99.4627,65.1516,1458,"exact"
2024,"wofford",-2.60265,193,107.479,110.082,65.4893,1459,"exact"
2024,"wright st.",0.759058,161,115.925,115.166,71.3934,1460,"exact"
2024,"wyoming",0.998291,156,108.701,107.703,67.1239,1461,"exact"
2024,"xavier",13.4255,56,112.693,99.2673,70.9528,1462,"exact"
2024,"yale",9.47277,84,110.826,101.353,64.5214,1463,"exact"
2024,"youngstown st.",2.99509,133,108.152,105.157,68.8277,1464,"exact"
2024,"cal baptist",-3.0532,201,102.888,105.941,63.5153,1465,"exact"
2024,"north alabama",-6.09755,250,105.847,111.944,67.7564,1466,"exact"
2024,"merrimack",-4.00971,215,96.8801,100.89,67.313,1467,"exact"
2024,"bellarmine",-12.8493,315,100.398,113.248,64.7776,1468,"exact"
2024,"utah tech",-9.27529,285,99.5718,108.847,70.3033,1469,"exact"
2024,"uc san diego",4.53422,121,111.867,107.333,65.3173,1471,"exact"
2024,"st. thomas",1.86187,146,107.703,105.842,62.8885,1472,"exact"
2024,"lindenwood",-22.3609,356,91.797,114.158,67.0247,1473,"exact"
2024,"queens",-7.81331,268,104.023,111.836,72.6375,1474,"manual"
2024,"southern indiana",-15.7905,328,96.0731,111.864,68.9309,1475,"exact"
2024,"stonehill",-22.8933,358,91.8662,114.759,67.5508,1476,"exact"
2024,"texas a&m commerce",-16.3116,329,94.8616,111.173,66.1308,1477,"manual"
2024,"le moyne",-10.9092,300,100.128,111.037,67.2241,1478,"exact"
2025,"abilene christian",-4.46503,219,97.6324,102.097,69.3532,1101,"exact"
2025,"air force",-12.5655,310,98.9012,111.467,64.3683,1102,"exact"
2025,"akron",6.57907,99,113.689,107.109,71.3708,1103,"exact"
2025,"alabama",29.9317,6,126.511,96.5798,74.8553,1104,"exact"
2025,"alabama a&m",-23.5007,360,92.0141,115.515,70.9783,1105,"exact"
2025,"alabama st.",-9.23758,273,101.41,110.647,67.7458,1106,"exact"
2025,"albany",-9.05481,270,103.231,112.286,67.4509,1107,"exact"
2025,"alcorn st.",-14.5806,325,97.5926,112.173,64.6263,1108,"exact"
2025,"american",-5.97827,237,102.054,108.032,63.4753,1110,"exact"
2025,"appalachian st.",-0.594209,170,101.061,101.655,63.1069,1111,"exact"
2025,"arizona",25.7258,14,122.541,96.8148,69.8563,1112,"exact"
2025,"arizona st.",11.2388,70,112.494,101.255,68.3681,1113,"exact"
2025,"little rock",-5.05521,227,99.1152,104.17,66.8956,1114,"exact"
2025,"arkansas pine bluff",-26.084,363,95.0406,121.125,71.3491,1115,"manual"
2025,"arkansas",17.7146,40,112.929,95.2149,69.3321,1116,"exact"
2025,"arkansas st.",7.93097,91,110.14,102.209,69.7966,1117,"exact"
2025,"army",-14.5069,324,99.8047,114.312,67.5504,1119,"exact"
2025,"auburn",35.0475,4,128.426,93.379,67.5825,1120,"exact"
2025,"austin peay",-9.24424,274,101.81,111.054,66.0576,1122,"exact"
2025,"ball st.",-9.33769,275,103.418,112.756,66.3567,1123,"exact"
2025,"baylor",21.1465,29,120.812,99.6653,64.5156,1124,"exact"
2025,"belmont",3.37927,129,112.311,108.932,70.5295,1125,"exact"
2025,"bethune cookman",-10.5669,288,97.299,107.866,69.0025,1126,"fuzzy"
2025,"binghamton",-13.8833,318,98.79,112.673,65.6727,1127,"exact"
2025,"boise st.",15.9196,50,115.965,100.045,65.1812,1129,"exact"
2025,"boston college",-1.78807,184,105.385,107.174,66.7109,1130,"exact"
2025,"boston university",-12.31,305,98.9921,111.302,63.0373,1131,"exact"
2025,"bowling green",-10.8881,290,98.9047,109.793,68.6751,1132,"exact"
2025,"bradley",7.09358,95,111.473,104.379,65.5664,1133,"exact"
2025,"brown",-3.64557,208,103.115,106.761,65.7533,1135,"exact"
2025,"bryant",1.24635,149,106.746,105.5,72.4625,1136,"exact"
2025,"bucknell",-4.89538,225,102.723,107.618,67.2206,1137,"exact"
2025,"buffalo",-17.5824,340,96.2344,113.817,70.6936,1138,"exact"
2025,"butler",10.5743,77,116.126,105.551,67.3943,1139,"exact"
2025,"byu",22.3936,24,123.002,100.609,67.224,1140,"exact"
2025,"central michigan",-3.08781,199,105.303,108.39,67.1339,1141,"exact"
2025,"cal poly",-1.57644,181,109.537,111.113,74.4165,1142,"exact"
2025,"california",4.6747,112,111.292,106.617,67.4902,1143,"exact"
2025,"campbell",-4.5528,221,101.591,106.143,65.8074,1144,"exact"
2025,"canisius",-22.9595,359,98.9812,121.941,66.1301,1145,"exact"
2025,"central arkansas",-18.1553,346,97.6423,115.798,66.3168,1146,"exact"
2025,"central connecticut",-1.76103,183,99.7232,101.484,65.7469,1148,"exact"
2025,"charleston southern",-11.9709,302,99.6556,111.626,67.2549,1149,"exact"
2025,"charlotte",-7.7587,257,104.52,112.278,64.7939,1150,"exact"
2025,"chattanooga",4.93126,110,115.162,110.231,66.4504,1151,"exact"
2025,"chicago st.",-24.313,362,91.8495,116.163,68.2366,1152,"exact"
2025,"cincinnati",14.8086,55,110.524,95.7158,65.4285,1153,"exact"
2025,"the citadel",-21.7862,356,94.9279,116.714,64.5435,1154,"exact"
2025,"clemson",23.9249,18,118.657,94.7322,64.2485,1155,"exact"
2025,"cleveland st.",-0.382455,168,103.681,104.063,65.2549,1156,"exact"
2025,"coastal carolina",-15.0349,329,100.391,115.426,63.1775,1157,"exact"
2025,"charleston",0.646973,153,106.042,105.395,70.0179,1158,"exact"
2025,"colgate",-7.94293,260,104.624,112.567,67.1691,1159,"exact"
2025,"colorado",9.53375,81,108.786,99.2518,67.6318,1160,"exact"
2025,"colorado st.",17.2919,42,116.224,98.9322,65.9525,1161,"exact"
2025,"columbia",-9.56146,278,106.302,115.864,70.655,1162,"exact"
2025,"connecticut",19.3389,35,121.928,102.59,63.7051,1163,"exact"
2025,"coppin st.",-24.2914,361,87.3266,111.618,67.6902,1164,"exact"
2025,"cornell",3.38318,128,114.898,111.514,70.8582,1165,"exact"
2025,"creighton",18.7077,37,116.921,98.2137,67.0295,1166,"exact"
2025,"cal st. bakersfield",-6.04255,239,106.332,112.374,65.9807,1167,"manual"
2025,"cal st. fullerton",-18.3763,351,93.8473,112.224,68.0679,1168,"exact"
2025,"csun",5.09753,107,109.064,103.966,72.2625,1169,"exact"
2025,"sacramento st.",-17.9325,343,95.3052,113.238,65.4639,1170,"exact"
2025,"dartmouth",-3.30202,205,100.139,103.441,70.9197,1171,"exact"
2025,"davidson",1.56415,148,109.728,108.164,65.8773,1172,"exact"
2025,"dayton",10.9864,74,115.609,104.623,65.8518,1173,"exact"
2025,"delaware",-5.57865,232,109.33,114.909,70.324,1174,"exact"
2025,"delaware st.",-12.4878,307,101.698,114.186,70.1941,1175,"exact"
2025,"denver",-12.5392,309,98.6887,111.228,66.3802,1176,"exact"
2025,"depaul",4.33849,118,109.624,105.285,66.8809,1177,"exact"
2025,"detroit mercy",-17.0163,337,95.0677,112.084,66.9497,1178,"exact"
2025,"drake",14.1399,58,112.597,98.4566,58.8047,1179,"exact"
2025,"drexel",-2.05026,187,103.929,105.98,62.9428,1180,"exact"
2025,"duke",38.1544,1,127.954,89.7995,65.7242,1181,"exact"
2025,"duquesne",2.84463,132,106.095,103.251,65.2138,1182,"exact"
2025,"eastern illinois",-13.3726,315,93.5008,106.873,66.1317,1183,"exact"
2025,"eastern kentucky",-1.72727,182,109.628,111.355,67.5631,1184,"exact"
2025,"eastern michigan",-9.70872,281,104.289,113.998,67.1708,1185,"exact"
2025,"eastern washington",-11.0143,294,101.752,112.766,66.8337,1186,"exact"
2025,"east carolina",-1.09498,176,106.849,107.944,66.5839,1187,"exact"
2025,"siue",-4.31608,217,101.884,106.201,65.8175,1188,"exact"
2025,"elon",-3.00028,197,107.387,110.388,65.0619,1189,"exact"
2025,"east tennessee st.",1.89695,141,106.763,104.866,65.0354,1190,"exact"
2025,"evansville",-8.02815,262,98.232,106.26,66.795,1191,"exact"
2025,"fairleigh dickinson",-12.5078,308,98.2966,110.804,69.1141,1192,"exact"
2025,"fairfield",-15.9342,333,98.1583,114.092,65.985,1193,"exact"
2025,"florida atlantic",4.4488,115,112.323,107.875,68.7239,1194,"exact"
2025,"florida gulf coast",-0.679387,172,108.11,108.79,65.1649,1195,"exact"
2025,"florida",36.1627,2,128.6,92.4375,69.5882,1196,"exact"
2025,"florida a&m",-13.7049,317,101.522,115.227,67.1168,1197,"exact"
2025,"fiu",-7.53061,254,96.5736,104.104,68.3143,1198,"exact"
2025,"florida st.",8.43941,89,108.772,100.333,69.4944,1199,"exact"
2025,"fordham",-5.27283,229,106.39,111.663,69.4518,1200,"exact"
2025,"fresno st.",-7.67209,255,100.848,108.52,70.4954,1201,"exact"
2025,"furman",2.32699,137,109.649,107.322,65.9273,1202,"exact"
2025,"george washington",4.65005,113,107.992,103.342,66.749,1203,"exact"
2025,"georgia southern",-6.98896,251,102.61,109.599,69.3846,1204,"exact"
2025,"gardner webb",-8.12407,264,103.008,111.132,68.9487,1205,"exact"
2025,"george mason",10.303,78,105.951,95.6484,64.5463,1206,"exact"
2025,"georgetown",8.84907,87,108.339,99.4896,68.2088,1207,"exact"
2025,"georgia",19.3878,34,115.396,96.0081,66.4126,1208,"exact"
2025,"georgia st.",-8.23897,266,106.388,114.627,68.8942,1209,"exact"
2025,"georgia tech",7.14042,94,107.679,100.539,68.5441,1210,"exact"
2025,"gonzaga",27.2907,9,123.564,96.2729,70.1658,1211,"exact"
2025,"grambling st.",-13.9099,319,95.168,109.078,63.7699,1212,"exact"
2025,"grand canyon",7.22297,93,107.814,100.591,71.4362,1213,"exact"
2025,"hampton",-4.13294,215,103.711,107.844,65.4965,1214,"exact"
2025,"harvard",-7.67346,256,101.206,108.879,65.4905,1217,"exact"
2025,"hawaii",-4.71916,224,103.121,107.84,65.8452,1218,"exact"
2025,"high point",9.30421,84,118.451,109.147,66.4109,1219,"exact"
2025,"hofstra",-4.49659,220,97.912,102.409,63.5905,1220,"exact"
2025,"holy cross",-13.918,320,101.797,115.715,65.9608,1221,"exact"
2025,"houston",35.4443,3,123.226,87.7815,61.4245,1222,"exact"
2025,"houston christian",-9.56912,279,100.528,110.097,64.7486,1223,"exact"
2025,"howard",-13.2078,312,103.652,116.86,69.9398,1224,"exact"
2025,"idaho",-9.46135,276,107.261,116.722,66.2332,1225,"exact"
2025,"idaho st.",-3.80919,210,105.866,109.676,65.9776,1226,"exact"
2025,"illinois chicago",-0.869703,174,106.922,107.792,69.0837,1227,"manual"
2025,"illinois",23.5646,20,121.626,98.0619,71.3262,1228,"exact"
2025,"illinois st.",1.96018,140,111.87,109.91,65.7,1229,"exact"
2025,"incarnate word",-6.58069,248,105.991,112.572,64.1497,1230,"exact"
2025,"indiana",16.1822,48,113.62,97.4379,67.8936,1231,"exact"
2025,"indiana st.",-3.24699,201,109.023,112.27,72.1846,1232,"exact"
2025,"iona",-7.8991,258,98.6276,106.527,68.0444,1233,"exact"
2025,"iowa",12.8131,64,119.572,106.759,69.5447,1234,"exact"
2025,"iowa st.",26.9956,10,119.432,92.4359,68.5585,1235,"exact"
2025,"purdue fort wayne",-0.0578164,164,109.02,109.078,69.7109,1236,"exact"
2025,"iu indy",-13.3612,314,109.491,122.852,64.7775,1237,"exact"
2025,"jackson st.",-6.61014,249,100.303,106.913,68.259,1238,"exact"
2025,"jacksonville",-1.43457,179,101.716,103.15,67.3897,1239,"exact"
2025,"jacksonville st.",3.92507,123,109.281,105.356,64.7588,1240,"exact"
2025,"james madison",0.0941727,162,110.426,110.331,64.8327,1241,"exact"
2025,"kansas",23.2578,21,115.97,92.712,68.3503,1242,"exact"
2025,"kansas st.",12.2056,67,109.353,97.1478,66.967,1243,"exact"
2025,"kennesaw st.",3.11918,130,107.016,103.897,70.2596,1244,"exact"
2025,"kent st.",2.64665,136,105.397,102.751,66.05,1245,"exact"
2025,"kentucky",24.2581,16,123.783,99.5253,70.9288,1246,"exact"
2025,"la salle",-4.61221,222,103.712,108.324,68.5505,1247,"exact"
2025,"lafayette",-10.6713,289,98.0729,108.744,66.098,1248,"exact"
2025,"lamar",-0.176276,166,101.974,102.15,65.3577,1249,"exact"
2025,"lehigh",-10.2054,282,100.632,110.838,67.2247,1250,"exact"
2025,"liberty",13.5333,62,112.451,98.9175,65.3141,1251,"exact"
2025,"lipscomb",9.48591,83,112.665,103.179,65.8682,1252,"exact"
2025,"long beach st.",-12.0791,303,101.811,113.89,64.0026,1253,"exact"
2025,"liu",-10.3777,285,94.8545,105.232,64.7704,1254,"exact"
2025,"longwood",-3.86208,211,105.933,109.795,68.9737,1255,"exact"
2025,"louisiana tech",3.69539,126,108.866,105.171,64.407,1256,"exact"
2025,"louisville",22.6402,23,118.114,95.4734,68.7455,1257,"exact"
2025,"loyola marymount",0.521459,155,104.146,103.625,67.1433,1258,"exact"
2025,"loyola md",-12.3503,306,100.449,112.8,66.5231,1259,"exact"
2025,"loyola chicago",5.02993,109,107.352,102.322,66.889,1260,"exact"
2025,"lsu",8.65336,88,109.003,100.35,67.9048,1261,"exact"
2025,"umass lowell",-6.2828,244,108.598,114.881,68.5442,1262,"exact"
2025,"maine",-4.41307,218,100.097,104.51,65.8848,1263,"exact"
2025,"manhattan",-5.89088,236,108.456,114.347,67.4431,1264,"exact"
2025,"marist",-9.09852,271,97.1439,106.242,64.0498,1265,"exact"
2025,"marquette",21.5789,28,117.663,96.084,67.5604,1266,"exact"
2025,"marshall",-0.520451,169,106.293,106.813,68.651,1267,"exact"
2025,"maryland",26.3494,12,118.136,91.7865,69.7995,1268,"exact"
2025,"massachusetts",-4.12531,214,102.307,106.432,70.2312,1269,"exact"
2025,"mcneese",13.6856,59,114.253,100.567,65.3487,1270,"exact"
2025,"maryland eastern shore",-22.6466,358,95.7732,118.42,65.5409,1271,"exact"
2025,"memphis",15.3543,51,113.136,97.7819,70.7977,1272,"exact"
2025,"mercer",-8.02396,261,99.2256,107.25,70.9975,1273,"exact"
2025,"miami fl",-2.50144,192,113.476,115.978,67.424,1274,"exact"
2025,"miami oh",0.737468,151,107.757,107.02,68.9445,1275,"exact"
2025,"michigan",22.2758,25,115.994,93.7182,69.4392,1276,"exact"
2025,"michigan st.",27.5733,8,118.142,90.5691,67.7098,1277,"exact"
2025,"minnesota",8.43611,90,110.127,101.691,62.6005,1278,"exact"
2025,"mississippi",22.0886,26,117.842,95.7535,68.0276,1279,"exact"
2025,"mississippi st.",20.105,32,118.739,98.6336,68.1194,1280,"exact"
2025,"missouri",24.4177,15,125.287,100.869,68.193,1281,"exact"
2025,"kansas city",-5.88499,235,100.371,106.256,64.4544,1282,"exact"
2025,"missouri st.",-6.40227,245,100.995,107.397,63.7916,1283,"exact"
2025,"monmouth",-8.57971,267,103.861,112.441,67.0173,1284,"exact"
2025,"montana",0.384426,157,110.778,110.393,67.0251,1285,"exact"
2025,"montana st.",-2.03603,186,105.272,107.308,65.7994,1286,"exact"
2025,"morehead st.",-14.8003,327,97.6294,112.43,63.9458,1287,"exact"
2025,"morgan st.",-15.4206,331,101.613,117.034,70.3599,1288,"exact"
2025,"mississippi valley st.",-42.2171,364,82.5521,124.769,64.7543,1290,"manual"
2025,"mount st. mary's",-6.66958,250,100.145,106.815,67.3584,1291,"exact"
2025,"middle tennessee",4.28282,119,109.091,104.808,68.238,1292,"exact"
2025,"murray st.",1.88481,142,106.378,104.493,64.8084,1293,"exact"
2025,"northern colorado",4.01822,122,112.016,107.998,68.6944,1294,"exact"
2025,"north dakota st.",2.7779,133,115.36,112.582,64.85,1295,"exact"
2025,"northern illinois",-18.1471,345,94.2516,112.399,68.8146,1296,"exact"
2025,"northern kentucky",-5.69766,234,102.582,108.279,66.0673,1297,"exact"
2025,"navy",-9.1708,272,102.276,111.447,66.9315,1298,"exact"
2025,"north carolina a&t",-16.3997,335,96.9492,113.349,68.9987,1299,"exact"
2025,"north carolina central",-14.3316,323,102.735,117.066,66.7537,1300,"exact"
2025,"nc state",3.77916,125,107.555,103.776,65.204,1301,"exact"
2025,"nebraska omaha",0.506969,156,111.049,110.543,67.7016,1303,"exact"
2025,"nebraska",14.8395,54,113.229,98.3894,67.3414,1304,"exact"
2025,"nevada",9.93206,80,112.766,102.834,63.7579,1305,"exact"
2025,"new hampshire",-21.5919,355,93.7753,115.367,67.3044,1306,"exact"
2025,"new mexico",17.3187,41,112.488,95.1691,72.6756,1307,"exact"
2025,"new mexico st.",2.94159,131,104.287,101.346,64.7808,1308,"exact"
2025,"new orleans",-18.3261,349,99.3154,117.642,69.1234,1309,"exact"
2025,"niagara",-14.1197,321,101.115,115.235,65.0405,1310,"exact"
2025,"nicholls",-0.780464,173,105.624,106.405,68.0984,1311,"exact"
2025,"njit",-20.3113,353,93.1959,113.507,66.4413,1312,"exact"
2025,"norfolk st.",-1.52741,180,107.141,108.669,66.3293,1313,"exact"
2025,"north carolina",19.5481,33,118.852,99.3034,70.4314,1314,"exact"
2025,"north dakota",-8.18713,265,107.643,115.83,68.9553,1315,"exact"
2025,"north florida",-7.90364,259,109.532,117.436,72.1517,1316,"exact"
2025,"north texas",11.1169,72,109.348,98.2311,60.4433,1317,"exact"
2025,"northeastern",-3.69981,209,103.615,107.315,67.2906,1318,"exact"
2025,"northern arizona",-6.53373,247,104.237,110.771,66.8416,1319,"exact"
2025,"northern iowa",5.809,101,109.834,104.025,64.9463,1320,"exact"
2025,"northwestern",16.4165,45,113.9,97.4839,64.9435,1321,"exact"
2025,"northwestern st.",-5.24452,228,102.578,107.823,63.9481,1322,"exact"
2025,"notre dame",7.05998,96,111.278,104.218,64.6966,1323,"exact"
2025,"oakland",-1.34003,177,107.123,108.463,63.7992,1324,"exact"
2025,"ohio",-3.10685,200,106.04,109.147,70.2576,1325,"exact"
2025,"ohio st.",18.2951,39,117.608,99.3124,66.991,1326,"exact"
2025,"oklahoma",18.3649,38,119.044,100.68,68.5273,1328,"exact"
2025,"oklahoma st.",6.34547,100,107.715,101.369,71.4246,1329,"exact"
2025,"old dominion",-10.3156,284,100.092,110.407,65.9616,1330,"exact"
2025,"oral roberts",-14.9228,328,102.821,117.744,67.2086,1331,"exact"
2025,"oregon",20.1491,31,116.633,96.4838,67.5981,1332,"exact"
2025,"oregon st.",9.2895,85,116.232,106.942,63.7016,1333,"exact"
2025,"pacific",-10.2677,283,101.408,111.676,66.3991,1334,"exact"
2025,"penn",-10.96,291,103.933,114.893,66.8234,1335,"exact"
2025,"penn st.",13.6471,60,114.66,101.013,69.8432,1336,"exact"
2025,"pepperdine",-4.23354,216,106.361,110.594,69.0389,1337,"exact"
2025,"pittsburgh",13.6264,61,115.686,102.06,66.2018,1338,"exact"
2025,"portland",-8.91526,269,105.774,114.69,68.2515,1339,"exact"
2025,"portland st.",-3.46495,207,100.529,103.994,68.4026,1340,"exact"
2025,"prairie view a&m",-22.1313,357,95.5464,117.678,70.1448,1341,"exact"
2025,"presbyterian",-5.39088,231,104.474,109.864,64.1134,1342,"exact"
2025,"princeton",-1.38378,178,105.298,106.682,66.4348,1343,"exact"
2025,"providence",6.99748,97,112.103,105.105,66.2326,1344,"exact"
2025,"purdue",23.8371,19,124.232,100.394,64.971,1345,"exact"
2025,"quinnipiac",-4.01319,213,102.043,106.056,71.5596,1346,"exact"
2025,"radford",0.685152,152,110.361,109.676,62.7263,1347,"exact"
2025,"rhode island",0.906155,150,108.135,107.229,70.3609,1348,"exact"
2025,"rice",-2.30142,189,106.299,108.6,65.2776,1349,"exact"
2025,"richmond",-6.02317,238,103.026,109.049,63.7064,1350,"exact"
2025,"rider",-13.2856,313,101.683,114.968,64.7666,1351,"exact"
2025,"robert morris",2.08559,139,106.969,104.883,67.7646,1352,"exact"
2025,"rutgers",10.7369,75,115.062,104.325,68.6408,1353,"exact"
2025,"south carolina st.",-2.39932,190,102.604,105.004,69.1463,1354,"exact"
2025,"south dakota st.",2.67671,135,109.652,106.975,68.9486,1355,"exact"
2025,"southern illinois",-2.74025,193,105.585,108.326,67.8895,1356,"exact"
2025,"sacred heart",-8.0569,263,104.678,112.735,70.1645,1357,"exact"
2025,"sam houston st.",-0.968837,175,110.297,111.265,67.5503,1358,"exact"
2025,"samford",4.41244,116,112.515,108.102,70.8857,1359,"exact"
2025,"san diego",-11.2526,296,99.3811,110.634,71.0124,1360,"exact"
2025,"san diego st.",16.3707,46,109.841,93.4701,66.0081,1361,"exact"
2025,"san francisco",12.6823,65,111.713,99.0305,67.7139,1362,"exact"
2025,"san jose st.",-0.107681,165,107.283,107.39,66.3287,1363,"exact"
2025,"uc santa barbara",1.57809,147,108.754,107.175,65.4349,1364,"exact"
2025,"santa clara",14.1429,57,115.849,101.706,68.8239,1365,"exact"
2025,"usc upstate",-17.513,339,98.3682,115.881,72.6553,1367,"exact"
2025,"southeastern louisiana",-2.78543,194,104.566,107.351,66.9188,1368,"exact"
2025,"southeast missouri",-3.28857,204,101.848,105.136,68.8249,1369,"fuzzy"
2025,"seattle",1.59123,146,103.98,102.389,65.8871,1370,"exact"
2025,"seton hall",-3.42286,206,98.7309,102.154,64.428,1371,"exact"
2025,"stephen f. austin",-9.56098,277,95.0551,104.616,67.38,1372,"exact"
2025,"siena",-7.41629,253,102.808,110.224,67.177,1373,"exact"
2025,"smu",16.1852,47,116.616,100.431,68.4416,1374,"exact"
2025,"south alabama",4.09982,121,107.379,103.279,63.0525,1375,"exact"
2025,"south carolina",11.4804,69,110.417,98.9361,65.2691,1376,"exact"
2025,"south dakota",-6.14483,241,109.256,115.401,74.5849,1377,"exact"
2025,"south florida",-2.80717,195,103.487,106.294,68.2342,1378,"exact"
2025,"southern miss",-11.2844,297,97.5963,108.881,70.7872,1379,"exact"
2025,"southern",-5.6855,233,98.939,104.625,68.4837,1380,"exact"
2025,"southern utah",-11.1417,295,98.1231,109.265,68.856,1381,"exact"
2025,"st. bonaventure",5.6308,102,106.263,100.632,64.3076,1382,"exact"
2025,"saint francis",-12.7615,311,99.6749,112.436,66.9185,1383,"fuzzy"
2025,"st. thomas",3.45671,127,113.602,110.145,67.7907,1384,"manual"
2025,"st. john's",26.3781,11,113.892,87.514,70.112,1385,"exact"
2025,"saint joseph's",10.0991,79,110.924,100.825,67.8758,1386,"exact"
2025,"saint louis",5.13815,106,109.299,104.161,67.3213,1387,"exact"
2025,"saint mary's",23.0883,22,115.276,92.1878,61.6752,1388,"exact"
2025,"saint peter's",-11.3953,299,94.8954,106.291,63.8076,1389,"exact"
2025,"stanford",9.51101,82,112.13,102.619,65.9896,1390,"exact"
2025,"stetson",-19.2862,352,99.367,118.653,67.5756,1391,"exact"
2025,"stony brook",-15.7367,332,101.858,117.595,64.3532,1392,"exact"
2025,"syracuse",4.40919,117,110.342,105.933,68.1274,1393,"exact"
2025,"texas a&m corpus chris",0.244409,160,105.961,105.717,67.3535,1394,"manual"
2025,"tcu",8.85337,86,105.81,96.9568,66.5139,1395,"exact"
2025,"temple",-0.609474,171,109.998,110.608,68.6097,1396,"exact"
2025,"tennessee",31.1527,5,120.275,89.122,63.6184,1397,"exact"
2025,"tennessee st.",-7.28707,252,102.186,109.473,70.3272,1398,"exact"
2025,"tennessee tech",-12.2866,304,100.805,113.091,67.6972,1399,"exact"
2025,"texas",17.1519,44,116.677,99.5252,67.352,1400,"exact"
2025,"texas a&m",24.0834,17,116.21,92.1262,66.1359,1401,"exact"
2025,"texas st.",-2.99061,196,109.401,112.392,65.9006,1402,"exact"
2025,"texas tech",28.0517,7,125.287,97.2355,65.409,1403,"exact"
2025,"tennessee martin",-10.9694,292,101.716,112.685,66.2116,1404,"manual"
2025,"toledo",-6.12797,240,112.01,118.138,67.9347,1405,"exact"
2025,"towson",0.63964,154,106.818,106.178,63.5936,1406,"exact"
2025,"troy",6.87603,98,107.654,100.778,66.2893,1407,"exact"
2025,"tulane",2.11729,138,108.753,106.635,66.6299,1408,"exact"
2025,"tulsa",-8.60958,268,101.407,110.016,66.167,1409,"exact"
2025,"ut rio grande valley",-6.20144,242,104.708,110.909,70.3821,1410,"manual"
2025,"texas southern",-9.58999,280,96.5959,106.186,69.8743,1411,"exact"
2025,"uab",5.49271,103,116.777,111.285,68.972,1412,"exact"
2025,"uc davis",-6.4982,246,97.1004,103.599,66.9162,1413,"exact"
2025,"uc irvine",12.3679,66,107.467,95.0986,68.6623,1414,"exact"
2025,"uc riverside",1.60158,145,110.15,108.548,67.0641,1415,"exact"
2025,"ucf",11.5936,68,115.399,103.805,71.8823,1416,"exact"
2025,"ucla",21.763,27,116.85,95.0871,64.889,1417,"exact"
2025,"louisiana",-13.4821,316,97.7193,111.201,66.1667,1418,"exact"
2025,"umbc",-11.3951,298,106.505,117.9,70.354,1420,"exact"
2025,"unc asheville",-3.06481,198,108.994,112.059,68.0976,1421,"exact"
2025,"unc greensboro",1.78557,143,107.159,105.373,63.7742,1422,"exact"
2025,"unc wilmington",5.14265,105,112.281,107.139,65.3115,1423,"exact"
2025,"unlv",7.48872,92,107.515,100.027,65.6916,1424,"exact"
2025,"usc",12.9565,63,116.635,103.678,68.189,1425,"exact"
2025,"ut arlington",-5.02156,226,107.29,112.312,67.5269,1426,"exact"
2025,"utsa",-2.44575,191,107.184,109.63,69.8617,1427,"exact"
2025,"utah",10.6059,76,112.356,101.75,68.7278,1428,"exact"
2025,"utah st.",15.225,52,120.736,105.511,67.5484,1429,"exact"
2025,"utah valley",4.51496,114,106.74,102.225,67.931,1430,"exact"
2025,"utep",0.384418,158,105.236,104.852,68.7275,1431,"exact"
2025,"vcu",20.6057,30,116.302,95.6967,66.0872,1433,"exact"
2025,"valparaiso",-3.86586,212,105.797,109.663,67.9799,1434,"exact"
2025,"vanderbilt",16.1611,49,117.933,101.772,69.4443,1435,"exact"
2025,"vermont",-6.24736,243,99.1487,105.396,62.3564,1436,"exact"
2025,"villanova",14.2532,56,118.223,103.97,62.9957,1437,"exact"
2025,"virginia",5.30003,104,110.654,105.354,61.0964,1438,"exact"
2025,"virginia tech",0.195517,161,106.424,106.229,65.0968,1439,"exact"
2025,"vmi",-10.5388,287,100.227,110.766,68.1124,1440,"exact"
2025,"western carolina",-17.0977,338,95.2215,112.319,70.3286,1441,"exact"
2025,"western illinois",-18.2087,347,98.9955,117.204,64.2252,1442,"exact"
2025,"western kentucky",0.314948,159,103.368,103.053,71.6471,1443,"exact"
2025,"western michigan",-10.9896,293,101.394,112.383,67.7873,1444,"exact"
2025,"wagner",-18.0906,344,92.1633,110.254,60.2726,1447,"exact"
2025,"wake forest",11.2209,71,108.186,96.9655,67.0648,1448,"exact"
2025,"washington",5.03052,108,109.062,104.031,67.6098,1449,"exact"
2025,"washington st.",3.8806,124,111.605,107.725,70.5069,1450,"exact"
2025,"weber st.",-11.4769,300,101.134,112.611,65.5669,1451,"exact"
2025,"west virginia",15.0964,53,109.028,93.9317,64.1609,1452,"exact"
2025,"green bay",-16.0987,334,100.681,116.779,68.891,1453,"exact"
2025,"milwaukee",1.76213,144,107.233,105.471,68.6583,1454,"exact"
2025,"wichita st.",2.67881,134,106.774,104.095,68.5926,1455,"exact"
2025,"william & mary",-5.30888,230,107.279,112.588,71.2244,1456,"exact"
2025,"winthrop",-0.0324316,163,108.303,108.335,72.6426,1457,"exact"
2025,"wisconsin",25.9754,13,122.016,96.0406,67.5878,1458,"exact"
2025,"wofford",4.15774,120,113.636,109.479,64.0307,1459,"exact"
2025,"wright st.",-4.66348,223,109.457,114.121,67.3994,1460,"exact"
2025,"wyoming",-1.98178,185,103.556,105.538,64.5753,1461,"exact"
2025,"xavier",17.1975,43,115.463,98.2653,69.0679,1462,"exact"
2025,"yale",11.0438,73,115.087,104.043,67.1772,1463,"exact"
2025,"youngstown st.",-3.28024,202,102.114,105.394,69.1705,1464,"exact"
2025,"cal baptist",-0.325783,167,105.758,106.084,65.6644,1465,"exact"
2025,"north alabama",4.9072,111,111.94,107.033,66.5257,1466,"exact"
2025,"merrimack",-2.15493,188,99.8679,102.023,64.4191,1467,"exact"
2025,"bellarmine",-17.6591,341,103.756,121.416,66.1436,1468,"exact"
2025,"utah tech",-11.7766,301,101.731,113.508,67.3977,1469,"exact"
2025,"uc san diego",18.7789,36,115.247,96.4676,65.6518,1471,"exact"
2025,"st. thomas",3.45671,127,113.602,110.145,67.7907,1472,"exact"
2025,"lindenwood",-14.7646,326,94.0736,108.838,69.5733,1473,"exact"
2025,"queens",-3.28476,203,106.222,109.507,68.3756,1474,"manual"
2025,"southern indiana",-16.5363,336,98.2356,114.772,66.9214,1475,"exact"
2025,"stonehill",-14.2243,322,100.799,115.023,64.9216,1476,"exact"
2025,"east texas a&m",-15.0825,330,96.4815,111.564,67.2615,1477,"exact"
2025,"le moyne",-20.6527,354,101.154,121.807,68.5239,1478,"exact"
2025,"mercyhurst",-17.8347,342,98.742,116.577,64.6735,1479,"exact"
2025,"west georgia",-18.286,348,96.8147,115.101,67.9766,1480,"exact"
2026,"abilene christian",-6.55718,242,101.109,107.666,67.885,1101,"exact"
2026,"air force",-19.9479,345,95.6268,115.575,66.3684,1102,"exact"
2026,"akron",12.8026,64,118.87,106.068,70.3528,1103,"exact"
2026,"alabama",25.6957,17,129.008,103.313,73.1619,1104,"exact"
2026,"alabama a&m",-12.7251,307,103.989,116.714,65.389,1105,"exact"
2026,"alabama st.",-14.424,318,99.2427,113.667,69.5691,1106,"exact"
2026,"albany",-14.9327,324,103.292,118.225,65.2839,1107,"exact"
2026,"alcorn st.",-20.1703,346,96.3799,116.55,67.3164,1108,"exact"
2026,"american",-6.34674,238,105.604,111.951,66.7418,1110,"exact"
2026,"appalachian st.",-2.33374,195,105.869,108.203,63.0568,1111,"exact"
2026,"arizona",37.645,3,127.696,90.0515,69.8801,1112,"exact"
2026,"arizona st.",12.5174,67,115.772,103.255,69.3049,1113,"exact"
2026,"little rock",-12.9518,311,102.772,115.723,66.7133,1114,"exact"
2026,"arkansas pine bluff",-13.3022,314,104.036,117.339,68.9719,1115,"manual"
2026,"arkansas",25.4208,18,127.518,102.097,71.17,1116,"exact"
2026,"arkansas st.",1.39437,150,110.646,109.252,72.0309,1117,"exact"
2026,"army",-18.407,337,100.127,118.534,67.1564,1119,"exact"
2026,"auburn",18.9949,38,124.796,105.801,67.2361,1120,"exact"
2026,"austin peay",-0.274987,173,108.042,108.317,69.4581,1122,"exact"
2026,"ball st.",-11.3079,294,98.5916,109.9,63.7601,1123,"exact"
2026,"baylor",15.9926,48,122.968,106.976,67.8773,1124,"exact"
2026,"belmont",12.2716,69,120.698,108.427,68.981,1125,"exact"
2026,"bethune cookman",-6.59329,243,103.577,110.171,69.1142,1126,"fuzzy"
2026,"binghamton",-25.5044,359,97.6183,123.123,65.3559,1127,"exact"
2026,"boise st.",13.1967,61,117.041,103.844,65.7922,1129,"exact"
2026,"boston college",1.06945,155,103.769,102.699,66.0344,1130,"exact"
2026,"boston university",-8.01996,262,111.771,119.791,63.1782,1131,"exact"
2026,"bowling green",1.50671,147,107.275,105.768,68.4101,1132,"exact"
2026,"bradley",3.96588,123,111.736,107.77,67.3541,1133,"exact"
2026,"brown",-10.8769,290,97.9708,108.848,66.5724,1135,"exact"
2026,"bryant",-23.0175,355,96.6299,119.647,64.2728,1136,"exact"
2026,"bucknell",-16.6281,331,98.2097,114.838,66.9517,1137,"exact"
2026,"buffalo",-2.79727,199,112.513,115.311,66.5386,1138,"exact"
2026,"butler",9.48646,87,116.117,106.63,68.7512,1139,"exact"
2026,"byu",23.2434,23,125.476,102.233,70.008,1140,"exact"
2026,"central michigan",-9.04011,269,105.974,115.014,67.1933,1141,"exact"
2026,"cal poly",-3.6371,211,109.44,113.077,74.0608,1142,"exact"
2026,"california",11.4361,74,114.084,102.648,68.0861,1143,"exact"
2026,"campbell",-1.46765,182,111.201,112.668,69.8164,1144,"exact"
2026,"canisius",-19.2243,342,95.2841,114.508,64.2656,1145,"exact"
2026,"central arkansas",1.26419,151,110.199,108.935,68.0206,1146,"exact"
2026,"central connecticut",-12.719,306,104.689,117.408,65.1194,1148,"exact"
2026,"charleston southern",-6.47881,241,105.774,112.253,71.6195,1149,"exact"
2026,"charlotte",-1.48327,183,112.98,114.464,63.5022,1150,"exact"
2026,"chattanooga",-12.2603,301,105.41,117.671,67.2721,1151,"exact"
2026,"chicago st.",-19.5783,344,99.4239,119.002,65.3889,1152,"exact"
2026,"cincinnati",17.4914,44,111.223,93.7314,67.5565,1153,"exact"
2026,"the citadel",-20.2873,347,100.666,120.953,64.4258,1154,"exact"
2026,"clemson",19.2428,36,116.551,97.3083,64.2982,1155,"exact"
2026,"cleveland st.",-14.6092,320,109.419,124.028,69.8119,1156,"exact"
2026,"coastal carolina",-6.8616,247,101.785,108.647,66.9008,1157,"exact"
2026,"charleston",-0.185639,172,108.037,108.222,67.6986,1158,"exact"
2026,"colgate",-7.03577,249,107.74,114.775,66.9276,1159,"exact"
2026,"colorado",12.1069,70,118.932,106.825,68.7607,1160,"exact"
2026,"colorado st.",9.49044,86,118.906,109.416,63.0593,1161,"exact"
2026,"columbia",-1.97949,191,108.554,110.533,66.7797,1162,"exact"
2026,"connecticut",27.8621,12,122.008,94.1463,64.5342,1163,"exact"
2026,"coppin st.",-27.5745,363,92.1123,119.687,68.0913,1164,"exact"
2026,"cornell",0.513448,164,119.875,119.362,71.3058,1165,"exact"
2026,"creighton",11.0053,78,116.251,105.246,67.6121,1166,"exact"
2026,"cal st. bakersfield",-15.2752,326,101.935,117.211,70.1406,1167,"manual"
2026,"cal st. fullerton",0.381777,168,109.414,109.032,72.9069,1168,"exact"
2026,"csun",-0.364705,175,108.971,109.336,73.6311,1169,"exact"
2026,"sacramento st.",-8.29779,265,105.891,114.189,71.6768,1170,"exact"
2026,"dartmouth",-9.38941,274,104.779,114.168,69.5997,1171,"exact"
2026,"davidson",4.93371,114,109.622,104.688,63.6742,1172,"exact"
2026,"dayton",11.1064,77,110.896,99.7894,67.0916,1173,"exact"
2026,"delaware",-11.2672,293,104.462,115.73,63.2233,1174,"exact"
2026,"delaware st.",-27.2682,362,87.1078,114.376,65.3943,1175,"exact"
2026,"denver",-5.9938,234,116.022,122.015,67.9548,1176,"exact"
2026,"depaul",6.84187,102,107.149,100.307,66.2965,1177,"exact"
2026,"detroit mercy",-4.14088,217,107.981,112.122,68.8426,1178,"exact"
2026,"drake",-2.62899,197,109.962,112.591,67.2925,1179,"exact"
2026,"drexel",-4.74196,222,102.384,107.126,64.2754,1180,"exact"
2026,"duke",38.9156,1,128.001,89.0857,65.4237,1181,"exact"
2026,"duquesne",3.44324,127,110.724,107.281,68.6444,1182,"exact"
2026,"eastern illinois",-14.8602,323,96.8815,111.742,65.7112,1183,"exact"
2026,"eastern kentucky",-11.6337,297,109.149,120.783,67.3622,1184,"exact"
2026,"eastern michigan",-6.38641,239,101.923,108.309,66.5844,1185,"exact"
2026,"eastern washington",-0.000387539,171,113.103,113.104,67.7371,1186,"exact"
2026,"east carolina",-7.40571,254,103.617,111.023,68.7063,1187,"exact"
2026,"siue",-7.5847,256,99.5179,107.103,64.4349,1188,"exact"
2026,"elon",-5.73284,230,110.09,115.823,66.8795,1189,"exact"
2026,"east tennessee st.",0.444897,167,109.689,109.244,66.1135,1190,"exact"
2026,"evansville",-12.8493,308,101.942,114.791,67.0477,1191,"exact"
2026,"fairleigh dickinson",-17.631,336,100.829,118.46,63.9281,1192,"exact"
2026,"fairfield",-8.10506,263,105.821,113.926,67.0081,1193,"exact"
2026,"florida atlantic",3.31231,129,109.634,106.321,69.6875,1194,"exact"
2026,"florida gulf coast",-6.59985,244,105.579,112.179,67.6106,1195,"exact"
2026,"florida",33.8067,4,125.554,91.7472,70.6229,1196,"exact"
2026,"florida a&m",-13.0199,312,97.9116,110.931,68.3078,1197,"exact"
2026,"fiu",-2.22286,194,107.434,109.657,71.6326,1198,"exact"
2026,"florida st.",13.4961,56,118.431,104.935,70.5071,1199,"exact"
2026,"fordham",0.457711,166,104.614,104.156,64.4418,1200,"exact"
2026,"fresno st.",3.07272,132,107.434,104.361,68.2471,1201,"exact"
2026,"furman",-1.97741,190,107.478,109.456,65.9455,1202,"exact"
2026,"george washington",9.61911,85,117.571,107.952,69.2123,1203,"exact"
2026,"georgia southern",-6.04971,235,110.212,116.262,70.1302,1204,"exact"
2026,"gardner webb",-26.4199,361,95.5753,121.995,69.2665,1205,"exact"
2026,"george mason",7.46798,96,113.086,105.618,63.4085,1206,"exact"
2026,"georgetown",10.893,80,114.63,103.737,66.2381,1207,"exact"
2026,"georgia",20.4791,32,124.7,104.221,71.4624,1208,"exact"
2026,"georgia st.",-12.9454,310,99.3552,112.301,67.8852,1209,"exact"
2026,"georgia tech",0.589101,162,107.701,107.112,70.7365,1210,"exact"
2026,"gonzaga",28.1657,10,122.066,93.9001,68.6664,1211,"exact"
2026,"grambling st.",-11.7716,298,96.885,108.657,67.6388,1212,"exact"
2026,"grand canyon",13.1915,62,111.017,97.8255,68.0469,1213,"exact"
2026,"hampton",-9.19771,272,102.474,111.672,65.3977,1214,"exact"
2026,"harvard",1.21217,152,106.63,105.418,63.0423,1217,"exact"
2026,"hawaii",5.96985,107,107.156,101.186,69.7454,1218,"exact"
2026,"high point",8.40355,92,117.076,108.672,69.9806,1219,"exact"
2026,"hofstra",9.46498,88,114.588,105.123,64.781,1220,"exact"
2026,"holy cross",-16.4333,329,100.841,117.274,65.5996,1221,"exact"
2026,"houston",33.3997,5,124.871,91.4713,63.36,1222,"exact"
2026,"houston christian",-11.1345,292,102.897,114.031,64.4517,1223,"exact"
2026,"howard",-3.17035,207,103.189,106.359,69.0807,1224,"exact"
2026,"idaho",1.53798,145,108.87,107.332,67.8029,1225,"exact"
2026,"idaho st.",-7.07705,250,109.53,116.607,65.5606,1226,"exact"
2026,"illinois chicago",6.19091,105,110.47,104.279,66.4286,1227,"manual"
2026,"illinois",32.0972,7,131.216,99.1185,65.6051,1228,"exact"
2026,"illinois st.",6.66872,103,110.576,103.908,66.7396,1229,"exact"
2026,"incarnate word",-8.48619,266,108.808,117.294,65.5464,1230,"exact"
2026,"indiana",17.1408,45,120.371,103.231,66.1343,1231,"exact"
2026,"indiana st.",-2.8596,201,106.226,109.086,68.0814,1232,"exact"
2026,"iona",-7.73029,259,103.981,111.711,68.8049,1233,"exact"
2026,"iowa",22.4088,25,121.773,99.3642,63.0788,1234,"exact"
2026,"iowa st.",32.3886,6,123.846,91.4572,66.6304,1235,"exact"
2026,"purdue fort wayne",-7.81665,260,105.379,113.196,67.7326,1236,"exact"
2026,"iu indy",-13.8854,317,105.461,119.347,73.2656,1237,"exact"
2026,"jackson st.",-18.8631,341,100.005,118.868,69.5262,1238,"exact"
2026,"jacksonville",-11.4658,295,103.077,114.543,63.431,1239,"exact"
2026,"jacksonville st.",-3.37377,209,105.179,108.553,65.4179,1240,"exact"
2026,"james madison",-3.92373,214,109.156,113.08,66.066,1241,"exact"
2026,"kansas",24.4333,21,118.353,93.9199,67.7245,1242,"exact"
2026,"kansas st.",6.96835,101,113.273,106.305,72.7009,1243,"exact"
2026,"kennesaw st.",0.563043,163,110.648,110.085,71.2431,1244,"exact"
2026,"kent st.",1.49125,148,111.814,110.323,70.2963,1245,"exact"
2026,"kentucky",21.5087,28,120.548,99.0396,68.4232,1246,"exact"
2026,"la salle",-5.89755,233,105.688,111.585,65.867,1247,"exact"
2026,"lafayette",-15.2062,325,100.747,115.953,66.8212,1248,"exact"
2026,"lamar",-6.29065,237,103.111,109.402,65.6478,1249,"exact"
2026,"lehigh",-10.3822,284,102.735,113.117,66.9695,1250,"exact"
2026,"liberty",3.90845,125,117.649,113.74,64.0245,1251,"exact"
2026,"lipscomb",-2.81661,200,106.915,109.731,69.3943,1252,"exact"
2026,"long beach st.",-5.76445,231,105.603,111.367,68.5867,1253,"exact"
2026,"liu",-3.95522,216,105.655,109.61,67.8617,1254,"exact"
2026,"longwood",-9.12613,271,103.47,112.596,68.506,1255,"exact"
2026,"louisiana tech",-2.89948,203,102.935,105.834,64.3419,1256,"exact"
2026,"louisville",25.4129,19,124.069,98.6563,69.7347,1257,"exact"
2026,"loyola marymount",0.69567,161,106.507,105.812,67.0108,1258,"exact"
2026,"loyola md",-14.8186,322,104.24,119.059,68.2602,1259,"exact"
2026,"loyola chicago",-10.1561,280,103.356,113.512,65.6045,1260,"exact"
2026,"lsu",13.1986,60,119.797,106.598,66.6827,1261,"exact"
2026,"umass lowell",-14.628,321,102.658,117.286,69.2188,1262,"exact"
2026,"maine",-20.3409,348,91.6109,111.952,64.7857,1263,"exact"
2026,"manhattan",-16.467,330,104.408,120.875,67.9116,1264,"exact"
2026,"marist",-3.08209,204,99.5711,102.653,66.3875,1265,"exact"
2026,"marquette",9.63881,84,111.834,102.195,68.9327,1266,"exact"
2026,"marshall",-3.1885,208,112.055,115.244,69.3562,1267,"exact"
2026,"maryland",4.23522,120,111.143,106.908,66.2101,1268,"exact"
2026,"massachusetts",-2.60119,196,108.737,111.338,69.9852,1269,"exact"
2026,"mcneese",12.5017,68,114.306,101.805,66.2315,1270,"exact"
2026,"maryland eastern shore",-20.8488,350,94.6377,115.487,63.1472,1271,"exact"
2026,"memphis",2.52339,134,107.146,104.623,70.2556,1272,"exact"
2026,"mercer",-1.96991,189,111.796,113.766,68.9937,1273,"exact"
2026,"miami fl",20.6855,31,121.388,100.703,67.6383,1274,"exact"
2026,"miami oh",8.25969,93,116.806,108.547,70.0338,1275,"exact"
2026,"michigan",38.3549,2,126.703,88.3483,71.2353,1276,"exact"
2026,"michigan st.",28.3113,9,123.095,94.7832,66.1172,1277,"exact"
2026,"minnesota",10.9016,79,114.629,103.728,62.5325,1278,"exact"
2026,"mississippi",12.6154,65,114.068,101.452,66.4096,1279,"exact"
2026,"mississippi st.",6.99873,100,112.71,105.711,69.6901,1280,"exact"
2026,"missouri",15.3702,52,119.494,104.123,66.2435,1281,"exact"
2026,"kansas city",-25.0956,358,92.0592,117.155,69.8612,1282,"exact"
2026,"missouri st.",-3.14306,206,108.981,112.124,65.5408,1283,"exact"
2026,"monmouth",-0.898526,180,106.094,106.993,67.1461,1284,"exact"
2026,"montana",-1.71946,186,106.776,108.495,69.6641,1285,"exact"
2026,"montana st.",3.00056,133,110.991,107.991,65.9305,1286,"exact"
2026,"morehead st.",-10.3417,283,106.89,117.231,65.413,1287,"exact"
2026,"morgan st.",-21.7804,353,99.4165,121.197,70.7686,1288,"exact"
2026,"mississippi valley st.",-31.3304,365,90.3553,121.686,67.0545,1290,"manual"
2026,"mount st. mary's",-9.61216,277,99.4449,109.057,67.5695,1291,"exact"
2026,"middle tennessee",-0.660221,178,109.174,109.834,65.8336,1292,"exact"
2026,"murray st.",4.13131,122,116.307,112.176,71.6196,1293,"exact"
2026,"northern colorado",1.87507,141,112.286,110.411,68.7615,1294,"exact"
2026,"north dakota st.",5.13885,113,111.767,106.628,66.3838,1295,"exact"
2026,"northern illinois",-17.2258,333,97.0681,114.294,67.5149,1296,"exact"
2026,"northern kentucky",-0.57683,176,109.571,110.148,70.2672,1297,"exact"
2026,"navy",1.84759,142,107.405,105.557,65.1732,1298,"exact"
2026,"north carolina a&t",-10.9786,291,105.227,116.206,68.5789,1299,"exact"
2026,"north carolina central",-21.1316,352,100.099,121.231,65.8196,1300,"exact"
2026,"nc state",19.5982,34,124.077,104.479,69.1438,1301,"exact"
2026,"nebraska omaha",-8.00425,261,106.162,114.166,67.0607,1303,"exact"
2026,"nebraska",26.1132,14,118.573,92.4596,66.7922,1304,"exact"
2026,"nevada",11.3007,75,115.721,104.42,66.1665,1305,"exact"
2026,"new hampshire",-20.716,349,95.2904,116.006,67.5234,1306,"exact"
2026,"new mexico",15.8067,50,117.114,101.308,69.8536,1307,"exact"
2026,"new mexico st.",-1.6019,184,108.725,110.327,67.0023,1308,"exact"
2026,"new orleans",-2.19224,193,109.746,111.938,69.7853,1309,"exact"
2026,"niagara",-18.4927,338,99.6462,118.139,62.1728,1310,"exact"
2026,"nicholls",-6.22813,236,105.794,112.022,68.2592,1311,"exact"
2026,"njit",-16.8763,332,96.5701,113.446,67.8814,1312,"exact"
2026,"norfolk st.",-15.3746,327,101.389,116.764,68.2838,1313,"exact"
2026,"north carolina",20.8506,29,121.416,100.566,67.9974,1314,"exact"
2026,"north dakota",-9.51235,275,106.834,116.347,67.2633,1315,"exact"
2026,"north florida",-17.4599,335,106.977,124.437,70.5068,1316,"exact"
2026,"north texas",2.46364,136,103.385,100.921,65.0988,1317,"exact"
2026,"northeastern",-10.6042,286,107.519,118.124,69.656,1318,"exact"
2026,"northern arizona",-14.4768,319,105.154,119.631,63.8614,1319,"exact"
2026,"northern iowa",11.836,71,110.026,98.1897,62.3511,1320,"exact"
2026,"northwestern",13.3738,58,117.524,104.15,65.1206,1321,"exact"
2026,"northwestern st.",-10.201,281,102.275,112.476,64.8226,1322,"exact"
2026,"notre dame",8.88209,89,115.53,106.648,66.0147,1323,"exact"
2026,"oakland",0.21852,169,115.279,115.06,69.8804,1324,"exact"
2026,"ohio",-5.57153,228,107.908,113.479,68.8802,1325,"exact"
2026,"ohio st.",22.2824,26,124.39,102.108,66.1244,1326,"exact"
2026,"oklahoma",18.3465,40,124.17,105.824,66.3013,1328,"exact"
2026,"oklahoma st.",12.5624,66,120.049,107.487,72.1075,1329,"exact"
2026,"old dominion",-7.00102,248,106.043,113.044,69.0167,1330,"exact"
2026,"oral roberts",-12.8926,309,102.049,114.941,67.8028,1331,"exact"
2026,"oregon",7.01983,99,111.65,104.63,65.9637,1332,"exact"
2026,"oregon st.",-0.645209,177,109.206,109.851,65.183,1333,"exact"
2026,"pacific",5.43868,112,110.728,105.289,64.3551,1334,"exact"
2026,"penn",0.807622,159,106.846,106.039,69.1995,1335,"exact"
2026,"penn st.",2.18391,138,114.082,111.898,67.5186,1336,"exact"
2026,"pepperdine",-8.13061,264,105.263,113.393,68.6666,1337,"exact"
2026,"pittsburgh",7.60162,94,113.74,106.138,63.6038,1338,"exact"
2026,"portland",-2.86752,202,106.081,108.949,68.5223,1339,"exact"
2026,"portland st.",1.52725,146,103.52,101.993,68.0458,1340,"exact"
2026,"prairie view a&m",-10.6768,288,101.231,111.908,71.0236,1341,"exact"
2026,"presbyterian",-9.07155,270,103.192,112.264,64.2296,1342,"exact"
2026,"princeton",-7.16872,252,105.476,112.644,63.5693,1343,"exact"
2026,"providence",11.7886,72,121.081,109.292,71.3204,1344,"exact"
2026,"purdue",30.4966,8,131.024,100.527,64.6497,1345,"exact"
2026,"quinnipiac",-4.23003,219,104.204,108.434,69.9431,1346,"exact"
2026,"radford",-7.67386,257,106.296,113.969,70.6631,1347,"exact"
2026,"rhode island",2.47903,135,105.875,103.396,65.7849,1348,"exact"
2026,"rice",-5.22904,226,108.607,113.837,65.5928,1349,"exact"
2026,"richmond",0.800429,160,111.319,110.519,67.7107,1350,"exact"
2026,"rider",-24.4418,357,95.6937,120.136,65.8459,1351,"exact"
2026,"robert morris",1.70206,144,110.784,109.082,64.522,1352,"exact"
2026,"rutgers",3.91477,124,110.474,106.559,66.9152,1353,"exact"
2026,"south carolina st.",-23.5459,356,95.2569,118.803,68.7401,1354,"exact"
2026,"south dakota st.",-4.31015,220,108.003,112.313,66.8622,1355,"exact"
2026,"southern illinois",4.56126,116,103.801,99.2396,68.9584,1356,"exact"
2026,"sacred heart",-11.568,296,107.201,118.769,68.4977,1357,"exact"
2026,"sam houston st.",5.56848,111,113.5,107.932,70.1335,1358,"exact"
2026,"samford",-3.94752,215,109.641,113.589,67.3187,1359,"exact"
2026,"san diego",-4.97363,224,108.226,113.2,68.0748,1360,"exact"
2026,"san diego st.",16.4061,47,113.294,96.8883,68.8113,1361,"exact"
2026,"san francisco",4.22055,121,113.654,109.434,66.0255,1362,"exact"
2026,"san jose st.",-5.00286,225,112.174,117.177,65.2056,1363,"exact"
2026,"uc santa barbara",3.17129,130,113.77,110.598,64.4399,1364,"exact"
2026,"santa clara",19.4206,35,123.684,104.263,69.2405,1365,"exact"
2026,"usc upstate",-12.3971,302,98.9832,111.38,67.5644,1367,"exact"
2026,"southeastern louisiana",-10.5727,285,99.6973,110.27,65.5385,1368,"exact"
2026,"southeast missouri",-5.83784,232,102.192,108.03,68.9489,1369,"fuzzy"
2026,"seattle",4.513,119,102.254,97.7411,67.691,1370,"exact"
2026,"seton hall",15.7064,51,110.504,94.7978,65.1684,1371,"exact"
2026,"stephen f. austin",8.43383,91,112.668,104.235,65.8347,1372,"exact"
2026,"siena",-2.10717,192,107.154,109.261,64.7113,1373,"exact"
2026,"smu",18.1071,42,122.926,104.819,68.6229,1374,"exact"
2026,"south alabama",-3.14294,205,107.076,110.219,64.683,1375,"exact"
2026,"south carolina",7.53543,95,112.554,105.018,66.4274,1376,"exact"
2026,"south dakota",-10.2633,282,104.332,114.595,69.9062,1377,"exact"
2026,"south florida",15.8159,49,117.687,101.871,71.6662,1378,"exact"
2026,"southern miss",-4.16582,218,105.261,109.427,69.3458,1379,"exact"
2026,"southern",-9.754,279,104.67,114.424,69.9894,1380,"exact"
2026,"southern utah",-7.13427,251,106.571,113.705,70.3041,1381,"exact"
2026,"st. bonaventure",2.16989,139,113.728,111.558,67.3463,1382,"exact"
2026,"saint francis",-22.2596,354,99.5186,121.778,70.0264,1383,"fuzzy"
2026,"st. thomas",5.88354,109,114.04,108.157,68.3234,1384,"manual"
2026,"st. john's",25.8979,16,120.089,94.1908,69.6472,1385,"exact"
2026,"saint joseph's",4.52242,118,107.305,102.783,68.1015,1386,"exact"
2026,"saint louis",18.3268,41,119.475,101.148,71.0591,1387,"exact"
2026,"saint mary's",23.1406,24,120.292,97.1513,65.2406,1388,"exact"
2026,"saint peter's",-7.52442,255,102.99,110.514,65.5795,1389,"exact"
2026,"stanford",13.3809,57,117.087,103.706,66.8217,1390,"exact"
2026,"stetson",-12.5385,303,105.272,117.811,66.739,1391,"exact"
2026,"stony brook",-5.51725,227,105.188,110.706,66.3297,1392,"exact"
2026,"syracuse",9.73826,83,114.648,104.91,67.4691,1393,"exact"
2026,"texas a&m corpus chris",-0.278946,174,104.835,105.114,66.078,1394,"manual"
2026,"tcu",17.5995,43,115.423,97.8237,67.7521,1395,"exact"
2026,"temple",0.492956,165,111.683,111.19,64.9916,1396,"exact"
2026,"tennessee",26.0697,15,121.08,95.0107,65.0525,1397,"exact"
2026,"tennessee st.",-1.82078,187,109.115,110.936,70.2846,1398,"exact"
2026,"tennessee tech",-13.3282,315,102.533,115.861,66.8765,1399,"exact"
2026,"texas",19.0294,37,124.987,105.958,66.9631,1400,"exact"
2026,"texas a&m",18.6633,39,119.712,101.049,70.5396,1401,"exact"
2026,"texas st.",-6.6466,245,103.978,110.624,66.0812,1402,"exact"
2026,"texas tech",25.1652,20,125.047,99.8823,66.2649,1403,"exact"
2026,"tennessee martin",-4.80401,223,100.455,105.259,64.235,1404,"manual"
2026,"toledo",3.15428,131,114.516,111.362,67.8628,1405,"exact"
2026,"towson",0.988746,156,105.752,104.763,63.5165,1406,"exact"
2026,"troy",1.72129,143,110.743,109.021,64.965,1407,"exact"
2026,"tulane",-3.63946,212,107.713,111.353,66.943,1408,"exact"
2026,"tulsa",12.9956,63,121.107,108.111,67.9426,1409,"exact"
2026,"ut rio grande valley",4.57456,115,110.986,106.411,66.434,1410,"manual"
2026,"texas southern",-13.3356,316,101.702,115.037,68.8352,1411,"exact"
2026,"uab",3.44314,128,109.82,106.377,69.1426,1412,"exact"
2026,"uc davis",0.890922,158,108.013,107.122,69.023,1413,"exact"
2026,"uc irvine",6.21627,104,104.963,98.7469,68.2445,1414,"exact"
2026,"uc riverside",-7.6898,258,103.984,111.674,68.5235,1415,"exact"
2026,"ucf",15.0491,54,120.478,105.429,69.2945,1416,"exact"
2026,"ucla",21.6391,27,123.758,102.119,64.7197,1417,"exact"
2026,"louisiana",-13.2744,313,100.118,113.393,63.2918,1418,"exact"
2026,"umbc",-1.682,185,108.22,109.902,66.2695,1420,"exact"
2026,"unc asheville",-6.73632,246,104.713,111.449,64.8403,1421,"exact"
2026,"unc greensboro",-12.2133,300,107.617,119.83,67.724,1422,"exact"
2026,"unc wilmington",5.78884,110,111.9,106.111,65.1405,1423,"exact"
2026,"unlv",5.96291,108,115.066,109.103,69.8688,1424,"exact"
2026,"usc",10.7955,81,113.561,102.766,70.6333,1425,"exact"
2026,"ut arlington",1.13479,153,102.634,101.499,64.9127,1426,"exact"
2026,"utsa",-18.6431,340,99.6495,118.293,68.6297,1427,"exact"
2026,"utah",3.64614,126,114.685,111.039,66.0432,1428,"exact"
2026,"utah st.",20.7384,30,122.127,101.388,67.7791,1429,"exact"
2026,"utah valley",8.82363,90,112.843,104.019,68.7407,1430,"exact"
2026,"utep",-9.57819,276,100.88,110.458,65.5574,1431,"exact"
2026,"vcu",16.9791,46,119.959,102.979,68.7113,1433,"exact"
2026,"valparaiso",0.984034,157,108.156,107.172,65.1761,1434,"exact"
2026,"vanderbilt",28.1309,11,127.309,99.178,69.0148,1435,"exact"
2026,"vermont",-6.44367,240,106.136,112.58,64.93,1436,"exact"
2026,"villanova",19.9564,33,120.403,100.447,65.278,1437,"exact"
2026,"virginia",26.7195,13,122.539,95.8198,65.8201,1438,"exact"
2026,"virginia tech",13.685,55,117.261,103.576,67.094,1439,"exact"
2026,"vmi",-26.2721,360,98.6135,124.886,66.8085,1440,"exact"
2026,"western carolina",-5.58361,229,109.182,114.765,67.8577,1441,"exact"
2026,"western illinois",-28.4674,364,92.878,121.345,66.6318,1442,"exact"
2026,"western kentucky",0.0446488,170,108.52,108.475,69.9341,1443,"exact"
2026,"western michigan",-9.23245,273,107.778,117.011,67.7522,1444,"exact"
2026,"wagner",-12.6931,305,102.546,115.239,65.5258,1447,"exact"
2026,"wake forest",11.4387,73,117.051,105.612,68.1405,1448,"exact"
2026,"washington",15.1139,53,117.254,102.14,67.164,1449,"exact"
2026,"washington st.",2.33944,137,113.975,111.635,67.8918,1450,"exact"
2026,"weber st.",-2.64066,198,111.582,114.222,68.5617,1451,"exact"
2026,"west virginia",13.2662,59,110.017,96.7512,62.3119,1452,"exact"
2026,"green bay",-3.47923,210,112.571,116.05,62.9359,1453,"exact"
2026,"milwaukee",-8.82686,268,106.507,115.334,67.431,1454,"exact"
2026,"wichita st.",10.3213,82,113.529,103.207,66.2822,1455,"exact"
2026,"william & mary",1.4883,149,110.978,109.49,72.6289,1456,"exact"
2026,"winthrop",1.11007,154,111.662,110.552,70.0549,1457,"exact"
2026,"wisconsin",23.3866,22,125.403,102.017,68.7807,1458,"exact"
2026,"wofford",-7.32863,253,109.157,116.486,67.876,1459,"exact"
2026,"wright st.",2.05235,140,112.087,110.035,67.2466,1460,"exact"
2026,"wyoming",7.40407,98,115.144,107.74,66.055,1461,"exact"
2026,"xavier",7.45832,97,116.918,109.46,70.3245,1462,"exact"
2026,"yale",11.1998,76,121.084,109.885,64.506,1463,"exact"
2026,"youngstown st.",-3.91518,213,105.55,109.466,67.2757,1464,"exact"
2026,"cal baptist",5.99655,106,107.953,101.957,65.8887,1465,"exact"
2026,"north alabama",-19.2609,343,99.5492,118.81,64.8774,1466,"exact"
2026,"merrimack",-0.855903,179,106.55,107.406,63.5032,1467,"exact"
2026,"bellarmine",-9.6458,278,116.519,126.165,64.7058,1468,"exact"
2026,"utah tech",-1.87449,188,110.928,112.802,66.3839,1469,"exact"
2026,"uc san diego",4.53205,117,107.875,103.343,67.2611,1471,"exact"
2026,"st. thomas",5.88354,109,114.04,108.157,68.3234,1472,"exact"
2026,"lindenwood",-8.50731,267,100.495,109.003,72.4425,1473,"exact"
2026,"queens",-1.43875,181,115.794,117.233,69.6786,1474,"manual"
2026,"southern indiana",-18.609,339,95.5432,114.152,67.5771,1475,"exact"
2026,"stonehill",-17.3226,334,91.722,109.045,66.4213,1476,"exact"
2026,"east texas a&m",-10.8232,289,100.697,111.52,68.2488,1477,"exact"
2026,"le moyne",-11.8112,299,102.006,113.817,69.5782,1478,"exact"
2026,"mercyhurst",-10.6724,287,101.244,111.916,64.8713,1479,"exact"
2026,"west georgia",-12.5435,304,101.596,114.139,69.2429,1480,"exact"
2026,"new haven",-16.0831,328,96.1432,112.226,63.3767,1481,"exact"
